Summary,Issue key,Issue id,Issue Type,Status,Project key,Project name,Project type,Project lead,Project lead id,Project description,Project url,Priority,Resolution,Assignee,Assignee Id,Reporter,Reporter Id,Creator,Creator Id,Created,Updated,Last Viewed,Resolved,Affects versions,Fix versions,Due date,Votes,Labels,Labels,Labels,Labels,Labels,Labels,Description,Environment,Watchers,Watchers,Watchers,Watchers Id,Watchers Id,Watchers Id,Original estimate,Remaining Estimate,Time Spent,Work Ratio,Σ Original Estimate,Σ Remaining Estimate,Σ Time Spent,Security Level,Inward issue link (Blocks),Outward issue link (Blocks),Outward issue link (Blocks),Outward issue link (Blocks),Outward issue link (Blocks),Inward issue link (Cloners),Outward issue link (Cloners),Inward issue link (Polaris work item link),Outward issue link (Polaris work item link),Inward issue link (Relates),Outward issue link (Relates),Outward issue link (Relates),Outward issue link (Work item split),Inward issue link (depends on ),Inward issue link (depends on ),Outward issue link (depends on ),Attachment,Attachment,Attachment,Attachment,Attachment,Custom field (AGS Scrum Team),Custom field (AHA Feature Link),Custom field (AI Capitalization Rationale),Custom field (AI Capitalization Recommendation),Custom field (Acceptance Criteria),Custom field (Affected services),Custom field (Agent Sessions),Custom field (Aging Bucket),Custom field (Application Name),Custom field (Approvals),Custom field (Approximate Email count (Bulk Email Request Only)),Custom field (Architecture Analysis),Custom field (Atlassian Project),Custom field (Atlassian project),Custom field (Atlassian project status),Custom field (Audit/Fraud Prevention),Custom field (Automated Test),Custom field (Available in SSRT?),Custom field (BA Owner),Custom field (Bulk Email Content),Custom field (Business Problem/ Use Case),Custom field (Carryover Indicator),Custom field (Category),Custom field (Category),Custom field (Checklist Completed),Custom field (Checklist Content YAML),Custom field (Checklist Progress),Custom field (Checklist Progress %),Custom field (Checklist Text),Custom field (Checklist Text (view-only)),Custom field (Closed Date),Custom field (Comments),Custom field (Company),Custom field (Complexity),Custom field (Component),Custom field (Confidence),Custom field (Corporate Goals),Custom field (Current Functionality),Custom field (Cycle - Time),Custom field (Cycle End Date),Custom field (Cycle Start Date),Custom field (Cycle Time),Custom field (DW Analysis),Custom field (Data Quality Impact),Custom field (Data Warehouse Dependency?),Custom field (Data verification details),Custom field (DataOps Analysis),Custom field (Date Email Should be Sent (Bulk Email Request Only)),Custom field (Defect Severity),Custom field (Delivery Method),Custom field (Delivery details),Custom field (Delivery progress),Custom field (Delivery status),Custom field (Department (Process Automation)),Custom field (Dependent On (Dept)),Custom field (Designs ready),Custom field (Desired Release Date),Custom field (Dev Estimate),Custom field (Dev owner),Custom field (DevOps Analysis),Custom field (Development),Custom field (Discovered by Automation Test Suite?),Custom field (Documents),Custom field (Does this functionality impact Kofax/CSR application?),Custom field (Due Date Driver),Custom field (Due Date for Testing),Custom field (Due date reason),Custom field (Effort),Custom field (Email Criteria),Custom field (Epic Color),Custom field (Epic Name),Custom field (Epic Status),Custom field (Escalate),Custom field (Estimate),Custom field (Estimate time save),Custom field (Estimated Annual Cost (After Trial)),Custom field (Estimated Number of Sprints),Custom field (Estimated Sprint Hours),Custom field (Evaluation Outcome),Custom field (Executive Project Summary),Custom field (Expected Functionality),Custom field (Expedite),Custom field (External issue ID),Custom field (External issue ID),Custom field (Feature Reference Number (AHA)),Custom field (Finished Date),Custom field (First Observed Date),Custom field (Fixed Date),Custom field (Flagged),Custom field (Flow Efficiency),Custom field (Focus Areas),Custom field (Fortify Project),Custom field (Freshservice Ticket),Custom field (Go2Project Name (log development hours)),Custom field (Goals),Custom field (Has a workable alternative been identified?),Custom field (Idea archived),Custom field (Idea archived on),Custom field (Idea short description),"Custom field (If this is a Price and Performance change, which share class is the request for?)",Custom field (Impact),Custom field (Impact if request not fulfilled),Custom field (Impact score),Custom field (In Service Date),Custom field (Initiative (test)),Custom field (Initiatives),Custom field (Insights),Custom field (Intake Period),Custom field (Issue color),Custom field (Item of Concern),Custom field (Jira Link),Custom field (Last Observed Date ),Custom field (Lead Time),Custom field (Lead-Time),Custom field (Legal Requirements),Custom field (Linked items),Custom field (Locked forms),Custom field (Logged time hours ),Custom field (Monthly Release),Custom field (Observation Date),Custom field (Observed Epic),Custom field (Open forms),Custom field (Outcome Actions),Custom field (Output format),Custom field (Outstanding Story Points),Custom field (Parent Epic Name),Custom field (Parent Project),Custom field (Partner),Custom field (Phase),Custom field (Plan Name),Custom field (Plans Impacted),Custom field (Plans Impacted),Custom field (Platform),Custom field (Points),Custom field (Priority Ranking),Custom field (Priority for Arch/Infra stories),Custom field (Problem Statement),Custom field (Project Cycle Time),Custom field (Project ID),Custom field (Project Lead Time),Custom field (Project overview key),Custom field (Project overview status),Custom field (Project start),Custom field (Project target),Custom field (Proposed Resolution),Custom field (QA Estimates),Custom field (QA owner),Custom field (QIP Capitalization Bucket),Custom field (Queue Time),Custom field (Queue-Time),Custom field (RM Response Provided),Custom field (RM Response SLA),Custom field (RT Link),Custom field (RT Ticket Creation Date/Time),Custom field (RT Ticket Email Address),Custom field (RT Ticket Number),Custom field (RT#),Custom field (Rank),Custom field (Reason for Concern),Custom field (Record Reconciliation Details),Custom field (Reference Item),Custom field (Refined Stories),Custom field (Regulatory Compliance?),Custom field (Related Documents),Custom field (Removed (Hyperion Date)),Custom field (Report Details),Custom field (Report Focus),Custom field (Request Details),Custom field (Request Purpose),Custom field (Request Type),Custom field (Request Type),Custom field (Request language),Custom field (Request participants),Custom field (Requested by),Custom field (Requesting Team / Department),Custom field (Requestor),Custom field (Reusability),Custom field (Risks),Custom field (Roadmap),Custom field (Root Cause Analysis),Custom field (Root Cause Category (RCC)),Custom field (Rovo Project Business Description),Custom field (Rule Category),Custom field (Rule ID),Satisfaction rating,Custom field (Satisfaction date),Custom field (Schedule),Custom field (Sentiment),Custom field (Severity),Custom field (Severity),Custom field (Severity Level (drop-down)),Custom field (Severity for Bugs),Custom field (Severity-Priority Combined),Custom field (Size),Custom field (Snapshot Summary ),Custom field (Softcap),Custom field (Source Project),Custom field (Source of Origin),Custom field (Source of Request),Custom field (Spec ready),Sprint,Sprint,Custom field (Sprint Velocity),Custom field (Start date),Custom field (Steps to reproduce),Custom field (Story Points),Custom field (Story Points Completed (%)),Custom field (Story point estimate),Custom field (Strategic Category),Custom field (Subject Line of Email),Custom field (Submitted forms),Custom field (T-shirt Estimate),Custom field (Target end),Custom field (Target start),Team Id,Team Name,Custom field (Team Assigned),Custom field (Tech Misc.),Custom field (Technical Considerations),Custom field (Time to first response),Custom field (Time to resolution),Custom field (Topic),Custom field (Total Count),Custom field (Total Logged Time),Custom field (Total Refined Percentage),Custom field (Total forms),Custom field (Total time Logged for Aha),Custom field (UX Design Analysis),Custom field (UX Eng Analysis),Custom field (Unrefined Stories),Custom field (Useful For),Custom field (Value),Custom field (Vulnerability),Custom field (What are the steps to reproduce the issue?),Custom field (Who should receive the Bounce Report? (Bulk Email Request Only)),Custom field (Work item created forms),Custom field ([CHART] Date of First Response),Custom field ([CHART] Time in Status),Comment,Comment,Comment,Comment,Comment,Comment,Comment,Comment,Comment,Comment,Comment,Comment,Comment,Comment,Comment,Comment,Comment,Comment,Comment,Comment,Comment,Comment,Comment,Comment,Comment,Comment,Comment,Comment,Comment,Comment,Comment,Comment,Comment,Comment,Parent,Parent key,Parent summary,Status Category,Status Category Changed
[UNITE-MSC][Enrollment] Spike - Investigate legacy Enrollment automation asset migration approach,QA-1507,348815,Spike,Done,QA,QA Automation,software,Timothy Kaufman,6418909f67102fc717c0b0d8,"{quote}Automation & Performance Testing Center of Excellence 


Tracks test strategy, execution, CI results, risk mitigation, and engineering dashboards.  


Project lead: Swapnil Patil (Functional) | Timothy Kaufman (JIRA Admin){quote}",https://confluence.ascensus.com/pages/viewpage.action?pageId=315559619,Low,Done,Dinesh Kumar,712020:d83927fa-1ed7-43f2-94b8-4cd6bf64ac3f,Dinesh Kumar,712020:d83927fa-1ed7-43f2-94b8-4cd6bf64ac3f,Dinesh Kumar,712020:d83927fa-1ed7-43f2-94b8-4cd6bf64ac3f,7/28/2026 8:33,7/30/2026 11:04,,7/30/2026 11:04,,AMSQUAD Sprint 26.12,7/30/2026 0:00,0,QA-Board-View,Regression,unite-msc,,,,"h2. Objective

Time-boxed research spike to investigate and evaluate the migration approach for Unite Enrollment automation assets identified in QA-995.

h2. Background

QA-995 covers the discovery and inventory of legacy Enrollment automation assets in the UniteMSC source repo. This spike focuses on researching the technical approach for migrating those assets into the new framework.

h2. Scope of Investigation

* Evaluate compatibility of existing feature files with the target automation framework
* Assess step definition reusability and refactoring needs
* Investigate config/property file migration strategy
* Review SQL scripts and test data portability
* Identify tooling or framework gaps that need to be addressed
* Estimate effort for full migration based on inventory from QA-995

h2. Expected Outcomes

* Technical recommendation document for migration approach
* Effort estimation (T-shirt sizing) per module/service
* Identified risks and mitigation strategies
* Dependency map (tools, environments, access requirements)
* Go/No-Go recommendation for migration execution

h2. Acceptance Criteria

* Migration approach documented with pros/cons of at least 2 alternatives
* Effort estimate provided for each identified asset category
* Blockers and dependencies clearly listed
* Recommendation reviewed by team lead
* Linked to QA-995 as reference

h2. Time Box

* 3 Story Points (aligned with parent story QA-995)",,Automation for Jira,Dinesh Kumar,,557058:f58131cb-b67d-43c7-b30d-6b58d40bd077,712020:d83927fa-1ed7-43f2-94b8-4cd6bf64ac3f,,,,,,,,,,,,,,,,,,,,QA-995,,,,,,,,,,,,,,,"* Migration approach documented with pros/cons of at least 2 alternatives
* Effort estimate provided for each identified asset category
* Blockers and dependencies clearly listed
* Recommendation reviewed by team lead
* Linked to QA-995 as reference",,,,,ApprovalsCFValue{approvals=[]},,,,,,,,,,,,,,,,,,,,,,,,,,,,,,,,,,,,,,,,,,,,,,,,,,,{},,,,,,,,,,,,,,,,,,,,,,,,,,,,,,,,,,,,,,,,,,,,,,,,,,,,,,,,,,,,,,,,,,,,,,,,,,,,,,,,,,,,,,,,,,,,,,,,,0|i18pth:zzuzi,,,,,,,,,,,,,,,,,,,,,,,,,,,,,,,,,,,,,,,,,,,AMSQUAD Sprint 26.12 7/22-8/04,,,,,2,,,,,,,,,,,,,,,,,,,,,,,,,,,,,,,48:07.9,10415_*:*_1_*:*_87009033_*|*_3_*:*_1_*:*_43261_*|*_10409_*:*_1_*:*_26910_*|*_10000_*:*_1_*:*_87216441_*|*_10420_*:*_1_*:*_0,"29/Jul/26 8:48 AM;557058:f58131cb-b67d-43c7-b30d-6b58d40bd077;Sub-task QA-1512 was updated:
  • Status: To Do
  ","29/Jul/26 8:48 AM;557058:f58131cb-b67d-43c7-b30d-6b58d40bd077;Sub-task QA-1510 was updated:
  • Status: In Progress
  ","29/Jul/26 8:48 AM;557058:f58131cb-b67d-43c7-b30d-6b58d40bd077;Sub-task QA-1511 was updated:
  • Status: In Progress
  ","29/Jul/26 8:48 AM;557058:f58131cb-b67d-43c7-b30d-6b58d40bd077;Sub-task QA-1513 was updated:
  • Status: In Progress
  ","29/Jul/26 8:48 AM;557058:f58131cb-b67d-43c7-b30d-6b58d40bd077;Sub-task QA-1512 was updated:
  • Status: In Progress
  ","29/Jul/26 8:48 AM;557058:f58131cb-b67d-43c7-b30d-6b58d40bd077;Sub-task QA-1509 was updated:
  • Status: In Progress
  ","29/Jul/26 8:48 AM;557058:f58131cb-b67d-43c7-b30d-6b58d40bd077;Sub-task QA-1508 was updated:
  • Status: In Progress
  ","30/Jul/26 8:37 AM;557058:f58131cb-b67d-43c7-b30d-6b58d40bd077;Sub-task QA-1513 was updated:
  • Status: Done
  ","30/Jul/26 8:37 AM;557058:f58131cb-b67d-43c7-b30d-6b58d40bd077;Sub-task QA-1508 was updated:
  • Status: Done
  ","30/Jul/26 8:57 AM;557058:f58131cb-b67d-43c7-b30d-6b58d40bd077;Sub-task QA-1509 was updated:
  • Status: Done
  ","30/Jul/26 8:57 AM;557058:f58131cb-b67d-43c7-b30d-6b58d40bd077;Sub-task QA-1512 was updated:
  • Status: Done
  ","30/Jul/26 8:57 AM;557058:f58131cb-b67d-43c7-b30d-6b58d40bd077;Sub-task QA-1510 was updated:
  • Status: Done
  ","30/Jul/26 8:58 AM;557058:f58131cb-b67d-43c7-b30d-6b58d40bd077;Sub-task QA-1511 was updated:
  • Status: Done
  ","30/Jul/26 11:00 AM;712020:d83927fa-1ed7-43f2-94b8-4cd6bf64ac3f;



----

h2. 📋 EnrollmentKT.pdf — Knowledge Transfer Summary

h3. What is MSC Enrollment?

The *MSC Enrollment* is a mobile app step-by-step REST microservice ({{unite-enrollment}}) that guides a prospect through an event-driven flow:

{quote}*Prospect → Owner → Beneficiary → Bank → Allocations → Review → Account Created*{quote}

It's one of three enrollment systems in the Ascensus 529 landscape (MSC API, Universal Platform Web, Legacy JSP — this doc covers MSC only).

----

h3. 🏗️ Architecture

The enrollment BFF (cloud host) sits between the mobile app/Postman/Rest Assured and five downstream services:

* *Account API* — verify prospects, create account
* *Auth API* — issue {{ENROLL_PROSPECT}} JWT
* *Metadata API* — plans, states, funds
* *Profile API* — owner/beneficiary verification
* *Bank API* — routing number validation

----

h3. 🔄 Enrollment Flow (13 Steps)

||Step||Action||Auth||
|01|GET Certificate (RSA for encryption)|None|
|05|POST Create Prospect → issues JWT|None|
|06–12|Owner, Address, Beneficiary, Bank, Allocations|{{ENROLL_PROSPECT}} JWT|
|13|Review-Confirm → Account Created|{{ENROLL_PROSPECT}} JWT|

*Critical:* State must be chained via {{correlationId}}, {{eventId}}, {{seqNum}} between every step.

----

h3. 🔐 JWT Roles

* {{ENROLL_PROSPECT}} — issued after Step 05, required for Steps 06–13
* {{MEMBER}} — *blocked* on enrollment topic (returns 401)
* {{ACCEPTANCE_TEST}} — for Cucumber/local tests only

----

h3. 🌍 Environments

||Env||Enrollment BFF||
|QC4|{{unite-bff-cloud.qc4.unite529.com}}|
|Stage1|{{unite-bff-cloud.stage1.unite529.com}}|

Common plans: {{okdirect}}, {{njdirect}}, {{nmdirect}}, {{hawaii}}, {{unique}}

----

h3. 🤖 Automation Coverage

||Flow||Postman||Rest Assured||Cucumber||
|GET Plans|✅|❌ (recommended first target)|✅|
|Create Prospect|✅|❌|✅|
|Owner/Bank/Allocations|✅|❌|✅|
|Review-Confirm|✅|❌|✅|
|Universal Platform {{/accounts/}}|✅|✅ (12+ classes)|N/A|

*Recommended automation roadmap:*

# {{GET /plans/{planId}}} — read-only, lowest risk
# {{POST /enrollments/prospects}} — needs encryption + backend health
# Full E2E event chain — mirror {{run-flow.ps1}} in Rest Assured

----

h2. 🔧 TROUBLESHOOTING.pdf — Current Failure Analysis

h3. ⚠️ Active Issue: Create Prospect returning 500 (2/9 steps PASS)

The root cause is {{AccountGateway.verifyProspects}} failing — the enrollment BFF cannot reach {{POST /accountapi/v1/members/verify/prospects}}. This is a *backend/platform issue*, not a Postman collection issue.

*Verified failures (2026-07-29):*

||Env||Plan||requestId||
|QC4|okdirect|{{70ed971f-74c3-49b3-b499-80091eced363}}|
|QC4|hawaii|{{e6d27786-ffad-4d54-940f-f058729663e0}}|
|Stage1|okdirect|{{98a5b1e3-d436-4036-baf2-e3633411eb18}}|
|Stage1|hawaii|{{f8774e6f-9a97-4daa-85ed-50e0bab76fcf}}|

Both plans failing on both environments confirms this is *not plan-specific* — it's a backend connectivity issue.

----

h3. 🛠️ Workaround: {{jwtTokenManual}}

When Step 04 (Create Prospect) returns 500, you can bypass it by capturing an {{ENROLL_PROSPECT}} JWT from the mobile app:

# Start enrollment in the MSC mobile app (or via browser DevTools on {{okd.stage1.acs529.com}})
# Capture {{x-enc-jwttoken}} from the response header using Charles/Fiddler/DevTools
# Paste into Postman env variable {{jwtTokenManual}}
# Run: {{.\run-flow.ps1 -EnvName stage1 -PlanId okdirect -JwtTokenManual ""eyJhbGci...""}}

*⚠️ Important:* Verify the JWT role is {{ENROLL_PROSPECT}} (not {{MEMBER}}) using the DEBUG - Decode jwtToken step in Postman.

----

h3. 

----",,,,,,,,,,,,,,,,,,,,,320810,QA-796,Unite MSC Test Automation,Done,7/30/2026 11:04
[V3] [Unite] Web Registration Flow – Prime V3-Stabilization and Validation,QA-1462,348458,Story,Done,QA,QA Automation,software,Timothy Kaufman,6418909f67102fc717c0b0d8,"{quote}Automation & Performance Testing Center of Excellence 


Tracks test strategy, execution, CI results, risk mitigation, and engineering dashboards.  


Project lead: Swapnil Patil (Functional) | Timothy Kaufman (JIRA Admin){quote}",https://confluence.ascensus.com/pages/viewpage.action?pageId=315559619,Medium,Done,Dinesh Kumar,712020:d83927fa-1ed7-43f2-94b8-4cd6bf64ac3f,Dinesh Kumar,712020:d83927fa-1ed7-43f2-94b8-4cd6bf64ac3f,Dinesh Kumar,712020:d83927fa-1ed7-43f2-94b8-4cd6bf64ac3f,7/27/2026 8:07,7/28/2026 2:20,,7/28/2026 2:20,,AMSQUAD Sprint 26.12,7/28/2026 0:00,0,QA-Board-View,Regression,unite-msc,,,,"The existing *V3 Web Registration automation scenarios are currently failing in regression execution and require a detailed review of the automation framework, test flow, validations, and test data.*

As part of this effort, the automation code must be analyzed, updated, and stabilized to ensure the Web Registration flow functions as expected and executes successfully in all regression runs.",,Automation for Jira,Dinesh Kumar,,557058:f58131cb-b67d-43c7-b30d-6b58d40bd077,712020:d83927fa-1ed7-43f2-94b8-4cd6bf64ac3f,,,,,,,,,,,,,,,,,,,,,,,,,,,,,,,,,,,"* Existing V3 Web Registration regression failures are analyzed and documented.
* Root cause of failures is identified and resolved.
* Automation code is updated to reflect current application behavior.
* Existing validations are reviewed and enhanced where required.
* Test data dependencies are verified and updated.
* UI, API, and DB validations (where applicable) are functioning correctly.
* Feature files, Step Definitions, and Page Objects are updated following framework standards.",,,,,ApprovalsCFValue{approvals=[]},,,,,,,,,,,,,,,,,,,,,,,,,,,,,,,,,,,,,,,,,,,,,,,,,,,{},,,,,,,,,,,,,,,,,,,,,,,,,,,,,,,,,,,,,,,,,,,,,,,,,,,,,,,,,,,,,,,,,,,,,,,,,,,,,,,,,,,,,,,,,,,,,,,,,0|i18ptg:,,,,,,,,,,,,,,,,,,,,,,,,,,,,,,,,,,,,,,,,,,,AMSQUAD Sprint 26.12 7/22-8/04,,,7/27/2026 0:00,,2,,,,,,,,,,,,,,,,,,,,,,,,,,,,,,,08:42.4,3_*:*_1_*:*_0_*|*_10409_*:*_1_*:*_22834_*|*_10000_*:*_1_*:*_17970045,"27/Jul/26 1:08 PM;557058:f58131cb-b67d-43c7-b30d-6b58d40bd077;Sub-task QA-1490 was updated:
  • Status: In Progress
  ","27/Jul/26 1:08 PM;557058:f58131cb-b67d-43c7-b30d-6b58d40bd077;Sub-task QA-1491 was updated:
  • Status: In Progress
  ","27/Jul/26 1:08 PM;557058:f58131cb-b67d-43c7-b30d-6b58d40bd077;Sub-task QA-1492 was updated:
  • Status: In Progress
  ","27/Jul/26 1:08 PM;557058:f58131cb-b67d-43c7-b30d-6b58d40bd077;Sub-task QA-1495 was updated:
  • Status: In Progress
  ","27/Jul/26 1:08 PM;557058:f58131cb-b67d-43c7-b30d-6b58d40bd077;Sub-task QA-1494 was updated:
  • Status: In Progress
  ","27/Jul/26 1:08 PM;557058:f58131cb-b67d-43c7-b30d-6b58d40bd077;Sub-task QA-1493 was updated:
  • Status: In Progress
  ","28/Jul/26 2:19 AM;557058:f58131cb-b67d-43c7-b30d-6b58d40bd077;Sub-task QA-1490 was updated:
  • Status: Done
  ","28/Jul/26 2:19 AM;557058:f58131cb-b67d-43c7-b30d-6b58d40bd077;Sub-task QA-1491 was updated:
  • Status: Done
  ","28/Jul/26 2:19 AM;557058:f58131cb-b67d-43c7-b30d-6b58d40bd077;Sub-task QA-1492 was updated:
  • Status: Done
  ","28/Jul/26 2:20 AM;557058:f58131cb-b67d-43c7-b30d-6b58d40bd077;Sub-task QA-1493 was updated:
  • Status: Done
  ","28/Jul/26 2:20 AM;557058:f58131cb-b67d-43c7-b30d-6b58d40bd077;Sub-task QA-1494 was updated:
  • Status: Done
  ","28/Jul/26 2:20 AM;557058:f58131cb-b67d-43c7-b30d-6b58d40bd077;Sub-task QA-1495 was updated:
  • Status: Done
  ",,,,,,,,,,,,,,,,,,,,,,,225845,QA-3,"Update regression test plan for Unite, Universal",Done,7/28/2026 2:20
"[UNITE-MSC][Mobile1] Session extensions — discovery and integration vertical slice (IDP token, PIN, CSR)",QA-1401,345362,Story,Done,QA,QA Automation,software,Timothy Kaufman,6418909f67102fc717c0b0d8,"{quote}Automation & Performance Testing Center of Excellence 


Tracks test strategy, execution, CI results, risk mitigation, and engineering dashboards.  


Project lead: Swapnil Patil (Functional) | Timothy Kaufman (JIRA Admin){quote}",https://confluence.ascensus.com/pages/viewpage.action?pageId=315559619,Medium,Done,Dinesh Kumar,712020:d83927fa-1ed7-43f2-94b8-4cd6bf64ac3f,Sunil Godiyal,712020:cc420b1e-75ad-4809-a429-2b255ac56337,Sunil Godiyal,712020:cc420b1e-75ad-4809-a429-2b255ac56337,7/16/2026 8:41,7/27/2026 8:32,,7/27/2026 8:32,,AMSQUAD Sprint 26.12,7/27/2026 0:00,0,QA-Board-View,Regression,unite-msc,,,,"**User story**
As a QA automation engineer, I want automated tests for Mobile 1 session extension endpoints (IDP token, PIN, CSR), so that NMD IDP and elevated session flows are contract-validated where automation accounts allow.

**Endpoints (confirm exact paths in spike / Postman)**
Method | Path (representative) |
--------|----------------------|
POST | `/mobile1api/v1/mobilememberidptoken` |
POST/GET | Session PIN flows (per Dinesh + Postman) |
POST | CSR session flows (per Dinesh + Postman) |

**In scope**

* NMD IDP token exchange contract assertions with MFA-compatible automation accounts
* CSR session test design with isolated elevated-role account strategy

**Out of scope**

* Full interactive MFA / OTP automation (see platform backlog H-02)

**Dependencies**

* C-01; S-26.11-04

**Acceptance criteria**
1. Given the NMD IDP authentication path on QC4, when the IDP token endpoint is exercised with an MFA-compatible automation account, then contract assertions pass.
2. Given CSR session requires an elevated role, when the test design is documented, then an isolated CSR test account strategy is recorded in the story or project docs.

**Reference**

* `mobile/mobile1/src/main/java/core/util/MobileHttpRestApiClient.java` (IDP flow)
* NMD fixture: `mobile/mobile1/src/test/resources/user/qc4/nmdirect.json`
* Dashboard IDP Postman pattern: `postman/mobile/Dashboard (nmdirect IDP).postman_collection.json`",,Automation for Jira,,,557058:f58131cb-b67d-43c7-b30d-6b58d40bd077,,,,,,,,,,,,,,,,,,,,,,,,,,,,,,,,,,,,,,,,,ApprovalsCFValue{approvals=[]},,,,,,,,,,,,,,,,,,,,,,,,,,,,,,,,,,,,,,,,,,,,,,,,,,,{},,,,,,,,,,,,,,,,,,,,,,,,,,,,,,,,,,,,,,,,,,,,,,,,,,,,,,,,,,,,,,,,,,,,,,,,,,,,,,,,,,,,,,,,,,,,,,,,,0|i17p7h:ho,,,,,,,,,,,,,,,,,,,,,,,,,,,,,,,,,,,,,,,,,,,AMSQUAD Sprint 26.12 7/22-8/04,,,,,5,,,,,,,,,,,,,,,,,,,,,,,,,,,,,,,32:43.7,10415_*:*_1_*:*_347739430_*|*_10409_*:*_1_*:*_1392796_*|*_10000_*:*_1_*:*_599240735_*|*_11552_*:*_1_*:*_0,"23/Jul/26 7:32 AM;557058:f58131cb-b67d-43c7-b30d-6b58d40bd077;Sub-task QA-1443 was updated:
  • Status: In Progress
  ","23/Jul/26 7:32 AM;557058:f58131cb-b67d-43c7-b30d-6b58d40bd077;Sub-task QA-1444 was updated:
  • Status: In Progress
  ","24/Jul/26 8:22 AM;557058:f58131cb-b67d-43c7-b30d-6b58d40bd077;Sub-task QA-1446 was updated:
  • Status: In Progress
  ","24/Jul/26 8:22 AM;557058:f58131cb-b67d-43c7-b30d-6b58d40bd077;Sub-task QA-1445 was updated:
  • Status: In Progress
  ","27/Jul/26 8:06 AM;557058:f58131cb-b67d-43c7-b30d-6b58d40bd077;Sub-task QA-1443 was updated:
  • Status: Done
  ","27/Jul/26 8:06 AM;557058:f58131cb-b67d-43c7-b30d-6b58d40bd077;Sub-task QA-1444 was updated:
  • Status: Done
  ","27/Jul/26 8:07 AM;557058:f58131cb-b67d-43c7-b30d-6b58d40bd077;Sub-task QA-1445 was updated:
  • Status: Done
  ","27/Jul/26 8:07 AM;557058:f58131cb-b67d-43c7-b30d-6b58d40bd077;Sub-task QA-1446 was updated:
  • Status: Done
  ",,,,,,,,,,,,,,,,,,,,,,,,,,,320810,QA-796,Unite MSC Test Automation,Done,7/27/2026 8:32
[UNITE-MSC][Mobile1] Owner and profile reads — discovery and integration vertical slice (OKD baseline),QA-1397,345358,Story,Done,QA,QA Automation,software,Timothy Kaufman,6418909f67102fc717c0b0d8,"{quote}Automation & Performance Testing Center of Excellence 


Tracks test strategy, execution, CI results, risk mitigation, and engineering dashboards.  


Project lead: Swapnil Patil (Functional) | Timothy Kaufman (JIRA Admin){quote}",https://confluence.ascensus.com/pages/viewpage.action?pageId=315559619,Medium,Done,Dinesh Kumar,712020:d83927fa-1ed7-43f2-94b8-4cd6bf64ac3f,Sunil Godiyal,712020:cc420b1e-75ad-4809-a429-2b255ac56337,Sunil Godiyal,712020:cc420b1e-75ad-4809-a429-2b255ac56337,7/16/2026 8:14,7/24/2026 8:21,8/5/2026 9:07,7/24/2026 8:21,,AMSQUAD Sprint 26.12,7/24/2026 0:00,0,mobile1,owner,profile,QA-Board-View,Regression,unite-msc,"**Issue type:** Story | **Priority:** P1 | **Story points:** 5 | **Sprint:** 26.11 stretch
**Labels:** unite-msc, mobile1, owner, profile | **Component:** QA Automation

**User story**
As a QA automation engineer, I want automated GET tests for Mobile 1 owner and profile menu endpoints on Oklahoma Direct (OKD), so that read-only Mobile 1 flows are regression-safe before broader migration.

**Endpoints**
Method | Path |
--------|------|
GET | /mobile1api/v1/mobileowner |
GET | /mobile1api/v1/mobileOwnerMenu |
GET | /mobile1api/v1/mobileprofilemenu |

**Technical approach**

* Extend `MobileBaseRequestTest` in `mobile/mobile1`
* Use dynamic SQL-backed test-user discovery where available
* TestNG integration suite; OKD (`okdirect`) baseline first
* Environment: QC4 (`-Pacceptance-qc4` or `qc4.properties`)

**Out of scope**

* NMD IDP unless no additional IDP work is required
* SQL L5 / DB reconciliation

**Dependencies**

* S-26.11-04 (scope spike)

**Note:** Same scope as **C-01**. Create one Jira issue; link or merge with C-01 if stretch is not taken in Sprint 26.11.

**Acceptance criteria**
1. Given OKD dynamic SQL user discovery on QC4, when each of the three GET endpoints runs, then HTTP 200 is returned and L3 POJO contract assertions pass.
2. Given the Mobile 1 module integration suite, when executed with QC4 acceptance profile, then all three endpoints run in the OKD branding block.

**Reference**

* Migration playbook: `mobile/project-documents/14-MOBILE-ENDPOINT-MIGRATION-PLAYBOOK.md`
* Legacy: `mobileowner.feature`, `mobileOwnerMenu.feature`, `mobileprofilemenu.feature`",,Dinesh Kumar,,,712020:d83927fa-1ed7-43f2-94b8-4cd6bf64ac3f,,,,,,,,,,,,,,,,,,,,QA-1313,,,,,,,,,,,,QA Automation,,,,,,,,,ApprovalsCFValue{approvals=[]},,,,,,,,,,,,,,,,,,,,,,,,,,,,,,,,,,,,,,,,,,,,,,,,,,,{},,,,,,,,,,,,,,,,,,,,,,,,,,,,,,,,,,,,,,,,,,,,,,,,,,,,,,,,,,,,,,,,,,,,,,,,,,,,,,,,,,,,,,,,,,,,,,,,,0|i17p7h:d,,,,,,,,,,,,,,,,,,,,,,,,,,,,,,,,,,,,,,,,,,,AMSQUAD Sprint 26.12 7/22-8/04,,,7/24/2026 0:00,,1,,,,,,,,,,,,,,,,,,,,,,,,,,,,,,,01:49.7,3_*:*_1_*:*_0_*|*_10409_*:*_1_*:*_3020521_*|*_10000_*:*_1_*:*_665845405,24/Jul/26 2:01 AM;712020:d83927fa-1ed7-43f2-94b8-4cd6bf64ac3f;I have already coved this story in [https://ascensuscollegesavings.atlassian.net/browse/QA-1313|https://ascensuscollegesavings.atlassian.net/browse/QA-1313|smart-link]  and reconfirmed this is working as expected.,,,,,,,,,,,,,,,,,,,,,,,,,,,,,,,,,,320810,QA-796,Unite MSC Test Automation,Done,7/24/2026 8:21
[V3][Universal Enrollment] Stabilize Flaky Automation Test Case for Member Withdrawal,QA-1366,343712,Story,Done,QA,QA Automation,software,Timothy Kaufman,6418909f67102fc717c0b0d8,"{quote}Automation & Performance Testing Center of Excellence 


Tracks test strategy, execution, CI results, risk mitigation, and engineering dashboards.  


Project lead: Swapnil Patil (Functional) | Timothy Kaufman (JIRA Admin){quote}",https://confluence.ascensus.com/pages/viewpage.action?pageId=315559619,Low,Done,Dinesh Kumar,712020:d83927fa-1ed7-43f2-94b8-4cd6bf64ac3f,Dinesh Kumar,712020:d83927fa-1ed7-43f2-94b8-4cd6bf64ac3f,Dinesh Kumar,712020:d83927fa-1ed7-43f2-94b8-4cd6bf64ac3f,7/10/2026 5:14,7/16/2026 7:08,,7/16/2026 7:06,,AMSQUAD Sprint 26.11,7/16/2026 0:00,0,QA-Board-View,Regression,,,,,"The automated test case for *Member Withdrawal* in the Universal Enrollment (V3) application is exhibiting intermittent failures, resulting in inconsistent regression execution results. The objective of this story is to investigate the root cause of the flaky behavior, implement necessary fixes, and ensure the test executes reliably across environments and regression runs.

This effort will improve automation stability, reduce false failures, and increase confidence in regression test results.

----

h3. *Business Value*

* Improve regression suite reliability.
* Reduce false-positive automation failures.
* Improve CI/CD pipeline stability.
* Minimize manual investigation efforts during regression cycles.
* Increase confidence in Member Withdrawal functionality validation.

----

h3. *Scope*

* Analyze failure patterns from recent executions.
* Identify root causes (timing issues, test data dependency, environment dependency, synchronization issues, API/UI instability, etc.).
* Implement required automation fixes.
* Enhance logging and reporting where necessary.
* Validate test stability through multiple consecutive executions.
* Update automation documentation as needed.

----

h3. *Acceptance Criteria*

# Root cause of flaky behavior is identified and documented.
# Required automation fixes are implemented.
# Test passes consistently in at least *5 consecutive executions* without failure.
# No hardcoded wait or unstable locator remains in the test.
# Test execution results are documented and shared with the team.
# Regression suite completes successfully with the updated test.",,Automation for Jira,Dinesh Kumar,,557058:f58131cb-b67d-43c7-b30d-6b58d40bd077,712020:d83927fa-1ed7-43f2-94b8-4cd6bf64ac3f,,,,,,,,,,,,,,,,,,,,,,,,,,,,,,,QA Automation,,,,,,,,,ApprovalsCFValue{approvals=[]},,,,,,,,,,,,,,,,,,,,,,,,,,,,,,,,,,,,,,,,,,,,,,,,,,,{},,,,,,,,,,,,,,,,,,,,,,,,,,,,,,,,,,,,,,,,,,,,,,,,,,,,,,,,,,,,,,,,,,,,,,,,,,,,,,,,,,,,,,,,,,,,,,,,,0|i18cfp:zv,,,,,,,,,,,,,,,,,,,,,,,,,,,,,,,,,,,,,,,,,,,AMSQUAD Sprint 26.11 7/08-7/21,,,7/10/2026 0:00,,2,,,,,,,,,4821708b-58a1-45f9-93f1-fe52c0da32a7,QA Automation,,,,,,,,,,,,,,,,,,,,,58:09.5,10415_*:*_1_*:*_2022544_*|*_3_*:*_1_*:*_0_*|*_10409_*:*_1_*:*_12649766_*|*_10000_*:*_1_*:*_424951,"10/Jul/26 8:58 AM;557058:f58131cb-b67d-43c7-b30d-6b58d40bd077;Sub-task QA-1367 was updated:
  • Status: In Progress
  ","10/Jul/26 8:58 AM;557058:f58131cb-b67d-43c7-b30d-6b58d40bd077;Sub-task QA-1368 was updated:
  • Status: In Progress
  ","10/Jul/26 8:58 AM;557058:f58131cb-b67d-43c7-b30d-6b58d40bd077;Sub-task QA-1370 was updated:
  • Status: In Progress
  ","10/Jul/26 8:58 AM;557058:f58131cb-b67d-43c7-b30d-6b58d40bd077;Sub-task QA-1369 was updated:
  • Status: In Progress
  ","10/Jul/26 8:58 AM;557058:f58131cb-b67d-43c7-b30d-6b58d40bd077;Sub-task QA-1371 was updated:
  • Status: In Progress
  ","16/Jul/26 7:06 AM;557058:f58131cb-b67d-43c7-b30d-6b58d40bd077;Sub-task QA-1367 was updated:
  • Status: Done
  ","16/Jul/26 7:07 AM;557058:f58131cb-b67d-43c7-b30d-6b58d40bd077;Sub-task QA-1368 was updated:
  • Status: Done
  ","16/Jul/26 7:08 AM;557058:f58131cb-b67d-43c7-b30d-6b58d40bd077;Sub-task QA-1369 was updated:
  • Status: Done
  ","16/Jul/26 7:08 AM;557058:f58131cb-b67d-43c7-b30d-6b58d40bd077;Sub-task QA-1370 was updated:
  • Status: Done
  ","16/Jul/26 7:08 AM;557058:f58131cb-b67d-43c7-b30d-6b58d40bd077;Sub-task QA-1371 was updated:
  • Status: Done
  ",,,,,,,,,,,,,,,,,,,,,,,,,225845,QA-3,"Update regression test plan for Unite, Universal",Done,7/16/2026 7:06
[UNITE-MSC][Mobile1] Member profile PATCH/PUT — integration vertical slice with test-data safeguards (module only),QA-1316,343080,Story,Done,QA,QA Automation,software,Timothy Kaufman,6418909f67102fc717c0b0d8,"{quote}Automation & Performance Testing Center of Excellence 


Tracks test strategy, execution, CI results, risk mitigation, and engineering dashboards.  


Project lead: Swapnil Patil (Functional) | Timothy Kaufman (JIRA Admin){quote}",https://confluence.ascensus.com/pages/viewpage.action?pageId=315559619,Low,Done,Dinesh Kumar,712020:d83927fa-1ed7-43f2-94b8-4cd6bf64ac3f,Swapnil Patil,6357f972fc0cc7a600ae8914,Swapnil Patil,6357f972fc0cc7a600ae8914,7/8/2026 11:50,7/21/2026 10:03,,7/21/2026 10:03,,AMSQUAD Sprint 26.11,7/21/2026 0:00,0,QA-Board-View,Regression,unite-msc,,,,"||Field||Value||
|*Summary*|[UNITE-MSC][Mobile1] Member profile PATCH — integration vertical slice with test-data safeguards (module only)|
|*Issue Type*|Story|
|*Priority*|P2|

*Endpoint:* PATCH {{/mobile1api/v1/mobilemember}}

*Risk:* Mutates shared account state — module suite only unless reversible field strategy defined.

*Acceptance criteria:*

* Given automation-owned mutable fields, when PATCH runs, then response matches contract and GET owner confirms change.
* Given master regression policy, when reviewed, then test is excluded from master if not reversible.



[^API Endpoints - Mobile1.xlsx]

",,Automation for Jira,Swapnil Patil,,557058:f58131cb-b67d-43c7-b30d-6b58d40bd077,6357f972fc0cc7a600ae8914,,,,,,,,,,,,,,,,,,,,,,,,,,08/Jul/26 11:51 AM;6357f972fc0cc7a600ae8914;API Endpoints - Mobile1.xlsx;https://ascensuscollegesavings.atlassian.net/rest/api/3/attachment/content/103922,,,,,,,,,,,,,,ApprovalsCFValue{approvals=[]},,,,,,,,,,,,,,,,,,,,,,,,,,,,,,,,,,,,,,,,,,,,,,,,,,,{},,,,,,,,,,,,,,,,,,,,,,,,,,,,,,,,,,,,,,,,,,,,,,,,,,,,,,,,,,,,,,,,,,,,,,,,,,,,,,,,,,,,,,,,,,,,,,,,,0|i18cfp:v,,,,,,,,,,,,,,,,,,,,,,,,,,,,,,,,,,,,,,,,,,,AMSQUAD Sprint 26.11 7/08-7/21,,,7/20/2026 0:00,,2,,,,,,,,,,,,,,,,,,,,,,,,,,,,,,,59:50.5,3_*:*_1_*:*_0_*|*_10409_*:*_1_*:*_634_*|*_10000_*:*_1_*:*_1026481402,"20/Jul/26 8:59 AM;557058:f58131cb-b67d-43c7-b30d-6b58d40bd077;Sub-task QA-1394 was updated:
  • Status: In Progress
  ","20/Jul/26 8:59 AM;557058:f58131cb-b67d-43c7-b30d-6b58d40bd077;Sub-task QA-1395 was updated:
  • Status: In Progress
  ","20/Jul/26 8:59 AM;557058:f58131cb-b67d-43c7-b30d-6b58d40bd077;Sub-task QA-1396 was updated:
  • Status: In Progress
  ","20/Jul/26 8:59 AM;557058:f58131cb-b67d-43c7-b30d-6b58d40bd077;Sub-task QA-1393 was updated:
  • Status: In Progress
  ","21/Jul/26 10:02 AM;557058:f58131cb-b67d-43c7-b30d-6b58d40bd077;Sub-task QA-1393 was updated:
  • Status: Done
  ","21/Jul/26 10:02 AM;557058:f58131cb-b67d-43c7-b30d-6b58d40bd077;Sub-task QA-1394 was updated:
  • Status: Done
  ","21/Jul/26 10:03 AM;557058:f58131cb-b67d-43c7-b30d-6b58d40bd077;Sub-task QA-1395 was updated:
  • Status: Done
  ","21/Jul/26 10:03 AM;557058:f58131cb-b67d-43c7-b30d-6b58d40bd077;Sub-task QA-1396 was updated:
  • Status: Done
  ",,,,,,,,,,,,,,,,,,,,,,,,,,,320810,QA-796,Unite MSC Test Automation,Done,7/21/2026 10:03
[UNITE-MSC][Mobile2][Spike] Mobile members acceptance endpoint — scope confirmation,QA-1314,343075,Story,Done,QA,QA Automation,software,Timothy Kaufman,6418909f67102fc717c0b0d8,"{quote}Automation & Performance Testing Center of Excellence 


Tracks test strategy, execution, CI results, risk mitigation, and engineering dashboards.  


Project lead: Swapnil Patil (Functional) | Timothy Kaufman (JIRA Admin){quote}",https://confluence.ascensus.com/pages/viewpage.action?pageId=315559619,Medium,Done,Dinesh Kumar,712020:d83927fa-1ed7-43f2-94b8-4cd6bf64ac3f,Swapnil Patil,6357f972fc0cc7a600ae8914,Swapnil Patil,6357f972fc0cc7a600ae8914,7/8/2026 11:36,7/17/2026 14:50,,7/17/2026 14:50,,AMSQUAD Sprint 26.11,7/17/2026 0:00,0,QA-Board-View,Regression,unite-msc,,,," [UNITE-MSC][Mobile2] ****** — discovery spike and legacy coverage matrix

|Category|Method|Endpoint|Auth Level|Description|Use Case|
|Dashboard|GET|/v1/mobiledashboard|Member (2FA)|Full home dashboard: owner name, totalBalance, asOfDate, mobileAccounts[], mobileUgifts[], mobileBanks[].|App home screen after login. Primary source for ext, seqAcctId, bankId.|
|Dashboard|GET|/v1/mobileytdsummary/{ext}|Member (2FA)|Year-to-date contribution summary for one account.|Dashboard YTD widget per beneficiary.|
|*Dashboard*|*GET*|*/v1/mobilemembers/{planId}/{username}*|Internal|Lookup member by plan and username.|Test harness only — returns 401 with member JWT.|

||Field||Value||
|*Summary*|[UNITE-MSC][Mobile2][Spike] Mobile members acceptance endpoint — scope confirmation for GET mobilemembers/{planId}/{username}|



*Acceptance criteria:*

* Legacy repo + Postman evidence inventoried
* Coverage matrix: migrate / exclude / park with Dev sign-off
* Postman vs framework comparison notes for ≥1 happy path",,Automation for Jira,Swapnil Patil,,557058:f58131cb-b67d-43c7-b30d-6b58d40bd077,6357f972fc0cc7a600ae8914,,,,,,,,,,,,,,,,,,,,,,,,,,,,,,,QA Automation,,,,,,,,,ApprovalsCFValue{approvals=[]},,,,,,,,,,,,,,,,,,,,,,,,,,,,,,,,,,,,,,,,,,,,,,,,,,,{},,,,,,,,,,,,,,,,,,,,,,,,,,,,,,,,,,,,,,,,,,,,,,,,,,,,,,,,,,,,,,,,,,,,,,,,,,,,,,,,,,,,,,,,,,,,,,,,,0|i18cfo:x,,,,,,,,,,,,,,,,,,,,,,,,,,,,,,,,,,,,,,,,,,,AMSQUAD Sprint 26.11 7/08-7/21,,,7/16/2026 0:00,,2,,,,,,,,,4821708b-58a1-45f9-93f1-fe52c0da32a7,QA Automation,,,,,,,,,,,,,,,,,,,,,05:28.7,10415_*:*_1_*:*_509891174_*|*_3_*:*_1_*:*_0_*|*_10409_*:*_1_*:*_278320_*|*_10000_*:*_1_*:*_164713708,"16/Jul/26 7:05 AM;557058:f58131cb-b67d-43c7-b30d-6b58d40bd077;Sub-task QA-1355 was updated:
  • Status: In Progress
  ","16/Jul/26 7:05 AM;557058:f58131cb-b67d-43c7-b30d-6b58d40bd077;Sub-task QA-1356 was updated:
  • Status: In Progress
  ","16/Jul/26 7:05 AM;557058:f58131cb-b67d-43c7-b30d-6b58d40bd077;Sub-task QA-1357 was updated:
  • Status: In Progress
  ","16/Jul/26 7:05 AM;557058:f58131cb-b67d-43c7-b30d-6b58d40bd077;Sub-task QA-1355 was updated:
  • Status: Done
  ","17/Jul/26 2:50 PM;557058:f58131cb-b67d-43c7-b30d-6b58d40bd077;Sub-task QA-1356 was updated:
  • Status: Done
  ","17/Jul/26 2:50 PM;557058:f58131cb-b67d-43c7-b30d-6b58d40bd077;Sub-task QA-1357 was updated:
  • Status: Done
  ",,,,,,,,,,,,,,,,,,,,,,,,,,,,,320810,QA-796,Unite MSC Test Automation,Done,7/17/2026 14:50
[UNITE-MSC][Mobile1] Owner and profile reads — discovery and integration vertical slice (OKD baseline),QA-1313,343074,Story,Done,QA,QA Automation,software,Timothy Kaufman,6418909f67102fc717c0b0d8,"{quote}Automation & Performance Testing Center of Excellence 


Tracks test strategy, execution, CI results, risk mitigation, and engineering dashboards.  


Project lead: Swapnil Patil (Functional) | Timothy Kaufman (JIRA Admin){quote}",https://confluence.ascensus.com/pages/viewpage.action?pageId=315559619,Low,Done,Dinesh Kumar,712020:d83927fa-1ed7-43f2-94b8-4cd6bf64ac3f,Swapnil Patil,6357f972fc0cc7a600ae8914,Swapnil Patil,6357f972fc0cc7a600ae8914,7/8/2026 11:33,7/24/2026 2:00,,7/21/2026 7:46,,AMSQUAD Sprint 26.11,7/21/2026 0:00,0,QA-Board-View,Regression,unite-msc,,,,"h2. 

||Field||Value||
|*Summary*|[UNITE-MSC][Mobile1] Owner and profile reads — discovery and integration vertical slice (OKD baseline)|
|*Issue Type*|Story|
|*Priority*|P1|
|*Labels*|{{unite-msc}}, {{mobile1}}, {{owner}}, {{profile}}|

*Exact endpoints:*

* GET {{/mobile1api/v1/mobileowner}}
* GET {{/mobile1api/v1/mobileOwnerMenu}}
* GET {{/mobile1api/v1/mobileprofilemenu}}

*Technical approach:* Reuse {{MobileBaseRequestTest}} + dynamic SQL auth; TestNG classes; module + master suites; OKD first; NMD if no extra IDP work.

*Acceptance criteria:*

* Given OKD dynamic SQL user discovery, when each GET runs on QC4, then HTTP 200 and L3 POJO assertions pass.
* Given module regression suite, when executed with {{-Pacceptance-qc4}}, then all three endpoints appear in OKD and NMD blocks.

*Dependencies:* S-26.11-04.

*Evidence:* Dinesh {{API Endpoints - Mobile1}}; {{Mobile1 App Flow}} owner section; legacy {{mobileowner.feature}}, {{mobileOwnerMenu.feature}}, {{mobileprofilemenu.feature}}.

[^Mobile End Points.xlsx]

",,Automation for Jira,Swapnil Patil,,557058:f58131cb-b67d-43c7-b30d-6b58d40bd077,6357f972fc0cc7a600ae8914,,,,,,,,,,,,,,,,,,,,QA-1397,,,,,,08/Jul/26 11:33 AM;6357f972fc0cc7a600ae8914;Mobile End Points.xlsx;https://ascensuscollegesavings.atlassian.net/rest/api/3/attachment/content/103921,,,,,,,,,,,,,,ApprovalsCFValue{approvals=[]},,,,,,,,,,,,,,,,,,,,,,,,,,,,,,,,,,,,,,,,,,,,,,,,,,,{},,,,,,,,,,,,,,,,,,,,,,,,,,,,,,,,,,,,,,,,,,,,,,,,,,,,,,,,,,,,,,,,,,,,,,,,,,,,,,,,,,,,,,,,,,,,,,,,,0|i18cfp:r,,,,,,,,,,,,,,,,,,,,,,,,,,,,,,,,,,,,,,,,,,,AMSQUAD Sprint 26.11 7/08-7/21,,,,,5,,,,,,,,,,,,,,,,,,,,,,,,,,,,,,,10:56.2,10415_*:*_1_*:*_352200569_*|*_10409_*:*_1_*:*_474095_*|*_10000_*:*_1_*:*_674830061_*|*_11552_*:*_1_*:*_0,"16/Jul/26 7:10 AM;557058:f58131cb-b67d-43c7-b30d-6b58d40bd077;Sub-task QA-1358 was updated:
  • Status: To Do
  ","16/Jul/26 7:11 AM;557058:f58131cb-b67d-43c7-b30d-6b58d40bd077;Sub-task QA-1359 was updated:
  • Status: To Do
  ","16/Jul/26 7:11 AM;557058:f58131cb-b67d-43c7-b30d-6b58d40bd077;Sub-task QA-1360 was updated:
  • Status: To Do
  ","16/Jul/26 7:11 AM;557058:f58131cb-b67d-43c7-b30d-6b58d40bd077;Sub-task QA-1362 was updated:
  • Status: To Do
  ","16/Jul/26 7:11 AM;557058:f58131cb-b67d-43c7-b30d-6b58d40bd077;Sub-task QA-1361 was updated:
  • Status: To Do
  ","16/Jul/26 7:11 AM;557058:f58131cb-b67d-43c7-b30d-6b58d40bd077;Sub-task QA-1363 was updated:
  • Status: To Do
  ","16/Jul/26 7:11 AM;557058:f58131cb-b67d-43c7-b30d-6b58d40bd077;Sub-task QA-1364 was updated:
  • Status: To Do
  ","20/Jul/26 3:06 AM;557058:f58131cb-b67d-43c7-b30d-6b58d40bd077;Sub-task QA-1360 was updated:
  • Status: In Progress
  ","20/Jul/26 3:06 AM;557058:f58131cb-b67d-43c7-b30d-6b58d40bd077;Sub-task QA-1359 was updated:
  • Status: In Progress
  ","20/Jul/26 3:06 AM;557058:f58131cb-b67d-43c7-b30d-6b58d40bd077;Sub-task QA-1358 was updated:
  • Status: In Progress
  ","20/Jul/26 3:06 AM;557058:f58131cb-b67d-43c7-b30d-6b58d40bd077;Sub-task QA-1362 was updated:
  • Status: In Progress
  ","20/Jul/26 8:36 AM;557058:f58131cb-b67d-43c7-b30d-6b58d40bd077;Sub-task QA-1361 was updated:
  • Status: Done
  ","20/Jul/26 8:37 AM;557058:f58131cb-b67d-43c7-b30d-6b58d40bd077;Sub-task QA-1363 was updated:
  • Status: Done
  ","20/Jul/26 8:37 AM;557058:f58131cb-b67d-43c7-b30d-6b58d40bd077;Sub-task QA-1362 was updated:
  • Status: Done
  ","20/Jul/26 8:37 AM;557058:f58131cb-b67d-43c7-b30d-6b58d40bd077;Sub-task QA-1364 was updated:
  • Status: Done
  ","20/Jul/26 8:37 AM;557058:f58131cb-b67d-43c7-b30d-6b58d40bd077;Sub-task QA-1360 was updated:
  • Status: Done
  ","20/Jul/26 8:37 AM;557058:f58131cb-b67d-43c7-b30d-6b58d40bd077;Sub-task QA-1359 was updated:
  • Status: Done
  ","20/Jul/26 8:37 AM;557058:f58131cb-b67d-43c7-b30d-6b58d40bd077;Sub-task QA-1358 was updated:
  • Status: Done
  ",,,,,,,,,,,,,,,,,320810,QA-796,Unite MSC Test Automation,Done,7/21/2026 7:46
"[UNITE-MSC][Mobile1][Postman] Discover, analyze & create postman collection for Mobile 1",QA-1267,340633,Story,Done,QA,QA Automation,software,Timothy Kaufman,6418909f67102fc717c0b0d8,"{quote}Automation & Performance Testing Center of Excellence 


Tracks test strategy, execution, CI results, risk mitigation, and engineering dashboards.  


Project lead: Swapnil Patil (Functional) | Timothy Kaufman (JIRA Admin){quote}",https://confluence.ascensus.com/pages/viewpage.action?pageId=315559619,Low,Done,Dinesh Kumar,712020:d83927fa-1ed7-43f2-94b8-4cd6bf64ac3f,Swapnil Patil,6357f972fc0cc7a600ae8914,Swapnil Patil,6357f972fc0cc7a600ae8914,6/30/2026 9:14,7/7/2026 8:45,,7/7/2026 8:44,,AMSQUAD Sprint 26.10,7/7/2026 0:00,0,QA-Board-View,Regression,unite-msc,,,,"Read-only inventory of Unite Mobile 1 test assets:

* Cucumber features + {{*IT.java}} integration tests (if present)
* Step definitions and auth helpers
* Config files and OpenAPI references
* Cross-service dependency notes



h3. Acceptance Criteria

* Inventory table populated for Mobile 1
* OpenAPI/spec path documented (or flagged TBD)
* Cross-service dependencies listed (auth, enrollment, account, etc.)
* Top 5 migration risks recorded
* Comparison note: overlap with Postman critical paths from S26-008

h3. 

h3. Definition of Done

QA Lead reviews; feeds sprint planning for Mobile 1 vertical slice.",,Automation for Jira,Swapnil Patil,,557058:f58131cb-b67d-43c7-b30d-6b58d40bd077,6357f972fc0cc7a600ae8914,,,,,,,,,,,,,,,,,,,,,,,,,,,,,,,,,,,,,,,,ApprovalsCFValue{approvals=[]},,,,,,,,,,,,,,,,,,,,,,,,,,,,,,,,,,,,,,,,,,,,,,,,,,,{},,,,,,,,,,,,,,,,,,,,,,,,,,,,,,,,,,,,,,,,,,,,,,,,,,,,,,,,,,,,,,,,,,,,,,,,,,,,,,,,,,,,,,,,,,,,,,,,,0|i180gc:wm,,,,,,,,,,,,,,,,,,,,,,,,,,,,,,,,,,,,,,,,,,,AMSQUAD Sprint 26.10 6/24-7/07,,,7/6/2026 0:00,,2,,,,,,,,,,,,,,,,,,,,,,,,,,,,,,,48:59.1,10415_*:*_1_*:*_409770921_*|*_3_*:*_1_*:*_0_*|*_10409_*:*_1_*:*_22892_*|*_10000_*:*_1_*:*_78333084,"06/Jul/26 12:48 AM;557058:f58131cb-b67d-43c7-b30d-6b58d40bd077;Sub-task QA-1270 was updated:
  • Status: In Progress
  ","06/Jul/26 12:49 AM;557058:f58131cb-b67d-43c7-b30d-6b58d40bd077;Sub-task QA-1271 was updated:
  • Status: In Progress
  ","06/Jul/26 12:49 AM;557058:f58131cb-b67d-43c7-b30d-6b58d40bd077;Sub-task QA-1272 was updated:
  • Status: In Progress
  ","06/Jul/26 12:49 AM;557058:f58131cb-b67d-43c7-b30d-6b58d40bd077;Sub-task QA-1274 was updated:
  • Status: In Progress
  ","06/Jul/26 12:50 AM;557058:f58131cb-b67d-43c7-b30d-6b58d40bd077;Sub-task QA-1273 was updated:
  • Status: In Progress
  ","06/Jul/26 12:50 AM;557058:f58131cb-b67d-43c7-b30d-6b58d40bd077;Sub-task QA-1269 was updated:
  • Status: Done
  ","06/Jul/26 11:29 AM;557058:f58131cb-b67d-43c7-b30d-6b58d40bd077;Sub-task QA-1274 was updated:
  • Status: Done
  ","06/Jul/26 11:30 AM;557058:f58131cb-b67d-43c7-b30d-6b58d40bd077;Sub-task QA-1270 was updated:
  • Status: Done
  ","06/Jul/26 11:30 AM;557058:f58131cb-b67d-43c7-b30d-6b58d40bd077;Sub-task QA-1273 was updated:
  • Status: Done
  ","06/Jul/26 11:30 AM;557058:f58131cb-b67d-43c7-b30d-6b58d40bd077;Sub-task QA-1272 was updated:
  • Status: Done
  ","07/Jul/26 8:44 AM;557058:f58131cb-b67d-43c7-b30d-6b58d40bd077;Sub-task QA-1271 was updated:
  • Status: Done
  ",,,,,,,,,,,,,,,,,,,,,,,,320810,QA-796,Unite MSC Test Automation,Done,7/7/2026 8:44
[V3][Universal Enrollment] NJD – Investment portfolio page details changed & Active funds missing in BYO Investment Options (Test data CSF file vs UI mismatch),QA-1242,339659,Bug,Closed,QA,QA Automation,software,Timothy Kaufman,6418909f67102fc717c0b0d8,"{quote}Automation & Performance Testing Center of Excellence 


Tracks test strategy, execution, CI results, risk mitigation, and engineering dashboards.  


Project lead: Swapnil Patil (Functional) | Timothy Kaufman (JIRA Admin){quote}",https://confluence.ascensus.com/pages/viewpage.action?pageId=315559619,High,Done,Dinesh Kumar,712020:d83927fa-1ed7-43f2-94b8-4cd6bf64ac3f,Dinesh Kumar,712020:d83927fa-1ed7-43f2-94b8-4cd6bf64ac3f,Dinesh Kumar,712020:d83927fa-1ed7-43f2-94b8-4cd6bf64ac3f,6/25/2026 13:15,6/26/2026 12:08,,6/26/2026 12:08,,AMSQUAD Sprint 26.10,6/26/2026 0:00,0,QA-Board-View,Regression,,,,,"During execution of *“User selects build your own investment Options for Enrollment of Individual Account with BYO and One-Time Bank Contribution Option”* for *NJD plan*, failure is observed due to *recent changes in Investment Portfolio page UI/content*.

Because of this change, *funds that are active in DB (web_status='A') and present in CSV test data are not displayed in UI*, leading to validation failure.

----

h3. *Environment:*

* Application: Universal Enrollment
* Plan: NJD (NJBEST 529)
* Flow: BYO Investment Selection
* Environment: Stage
* Report:
[https://ascensus-gs.gitlab.io/-/products/depot/qa-automation/prime-test-automation/-/jobs/15025513865/artifacts/unite/unite-universal-enrollment/target/surefire-reports/njd.20260625011234781.UniversalEnrollmentPositive.feature_html_chrome_failedresult.html|https://ascensus-gs.gitlab.io/-/products/depot/qa-automation/prime-test-automation/-/jobs/15025513865/artifacts/unite/unite-universal-enrollment/target/surefire-reports/njd.20260625011234781.UniversalEnrollmentPositive.feature_html_chrome_failedresult.html]

----

h3. *Steps to Reproduce:*

# Start NJD Individual Account enrollment
# Select *Build Your Own (BYO)*
# Proceed with *One-Time Bank Contribution*
# Navigate to *Select Portfolios page*
# Compare UI portfolios with DB/CSV data

----

h3. *Actual Result:*

* ❌ Investment portfolio page structure/content is changed
* ❌ Multiple active funds (from DB & CSV) are *not shown in UI*
* ❌ Only partial portfolios displayed (Target portfolios + limited Objective-based portfolios)

Error:

{noformat}java.lang.AssertionError: Funds in database (web_status='A') but not shown in UE:
[Franklin U.S. Government Money 529 Portfolio,
 NJ Treasury-Managed Portfolio A,
 NJ Treasury-Managed Portfolio B,
 NJ Treasury-Managed Portfolio C,
 NJ Treasury-Managed Portfolio D,
 NJ Treasury-Managed Portfolio E,
 New Jersey Treasury-Managed Better Educational Savings Portfolio]
{noformat}

----

h3. *Expected Result:*

* ✅ Investment portfolio page should display *all active funds (web_status='A')*
* ✅ UI should be consistent with DB and CSV test data
* ✅ No unintended filtering due to UI changes

----

h3. *Evidence:*

* *DB:* Active funds exist (verified with fund IDs and allocation data)
* *CSV:* Expected funds present in test data",,Dinesh Kumar,,,712020:d83927fa-1ed7-43f2-94b8-4cd6bf64ac3f,,,,,,,,,,,,,,,,,,,,,,,,,,,,,,,,,,,,,,,,,ApprovalsCFValue{approvals=[]},,,,,,,,,,,,,,,,,,,,,,,,,,,,,,,,,,,,,,,,,,,,,,,,,,,{},,,,,,,,,,,,,,,,,,,,,,,,,,,,,,,,,,,,,,,,,,,,,,,,,,,,,,,,,,,,,,,,,,,,,,,,,,,,,,,,,,,,,,,,,,,,,,,,,0|i180gd:zp,,,,,,,,,,,,,,,,,,,,,,Taken care in Automation,UI/UX Improvement,,,,,,,,,,,,,,,,,,,,AMSQUAD Sprint 26.10 6/24-7/07,,,,,,,,,,,,,,,,,,,,,,,,,,,,,,,,,,,,,1_*:*_1_*:*_82158958_*|*_11560_*:*_1_*:*_0_*|*_11550_*:*_1_*:*_163098,,,,,,,,,,,,,,,,,,,,,,,,,,,,,,,,,,,225845,QA-3,"Update regression test plan for Unite, Universal",Done,6/26/2026 12:08
[V3][Universal Enrollment] NYD – Account owner mailing address not displayed in Review/Submit section for NOSAMEADDR scenario,QA-1236,339642,Bug,Closed,QA,QA Automation,software,Timothy Kaufman,6418909f67102fc717c0b0d8,"{quote}Automation & Performance Testing Center of Excellence 


Tracks test strategy, execution, CI results, risk mitigation, and engineering dashboards.  


Project lead: Swapnil Patil (Functional) | Timothy Kaufman (JIRA Admin){quote}",https://confluence.ascensus.com/pages/viewpage.action?pageId=315559619,High,Done,Dinesh Kumar,712020:d83927fa-1ed7-43f2-94b8-4cd6bf64ac3f,Dinesh Kumar,712020:d83927fa-1ed7-43f2-94b8-4cd6bf64ac3f,Dinesh Kumar,712020:d83927fa-1ed7-43f2-94b8-4cd6bf64ac3f,6/25/2026 12:43,7/20/2026 14:46,,6/26/2026 12:06,,AMSQUAD Sprint 26.10,6/26/2026 0:00,0,QA-Board-View,Regression,,,,,"During execution of Universal Enrollment flow, *Account owner mailing address is not found in the Review/Submit page*, causing assertion failure in automation during verification step:

{quote}_“User verifies information on submit page for <test case name>”_{quote}

This issue is consistently observed for *NYD plan*, while *NMD plan passes for same scenario*.

----

h3. *Environment:*

* Application: Universal Enrollment
* Plan: NYD (New York 529)
* Environment: Stage
* Feature: {{UniversalEnrollmentPositive.feature}}

----

h3. *Steps to Reproduce:*

# Start enrollment for NYD Individual Account
# Select *NOSAMEADDR* (Different mailing address)
# Enter mailing address on Account Owner Address page
# Continue with funding (Bank / Contribution flow)
# Navigate to *Review/Submit page*
# Verify Account Owner Mailing Address

----

h3. *Actual Result:*

* ❌ Mailing address from test data (e.g., {{ADDRLINE1_AO_MAIL}}) is *not found in Review section*
* Assertion failure occurs:

{noformat}java.lang.AssertionError: Account owner mailing address not found in review section expected [true] but found [false]
{noformat}

----

h3. *Expected Result:*

* ✅ Mailing address entered on Account Owner Address page should be *displayed correctly in Review/Submit section*

----

h3. *Failure Details:*

||Layer||File||Line(s)||Observation||
|Assertion Trigger|UniversalEnrollmentStepDefs.java|1833–1834|Mailing address validation fails|
|Assertion Method|UniversalEnrollmentStepDefs.java|1766|{{assertTrue(sectionText.contains(value))}} throws error|
|Validation Method|UniversalEnrollmentStepDefs.java|1777–1838|{{verifySubmitPageInformation}}|
|Mailing Input|UniversalEnrollmentStepDefs.java|256–274|Mailing address entered|
|Data Override|UniversalEnrollmentStepDefs.java|515 → 879|Mailing data potentially overwritten|
|Locator Gap|universal_enrollment_locators.txt|251|No locator for mailing address in NYD review|

*Comparison Summary:*

|*Scenario*|*Result*|
|NYD|❌ Mailing mismatch → Test fails|
|NMD|✅ Mailing matches → Test passes|

----",,Dinesh Kumar,,,712020:d83927fa-1ed7-43f2-94b8-4cd6bf64ac3f,,,,,,,,,,,,,,,,,,,,,DEVOPS-8494,,,,,,,,,,,,,,,,,,,,ApprovalsCFValue{approvals=[]},,,,,,,,,,,,,,,,,,,,,,,,,,,,,,,,,,,,,,,,,,,,,,,,,,,{},,,,,,,,,,,,,,,,,,,,,,,,,,,,,,,,,,,,,,,,,,,,,,,,,,,,,,,,,,,,,,,,,,,,,,,,,,,,,,,,,,,,,,,,,,,,,,,,,0|i180gd:zm,,,,,,,,,,,,,,,,,,,,,,I have taken care in Automation code as it was failing due to CR from UI,UI/UX Improvement,,,,,,,,,,,,,,,,,,,,AMSQUAD Sprint 26.10 6/24-7/07,,,,,,,,,,,,,,,,,,,,,,,,,,,,,,,,,,,,,1_*:*_1_*:*_84059827_*|*_3_*:*_1_*:*_4466_*|*_11560_*:*_1_*:*_0_*|*_11550_*:*_1_*:*_4789,,,,,,,,,,,,,,,,,,,,,,,,,,,,,,,,,,,225845,QA-3,"Update regression test plan for Unite, Universal",Done,6/26/2026 12:07
[V3][Universal Enrollment] Regression Failed- OHD – “Military I.D. Card” missing in ID Card Type dropdown on Account Identification page,QA-1235,339638,Bug,Closed,QA,QA Automation,software,Timothy Kaufman,6418909f67102fc717c0b0d8,"{quote}Automation & Performance Testing Center of Excellence 


Tracks test strategy, execution, CI results, risk mitigation, and engineering dashboards.  


Project lead: Swapnil Patil (Functional) | Timothy Kaufman (JIRA Admin){quote}",https://confluence.ascensus.com/pages/viewpage.action?pageId=315559619,High,Done,Dinesh Kumar,712020:d83927fa-1ed7-43f2-94b8-4cd6bf64ac3f,Dinesh Kumar,712020:d83927fa-1ed7-43f2-94b8-4cd6bf64ac3f,Dinesh Kumar,712020:d83927fa-1ed7-43f2-94b8-4cd6bf64ac3f,6/25/2026 12:29,6/26/2026 12:08,,6/26/2026 12:07,,AMSQUAD Sprint 26.10,6/26/2026 0:00,0,QA-Board-View,Regression,,,,,"During execution of *feature/UniversalEnrollmentPositiveOhio.feature* for OHD plans, while validating the test case _“Enrollment of Individual Account with KIS and ABI One-Time Bank Contribution Option and Beneficiary DOB Edit”_, an issue is observed on the *Account Identification (ID Verification) page*.

The *“Military I.D. Card”* option is *not displayed in the ID Card Type dropdown*, although it exists in the Test CSV Data.

----

h3. *Environment:*

* Stage1
* Ohio 529 Enrollment application
* URL: Enrollment → Account Identification page

----

h3. *Steps to Reproduce:*

# Navigate to Ohio 529 enrollment (Stage1)
# Start Individual Account enrollment flow
# Proceed with KIS and ABI One-Time Bank Contribution option
# Navigate to *Account Identification page*
# Click on *ID Card Type dropdown*
# Observe available options

----

h3. *Actual Result:*

* Dropdown options displayed:
** Driver’s License
** State Issued I.D. Card
* ❌ “Military I.D. Card” option is *missing*

----

h3. *Expected Result:*

* ✅ “Military I.D. Card” should be available in the dropdown, as it is present in CSV file:
** {{AO_IDENTIFICATION_TYPE}}

----

h3. *Evidence:*

* UI Screenshot: Shows only Driver’s License & State Issed I.D. Card
* DB Screenshot: Shows multiple entries for “Military I.D. Card”

----

h3. *Impact:*

* Users cannot select Military ID for identity verification
* Causes *functional gap between UI and Test Data(CSV FILE)*
* May impact enrollment completion for applicable users



*Screenshot:*
In Automation CSV

!image-20260625-163137.png|width=159,alt=""image-20260625-163137.png""!



In UI(Actual)


!image-20260625-163151.png|width=468,alt=""image-20260625-163151.png""!",,Dinesh Kumar,,,712020:d83927fa-1ed7-43f2-94b8-4cd6bf64ac3f,,,,,,,,,,,,,,,,,,,,,,,,,,,25/Jun/26 12:32 PM;966341d4-57ec-4a5a-a931-2db262ca6a01;image-20260625-163137.png;https://ascensuscollegesavings.atlassian.net/rest/api/3/attachment/content/101315,25/Jun/26 12:32 PM;966341d4-57ec-4a5a-a931-2db262ca6a01;image-20260625-163151.png;https://ascensuscollegesavings.atlassian.net/rest/api/3/attachment/content/101316,,,,,,,,,,,,,ApprovalsCFValue{approvals=[]},,,,,,,,,,,,,,,,,,,,,,,,,,,,,,,,,,,,,,,,,,,,,,,,,,,{},,,,,,,,,,,,,,,,,,,,,,,,,,,,,,,,,,,,,,,,,,,,,,,,,,,,,,,,,,,,,,,,,,,,,,,,,,,,,,,,,,,,,,,,,,,,,,,,,0|i180gd:zo,,,,,,,,,,,,,,,,,,,,,,Fixed in AUtomation scripts ,UI/UX Improvement,,,,,,,,,,,,,,,,,,,,AMSQUAD Sprint 26.10 6/24-7/07,,,,,,,,,,,,,,,,,,,,,,,,,,,,,,,,,,,,,1_*:*_1_*:*_84899015_*|*_11560_*:*_1_*:*_0_*|*_11550_*:*_1_*:*_141951,,,,,,,,,,,,,,,,,,,,,,,,,,,,,,,,,,,225845,QA-3,"Update regression test plan for Unite, Universal",Done,6/26/2026 12:07
[UNITE-MSC][Mobile2] Mobile Ugift Post — discovery and integration vertical slice,QA-1218,339251,Story,Done,QA,QA Automation,software,Timothy Kaufman,6418909f67102fc717c0b0d8,"{quote}Automation & Performance Testing Center of Excellence 


Tracks test strategy, execution, CI results, risk mitigation, and engineering dashboards.  


Project lead: Swapnil Patil (Functional) | Timothy Kaufman (JIRA Admin){quote}",https://confluence.ascensus.com/pages/viewpage.action?pageId=315559619,Medium,Done,Dinesh Kumar,712020:d83927fa-1ed7-43f2-94b8-4cd6bf64ac3f,Swapnil Patil,6357f972fc0cc7a600ae8914,Swapnil Patil,6357f972fc0cc7a600ae8914,6/24/2026 9:19,7/2/2026 9:39,,6/30/2026 7:39,,AMSQUAD Sprint 26.10,6/30/2026 0:00,0,QA-Board-View,Regression,unite-msc,,,," [UNITE-MSC][Mobile2] ****** — discovery spike and legacy coverage matrix

*Acceptance criteria:*

* Legacy repo + Postman evidence inventoried
* Coverage matrix: migrate / exclude / park with Dev sign-off
* Postman vs framework comparison notes for ≥1 happy path",,Automation for Jira,Swapnil Patil,,557058:f58131cb-b67d-43c7-b30d-6b58d40bd077,6357f972fc0cc7a600ae8914,,,,,,,,,,,,,,,,,,,,,,,,,,,,,,,QA Automation,,,,,,,,,ApprovalsCFValue{approvals=[]},,,,,,,,,,,,,,,,,,,,,,,,,,,,,,,,,,,,,,,,,,,,,,,,,,,{},,,,,,,,,,,,,,,,,,,,,,,,,,,,,,,,,,,,,,,,,,,,,,,,,,,,,,,,,,,,,,,,,,,,,,,,,,,,,,,,,,,,,,,,,,,,,,,,,0|i180gc:w,,,,,,,,,,,,,,,,,,,,,,,,,,,,,,,,,,,,,,,,,,,AMSQUAD Sprint 26.10 6/24-7/07,,,,,3,,,,,,,,,4821708b-58a1-45f9-93f1-fe52c0da32a7,QA Automation,,,,,,,,,,,,,,,,,,,,,13:58.9,10415_*:*_1_*:*_360512589_*|*_10409_*:*_1_*:*_14960_*|*_10000_*:*_1_*:*_78806985_*|*_10420_*:*_1_*:*_0,"25/Jun/26 7:13 AM;557058:f58131cb-b67d-43c7-b30d-6b58d40bd077;Sub-task QA-1219 was updated:
  • Status: Refinement
  ","26/Jun/26 9:04 AM;557058:f58131cb-b67d-43c7-b30d-6b58d40bd077;Sub-task QA-1219 was updated:
  • Status: In Progress
  ","29/Jun/26 9:09 AM;557058:f58131cb-b67d-43c7-b30d-6b58d40bd077;Sub-task QA-1219 was updated:
  • Status: Done
  ","29/Jun/26 9:09 AM;557058:f58131cb-b67d-43c7-b30d-6b58d40bd077;Sub-task QA-1220 was updated:
  • Status: In Progress
  ","29/Jun/26 11:21 AM;557058:f58131cb-b67d-43c7-b30d-6b58d40bd077;Sub-task QA-1220 was updated:
  • Status: Done
  ","29/Jun/26 11:21 AM;557058:f58131cb-b67d-43c7-b30d-6b58d40bd077;Sub-task QA-1221 was updated:
  • Status: In Progress
  ","29/Jun/26 11:22 AM;557058:f58131cb-b67d-43c7-b30d-6b58d40bd077;Sub-task QA-1221 was updated:
  • Status: Done
  ",,,,,,,,,,,,,,,,,,,,,,,,,,,,320810,QA-796,Unite MSC Test Automation,Done,6/30/2026 7:39
[UNITE-MSC][Mobile2] YTD Summary — discovery and integration vertical slice,QA-1071,336189,Story,Done,QA,QA Automation,software,Timothy Kaufman,6418909f67102fc717c0b0d8,"{quote}Automation & Performance Testing Center of Excellence 


Tracks test strategy, execution, CI results, risk mitigation, and engineering dashboards.  


Project lead: Swapnil Patil (Functional) | Timothy Kaufman (JIRA Admin){quote}",https://confluence.ascensus.com/pages/viewpage.action?pageId=315559619,Medium,Done,Dinesh Kumar,712020:d83927fa-1ed7-43f2-94b8-4cd6bf64ac3f,Swapnil Patil,6357f972fc0cc7a600ae8914,Swapnil Patil,6357f972fc0cc7a600ae8914,6/10/2026 11:30,7/17/2026 9:54,,7/17/2026 8:27,,AMSQUAD Sprint 26.11,7/17/2026 0:00,0,QA-Board-View,Regression,unite-msc,,,," [UNITE-MSC][Mobile2] ****** — discovery spike and legacy coverage matrix

*Acceptance criteria:*

* Legacy repo + Postman evidence inventoried
* Coverage matrix: migrate / exclude / park with Dev sign-off
* Postman vs framework comparison notes for ≥1 happy path",,Automation for Jira,Swapnil Patil,,557058:f58131cb-b67d-43c7-b30d-6b58d40bd077,6357f972fc0cc7a600ae8914,,,,,,,,,,,,,,,,,,,,,,,,,,,,,,,QA Automation,,,,,,,,,ApprovalsCFValue{approvals=[]},,,,,,,,,,,,,,,,,,,,,,,,,,,,,,,,,,,,,,,,,,,,,,,,,,,{},,,,,,,,,,,,,,,,,,,,,,,,,,,,,,,,,,,,,,,,,,,,,,,,,,,,,,,,,,,,,,,,,,,,,,,,,,,,,,,,,,,,,,,,,,,,,,,,,0|i18aod:,,,,,,,,,,,,,,,,,,,,,,,,,,,,,,,,,,,,,,,,,,,AMSQUAD Sprint 26.11 7/08-7/21,,,7/10/2026 0:00,,3,,,,,,,,,4821708b-58a1-45f9-93f1-fe52c0da32a7,QA Automation,,,,,,,,,,,,,,,,,,,,,52:41.8,10415_*:*_1_*:*_94304077_*|*_3_*:*_1_*:*_509959292_*|*_10409_*:*_1_*:*_17095539_*|*_10000_*:*_1_*:*_2473108617_*|*_10420_*:*_1_*:*_0,"10/Jul/26 8:52 AM;557058:f58131cb-b67d-43c7-b30d-6b58d40bd077;Sub-task QA-1327 was updated:
  • Status: In Progress
  ","13/Jul/26 12:37 AM;557058:f58131cb-b67d-43c7-b30d-6b58d40bd077;Sub-task QA-1326 was updated:
  • Status: Done
  ","13/Jul/26 12:37 AM;557058:f58131cb-b67d-43c7-b30d-6b58d40bd077;Sub-task QA-1327 was updated:
  • Status: Done
  ","13/Jul/26 12:39 AM;557058:f58131cb-b67d-43c7-b30d-6b58d40bd077;Sub-task QA-1328 was updated:
  • Status: In Progress
  ","16/Jul/26 7:04 AM;557058:f58131cb-b67d-43c7-b30d-6b58d40bd077;Sub-task QA-1328 was updated:
  • Status: Done
  ",,,,,,,,,,,,,,,,,,,,,,,,,,,,,,320810,QA-796,Unite MSC Test Automation,Done,7/17/2026 8:27
[UNITE-MSC][Mobile2] Plan Selection — discovery and integration vertical slice,QA-1069,336187,Story,Done,QA,QA Automation,software,Timothy Kaufman,6418909f67102fc717c0b0d8,"{quote}Automation & Performance Testing Center of Excellence 


Tracks test strategy, execution, CI results, risk mitigation, and engineering dashboards.  


Project lead: Swapnil Patil (Functional) | Timothy Kaufman (JIRA Admin){quote}",https://confluence.ascensus.com/pages/viewpage.action?pageId=315559619,Medium,Done,Dinesh Kumar,712020:d83927fa-1ed7-43f2-94b8-4cd6bf64ac3f,Swapnil Patil,6357f972fc0cc7a600ae8914,Swapnil Patil,6357f972fc0cc7a600ae8914,6/10/2026 11:29,7/2/2026 9:05,,7/2/2026 9:05,,AMSQUAD Sprint 26.10,7/2/2026 0:00,0,QA-Board-View,Regression,unite-msc,,,," [UNITE-MSC][Mobile2] ****** — discovery spike and legacy coverage matrix

*Acceptance criteria:*

* Legacy repo + Postman evidence inventoried
* Coverage matrix: migrate / exclude / park with Dev sign-off
* Postman vs framework comparison notes for ≥1 happy path",,Automation for Jira,Swapnil Patil,,557058:f58131cb-b67d-43c7-b30d-6b58d40bd077,6357f972fc0cc7a600ae8914,,,,,,,,,,,,,,,,,,,,,,,,,,,,,,,QA Automation,,,,,,,,,ApprovalsCFValue{approvals=[]},,,,,,,,,,,,,,,,,,,,,,,,,,,,,,,,,,,,,,,,,,,,,,,,,,,{},,,,,,,,,,,,,,,,,,,,,,,,,,,,,,,,,,,,,,,,,,,,,,,,,,,,,,,,,,,,,,,,,,,,,,,,,,,,,,,,,,,,,,,,,,,,,,,,,0|i180gc:wi,,,,,,,,,,,,,,,,,,,,,,,,,,,,,,,,,,,,,,,,,,,AMSQUAD Sprint 26.10 6/24-7/07,,,6/30/2026 0:00,,3,,,,,,,,,4821708b-58a1-45f9-93f1-fe52c0da32a7,QA Automation,,,,,,,,,,,,,,,,,,,,,57:56.6,3_*:*_1_*:*_83612218_*|*_10409_*:*_1_*:*_17127961_*|*_10000_*:*_1_*:*_1697386917_*|*_10420_*:*_1_*:*_0,"01/Jul/26 6:57 AM;557058:f58131cb-b67d-43c7-b30d-6b58d40bd077;Sub-task QA-1254 was updated:
  • Status: Done
  ","01/Jul/26 6:58 AM;557058:f58131cb-b67d-43c7-b30d-6b58d40bd077;Sub-task QA-1256 was updated:
  • Status: In Progress
  ","01/Jul/26 6:58 AM;557058:f58131cb-b67d-43c7-b30d-6b58d40bd077;Sub-task QA-1256 was updated:
  • Status: Done
  ","01/Jul/26 6:58 AM;557058:f58131cb-b67d-43c7-b30d-6b58d40bd077;Sub-task QA-1255 was updated:
  • Status: In Progress
  ","01/Jul/26 6:58 AM;557058:f58131cb-b67d-43c7-b30d-6b58d40bd077;Sub-task QA-1255 was updated:
  • Status: Done
  ",,,,,,,,,,,,,,,,,,,,,,,,,,,,,,320810,QA-796,Unite MSC Test Automation,Done,7/2/2026 9:05
[UNITE-MSC][Mobile2] Mobile Ugift Get — discovery and integration vertical slice,QA-1066,336181,Story,Done,QA,QA Automation,software,Timothy Kaufman,6418909f67102fc717c0b0d8,"{quote}Automation & Performance Testing Center of Excellence 


Tracks test strategy, execution, CI results, risk mitigation, and engineering dashboards.  


Project lead: Swapnil Patil (Functional) | Timothy Kaufman (JIRA Admin){quote}",https://confluence.ascensus.com/pages/viewpage.action?pageId=315559619,Medium,Done,Dinesh Kumar,712020:d83927fa-1ed7-43f2-94b8-4cd6bf64ac3f,Swapnil Patil,6357f972fc0cc7a600ae8914,Swapnil Patil,6357f972fc0cc7a600ae8914,6/10/2026 11:26,6/30/2026 7:39,,6/30/2026 7:39,,AMSQUAD Sprint 26.10,6/30/2026 0:00,0,QA-Board-View,Regression,unite-msc,,,," [UNITE-MSC][Mobile2] ****** — discovery spike and legacy coverage matrix

*Acceptance criteria:*

* Legacy repo + Postman evidence inventoried
* Coverage matrix: migrate / exclude / park with Dev sign-off
* Postman vs framework comparison notes for ≥1 happy path",,Automation for Jira,Swapnil Patil,,557058:f58131cb-b67d-43c7-b30d-6b58d40bd077,6357f972fc0cc7a600ae8914,,,,,,,,,,,,,,,,,,,,,,,,,,,,,,,QA Automation,,,,"*Mobile2 – Ugift ID Creation and Retrieval API Validation*

*Description*

*This story focuses on validating the Mobile2 Ugift functionality, which allows members to create and retrieve Ugift IDs for eligible accounts.*

*The feature ensures:*

* *Ugift ID is generated only for eligible account types (Regular accounts)*
* *Restricted account types (Matching Grant, Kids accounts) do not allow Ugift creation*
* *Existing Ugift IDs are reused instead of creating duplicates*
* *Ugift information is correctly returned while accessing the Ugift page*

----

*Endpoints*

* *PATCH /mobile2/accounts/{ext}/ugift*
* *GET /mobile2/accounts/ugift*

----

*✅ Acceptance Criteria*

*✅ AC1: Create Ugift ID for Regular Account*

* *Given account type = R*
* *When PATCH API is triggered*
* *Then:*
** *Ugift ID should be generated*
** *ugiftStatus = 1*

----

*✅ AC2: Do Not Create Ugift for Matching Grant Account*

* *Given account type = M*
* *Then:*
** *Ugift ID should NOT be created*
** *ugiftStatus = 0*

----

*✅ AC3: Do Not Create Ugift for Kids Matching Account*

* *Given account type = K*
* *Then:*
** *Ugift ID should NOT be created*
** *ugiftStatus = 0*

----

*✅ AC4: Reuse Existing Ugift ID*

* *Given account already has Ugift ID*
* *Then:*
** *Same ID should be returned*
** *No new Ugift ID generated*

----

*✅ AC5: Retrieve Ugift Details*

* *When user accesses Ugift Page*
* *Then:*
** *Correct ugiftId*
** *Correct ugiftStatus*
** *Beneficiary details displayed*

----

*✅ AC6: Closed Account Handling*

* *If account is closed*
* *Then:*
** *isClosedAcct = true*
** *closedDate should be available*

----

*✅ AC7: Multiple Accounts Support*

* *If multiple beneficiaries/accounts exist*
* *Then:*
** *All Ugift accounts should be returned*

----

----

*✅ 2. API Test Cases (Automation Friendly)*

----

*✅ TC1: Create Ugift ID – Valid Case*

*Pre-condition:*

* *regType = R*

* *ugiftStatus = 0*

 

*Steps:*

# *Call PATCH /mobile2/accounts/{ext}/ugift*

 

*Expected:*

* *Response 200*

* *ugiftId != null*

* *ugiftStatus = 1*

----

*❌ TC2: Matching Grant Account*

*Pre-condition:*

* *regType = M*

 

*Expected:*

* *ugiftId = null/empty*

* *ugiftStatus = 0*

----

*❌ TC3: Kids Matching Account*

*Pre-condition:*

* *regType = K*

 

*Expected:*

* *ugiftId = null*

* *ugiftStatus = 0*

----

*✅ TC4: Existing Ugift ID*

*Pre-condition:*

* *ugiftId = C4C-C4C*

 

*Expected:*

* *Same ugiftId returned*

* *No duplication*

----

*✅ TC5: GET Ugift Accounts*

*Steps:*

# *Call GET /mobile2/accounts/ugift*

 

*Expected:*

* *List of accounts*

* *Valid ugiftId*

* *ugiftStatus reflects DB*",,,,,ApprovalsCFValue{approvals=[]},,,,,,,,,,,,,,,,,,,,,,,,,,,,,,,,,,,,,,,,,,,,,,,,,,,{},,,,,,,,,,,,,,,,,,,,,,,,,,,,,,,,,,,,,,,,,,,,,,,,,,,,,,,,,,,,,,,,,,,,,,,,,,,,,,,,,,,,,,,,,,,,,,,,,0|i180gc:v,,,,,,,,,,,,,,,,,,,,,,,,,,,,,,,,,,,,,,,,,,,AMSQUAD Sprint 26.10 6/24-7/07,,,6/29/2026 0:00,,3,,,,,,,,,4821708b-58a1-45f9-93f1-fe52c0da32a7,QA Automation,,,,,,,,,,,,,,,,,,,,,49:53.3,3_*:*_1_*:*_7893497_*|*_10409_*:*_1_*:*_66221_*|*_10000_*:*_1_*:*_1633330831_*|*_10420_*:*_1_*:*_0,"25/Jun/26 9:49 AM;557058:f58131cb-b67d-43c7-b30d-6b58d40bd077;Sub-task QA-1222 was updated:
  • Status: In Progress
  ","29/Jun/26 9:09 AM;557058:f58131cb-b67d-43c7-b30d-6b58d40bd077;Sub-task QA-1222 was updated:
  • Status: Done
  ","29/Jun/26 9:09 AM;557058:f58131cb-b67d-43c7-b30d-6b58d40bd077;Sub-task QA-1223 was updated:
  • Status: In Progress
  ","29/Jun/26 11:20 AM;557058:f58131cb-b67d-43c7-b30d-6b58d40bd077;Sub-task QA-1223 was updated:
  • Status: Done
  ","29/Jun/26 11:20 AM;557058:f58131cb-b67d-43c7-b30d-6b58d40bd077;Sub-task QA-1224 was updated:
  • Status: In Progress
  ","29/Jun/26 11:21 AM;557058:f58131cb-b67d-43c7-b30d-6b58d40bd077;Sub-task QA-1224 was updated:
  • Status: Done
  ",,,,,,,,,,,,,,,,,,,,,,,,,,,,,320810,QA-796,Unite MSC Test Automation,Done,6/30/2026 7:39
[UNITE-MSC][Mobile2] Content — integration vertical slice and QC4 gate test,QA-1061,336176,Story,Done,QA,QA Automation,software,Timothy Kaufman,6418909f67102fc717c0b0d8,"{quote}Automation & Performance Testing Center of Excellence 


Tracks test strategy, execution, CI results, risk mitigation, and engineering dashboards.  


Project lead: Swapnil Patil (Functional) | Timothy Kaufman (JIRA Admin){quote}",https://confluence.ascensus.com/pages/viewpage.action?pageId=315559619,Medium,Done,Dinesh Kumar,712020:d83927fa-1ed7-43f2-94b8-4cd6bf64ac3f,Swapnil Patil,6357f972fc0cc7a600ae8914,Swapnil Patil,6357f972fc0cc7a600ae8914,6/10/2026 11:23,6/22/2026 9:01,,6/22/2026 9:01,,AMSQUAD Sprint 26.09,6/22/2026 0:00,0,QA-Board-View,Regression,unite-msc,,,,"[UNITE-MSC][Mobile2] Activities — integration vertical slice (QC4 deployment gate)

*Acceptance criteria:*

* ≥1 integration-tagged scenario passes QC4 ({{-Pmobile-ms-integration}})
* Extent report generated under {{target/mobile-ms-report/}}
* No hardcoded secrets; uses shared auth profile
* MR merged with Swapnil review",,Automation for Jira,Swapnil Patil,,557058:f58131cb-b67d-43c7-b30d-6b58d40bd077,6357f972fc0cc7a600ae8914,,,,,,,,,,,,,,,,,,,,,,,,,,,,,,,QA Automation,,,,,,,,,ApprovalsCFValue{approvals=[]},,,,,,,,,,,,,,,,,,,,,,,,,,,,,,,,,,,,,,,,,,,,,,,,,,,{},,,,,,,,,,,,,,,,,,,,,,,,,,,,,,,,,,,,,,,,,,,,,,,,,,,,,,,,,,,,,,,,,,,,,,,,,,,,,,,,,,,,,,,,,,,,,,,,,0|i16z95:d8i,,,,,,,,,,,,,,,,,,,,,,,,,,,,,,,,,,,,,,,,,,,AMSQUAD Sprint 26.09 6/10-6/23,,,6/19/2026 0:00,,5,,,,,,,,,4821708b-58a1-45f9-93f1-fe52c0da32a7,QA Automation,,,,,,,,,,,,,,,,,,,,,01:54.5,3_*:*_1_*:*_267888975_*|*_10409_*:*_1_*:*_200614_*|*_10000_*:*_1_*:*_759849564_*|*_10420_*:*_1_*:*_0,"18/Jun/26 9:01 AM;557058:f58131cb-b67d-43c7-b30d-6b58d40bd077;Sub-task QA-1108 was updated:
  • Status: In Progress
  ","18/Jun/26 9:01 AM;557058:f58131cb-b67d-43c7-b30d-6b58d40bd077;Sub-task QA-1109 was updated:
  • Status: In Progress
  ","18/Jun/26 9:02 AM;557058:f58131cb-b67d-43c7-b30d-6b58d40bd077;Sub-task QA-1110 was updated:
  • Status: In Progress
  ","18/Jun/26 9:02 AM;557058:f58131cb-b67d-43c7-b30d-6b58d40bd077;Sub-task QA-1108 was updated:
  • Status: Done
  ","18/Jun/26 9:02 AM;557058:f58131cb-b67d-43c7-b30d-6b58d40bd077;Sub-task QA-1109 was updated:
  • Status: Done
  ","19/Jun/26 6:33 AM;557058:f58131cb-b67d-43c7-b30d-6b58d40bd077;Sub-task QA-1110 was updated:
  • Status: Done
  ",,,,,,,,,,,,,,,,,,,,,,,,,,,,,320810,QA-796,Unite MSC Test Automation,Done,6/22/2026 9:01
[UNITE-MSC][Mobile2] Content — discovery spike and legacy coverage matrix,QA-1060,336175,Story,Done,QA,QA Automation,software,Timothy Kaufman,6418909f67102fc717c0b0d8,"{quote}Automation & Performance Testing Center of Excellence 


Tracks test strategy, execution, CI results, risk mitigation, and engineering dashboards.  


Project lead: Swapnil Patil (Functional) | Timothy Kaufman (JIRA Admin){quote}",https://confluence.ascensus.com/pages/viewpage.action?pageId=315559619,Medium,Done,Dinesh Kumar,712020:d83927fa-1ed7-43f2-94b8-4cd6bf64ac3f,Swapnil Patil,6357f972fc0cc7a600ae8914,Swapnil Patil,6357f972fc0cc7a600ae8914,6/10/2026 11:23,6/19/2026 6:33,,6/19/2026 6:33,,AMSQUAD Sprint 26.09,6/19/2026 0:00,0,QA-Board-View,Regression,unite-msc,,,," [UNITE-MSC][Mobile2] Activities — discovery spike and legacy coverage matrix

*Acceptance criteria:*

* Legacy repo + Postman evidence inventoried
* Coverage matrix: migrate / exclude / park with Dev sign-off
* Postman vs framework comparison notes for ≥1 happy path",,Automation for Jira,Swapnil Patil,,557058:f58131cb-b67d-43c7-b30d-6b58d40bd077,6357f972fc0cc7a600ae8914,,,,,,,,,,,,,,,,,,,,,,,,,,,,,,,QA Automation,,,,,,,,,ApprovalsCFValue{approvals=[]},,,,,,,,,,,,,,,,,,,,,,,,,,,,,,,,,,,,,,,,,,,,,,,,,,,{},,,,,,,,,,,,,,,,,,,,,,,,,,,,,,,,,,,,,,,,,,,,,,,,,,,,,,,,,,,,,,,,,,,,,,,,,,,,,,,,,,,,,,,,,,,,,,,,,0|i16z95:d8,,,,,,,,,,,,,,,,,,,,,,,,,,,,,,,,,,,,,,,,,,,AMSQUAD Sprint 26.09 6/10-6/23,,,6/19/2026 0:00,,3,,,,,,,,,4821708b-58a1-45f9-93f1-fe52c0da32a7,QA Automation,,,,,,,,,,,,,,,,,,,,,06:40.7,10415_*:*_1_*:*_690721912_*|*_3_*:*_1_*:*_0_*|*_10409_*:*_1_*:*_221797_*|*_10000_*:*_1_*:*_69189556,"15/Jun/26 6:06 AM;557058:f58131cb-b67d-43c7-b30d-6b58d40bd077;Sub-task QA-1105 was updated:
  • Status: Done
  ","15/Jun/26 6:06 AM;557058:f58131cb-b67d-43c7-b30d-6b58d40bd077;Sub-task QA-1106 was updated:
  • Status: In Progress
  ","15/Jun/26 6:08 AM;557058:f58131cb-b67d-43c7-b30d-6b58d40bd077;Sub-task QA-1107 was updated:
  • Status: In Progress
  ","19/Jun/26 6:32 AM;557058:f58131cb-b67d-43c7-b30d-6b58d40bd077;Sub-task QA-1106 was updated:
  • Status: Done
  ","19/Jun/26 6:32 AM;557058:f58131cb-b67d-43c7-b30d-6b58d40bd077;Sub-task QA-1107 was updated:
  • Status: Done
  ",,,,,,,,,,,,,,,,,,,,,,,,,,,,,,320810,QA-796,Unite MSC Test Automation,Done,6/19/2026 6:33
[V3][Entity] -Automate Open an account - E-E Test Validation,QA-1049,336084,Story,Done,QA,QA Automation,software,Timothy Kaufman,6418909f67102fc717c0b0d8,"{quote}Automation & Performance Testing Center of Excellence 


Tracks test strategy, execution, CI results, risk mitigation, and engineering dashboards.  


Project lead: Swapnil Patil (Functional) | Timothy Kaufman (JIRA Admin){quote}",https://confluence.ascensus.com/pages/viewpage.action?pageId=315559619,Low,Done,Dinesh Kumar,712020:d83927fa-1ed7-43f2-94b8-4cd6bf64ac3f,Swapnil Patil,6357f972fc0cc7a600ae8914,Swapnil Patil,6357f972fc0cc7a600ae8914,6/10/2026 9:10,6/23/2026 14:37,,6/23/2026 14:37,,AMSQUAD Sprint 26.09,6/23/2026 0:00,0,EntityRegression,QA-Board-View,Regression,,,,"

As part of V3 Entity Platform automation, we need to automate the *Open New Account*.

This ensures validation of the end-to-end user journey from authentication to account creation initiation, covering UI elements, navigation, and workflow correctness.



*Acceptance Criteria*

1.User should be able to log in successfully to Entity Dashboard

# After login, user should be navigated to Entity Dashboard

# “Open New Account” option/button should be visible

# User should be able to click on “Open New Account”

# System should navigate to the account opening flow/page

# Appropriate validations/messages should be displayed (if applicable)",,Automation for Jira,Swapnil Patil,,557058:f58131cb-b67d-43c7-b30d-6b58d40bd077,6357f972fc0cc7a600ae8914,,,,,,,,,,,,,,,,,,,,,,,,,,,,,,,,,,,,,,,,ApprovalsCFValue{approvals=[]},,,,,,,,,,,,,,,,,,,,,,,,,,,,,,,,,,,,,,,,,,,,,,,,,,,{},,,,,,,,,,,,,,,,,,,,,,,,,,,,,,,,,,,,,,,,,,,,,,,,,,,,,,,,,,,,,,,,,,,,,,,,,,,,,,,,,,,,,,,,,,,,,,,,,0|i16z95:i,,,,,,,,,,,,,,,,,,,,,,,,,,,,,,,,,,,,,,,,,,,AMSQUAD Sprint 26.09 6/10-6/23,,,6/18/2026 0:00,,2,,,,,,,,,,,,,,,,,,,,,,,,,,,,,,,27:04.5,10415_*:*_1_*:*_174859432_*|*_3_*:*_1_*:*_451316638_*|*_10409_*:*_1_*:*_16090_*|*_10000_*:*_1_*:*_515750968_*|*_10420_*:*_1_*:*_0,"16/Jun/26 8:27 AM;557058:f58131cb-b67d-43c7-b30d-6b58d40bd077;Sub-task QA-1113 was updated:
  • Status: In Progress
  ","23/Jun/26 2:27 PM;557058:f58131cb-b67d-43c7-b30d-6b58d40bd077;Sub-task QA-1113 was updated:
  • Status: Done
  ",,,,,,,,,,,,,,,,,,,,,,,,,,,,,,,,,322870,QA-825,"V3 Entity Dashboard & Entity Management — automation, pipelines, regression & smoke",Done,6/23/2026 14:37
[V3][UE] - Regression -TimeoutException due to invalid/stale locator for beneficiary account details element,QA-1044,334642,Bug,Closed,QA,QA Automation,software,Timothy Kaufman,6418909f67102fc717c0b0d8,"{quote}Automation & Performance Testing Center of Excellence 


Tracks test strategy, execution, CI results, risk mitigation, and engineering dashboards.  


Project lead: Swapnil Patil (Functional) | Timothy Kaufman (JIRA Admin){quote}",https://confluence.ascensus.com/pages/viewpage.action?pageId=315559619,Low,Done,Dinesh Kumar,712020:d83927fa-1ed7-43f2-94b8-4cd6bf64ac3f,Dinesh Kumar,712020:d83927fa-1ed7-43f2-94b8-4cd6bf64ac3f,Dinesh Kumar,712020:d83927fa-1ed7-43f2-94b8-4cd6bf64ac3f,6/8/2026 7:34,6/10/2026 9:14,,6/10/2026 9:14,,AMSQUAD Sprint 26.08,6/10/2026 0:00,0,QA-Board-View,Regression,,,,,"Automation test is failing in *Universal Enrollment Positive flow* while enrolling an Individual Account with KIS + One-Time Bank + Recurring Contribution option.

Failure is caused by an *element locator issue*, where the test is unable to find the beneficiary account details element within the timeout period.

Steps to Reproduce

# Run Unite Universal Enrollment regression suite
# Execute scenario:
*Enrollment of Individual Account with KIS and One-Time Bank and Recurring Contrib Option*
# Navigate to *Second Beneficiary Information step*
# Observe failure during beneficiary account details interaction

[Idaho College Saving Program - Tell us about the future scholar|https://ascensus-gs.gitlab.io/-/products/depot/qa-automation/prime-test-automation/-/jobs/14736716172/artifacts/unite/unite-universal-enrollment/target/surefire-reports/idd.20260608005348967.UniversalEnrollmentPositive.feature_html_chrome_failedresult.html]


h1. ✅ Expected Result

Beneficiary account details field should be located successfully and test should proceed with data entry.",,Dinesh Kumar,,,712020:d83927fa-1ed7-43f2-94b8-4cd6bf64ac3f,,,,,,,,,,,,,,,,,,,,,,,,,,,,,,,,,,,,,,,,,ApprovalsCFValue{approvals=[]},,,,,,,,,,,,,,,,,,,,,,,,,,,,,,,,,,,,,,,,,,,,,,,,,,,{},,,,,,,,,,,,,,,,,,,,,,,,,,,,,,,,,,,,,,,,,,,,,,,,,,,,,,,,,,,,,,,,,,,,,,,,,,,,,,,,,,,,,,,,,,,,,,,,,0|i176k5:zz,,,,,,,,,,,,,,,,,,,,,,issue was with the locator so added or dynamic xpath to fix it,Coding Issue,,,,,,,,,,,,,,,,,,,,AMSQUAD Sprint 26.08 5/27-6/10,,,,,,,,,,,,,,,,,,,,,,,,,,,,,,,,,,,,,1_*:*_1_*:*_17751_*|*_3_*:*_1_*:*_6628_*|*_11560_*:*_1_*:*_0_*|*_11550_*:*_1_*:*_4317,,,,,,,,,,,,,,,,,,,,,,,,,,,,,,,,,,,225845,QA-3,"Update regression test plan for Unite, Universal",Done,6/10/2026 9:14
[V3][Enrollment] - Regression - Database Validation Failure & Account Creation Error in Stage1,QA-1016,334192,Bug,Closed,QA,QA Automation,software,Timothy Kaufman,6418909f67102fc717c0b0d8,"{quote}Automation & Performance Testing Center of Excellence 


Tracks test strategy, execution, CI results, risk mitigation, and engineering dashboards.  


Project lead: Swapnil Patil (Functional) | Timothy Kaufman (JIRA Admin){quote}",https://confluence.ascensus.com/pages/viewpage.action?pageId=315559619,Low,Done,Dinesh Kumar,712020:d83927fa-1ed7-43f2-94b8-4cd6bf64ac3f,Dinesh Kumar,712020:d83927fa-1ed7-43f2-94b8-4cd6bf64ac3f,Dinesh Kumar,712020:d83927fa-1ed7-43f2-94b8-4cd6bf64ac3f,6/5/2026 6:10,6/10/2026 9:08,,6/5/2026 13:30,,AMSQUAD Sprint 26.08,6/9/2026 0:00,0,,,,,,,"{{Database results are empty}} exception observed during validation step and account creation failing with system error on final page in Stage1 (All Plans)


*Environment*

* Application: Unite – Universal Enrollment
* Environment: Stage1
* Module: Front Office – Enrollment
* Browser: Chrome (Local execution)
* Execution Type: Local Regression + Manual



h2. *Error Details (UI / API)*

* UI shows: *""There are some connectivity issues""*
* Network response (from {{/accounts}} API):
{
  ""status"": 500,
  ""message"": ""System error."",
  ""requestId"": ""015b5f85-4dd2-4673-8878-49428c59fd14""
}



h2. *Steps to Reproduce*

# Navigate to Universal Enrollment (Stage1)
# Complete enrollment flow:
#* Individual Account
#* BYO option
#* Check Contribution
# Proceed to final *Review (Account Open) page*
# Accept Terms & Conditions
# Click on *Open Accoun*

*Screenshot for manual and locally run ref:*

!image-20260605-102036.png|width=639,alt=""image-20260605-102036.png""!


[New York's 529 College Savings Program - Review|https://ascensus-gs.gitlab.io/-/products/depot/qa-automation/prime-test-automation/-/jobs/14707158101/artifacts/unite/unite-universal-enrollment/target/surefire-reports/nyd.20260605002116081.UniversalEnrollmentPositive.feature_html_chrome_failedresult.html]

*Exception:*
core.exception.ValidationException: Database results are empty
	at core.backoffice.ValidationStepDefs.validateDatabaseToTestCase(ValidationStepDefs.java:75)
	at ✽.validate database to test case Enrollment of Individual Account with BYO and Check Contribution Option([file:///builds/ascensus-gs/products/depot/qa-automation/prime-test-automation/unite/unite-universal-enrollment/src/test/resources/testsuite/frontoffice/enrollment/common/feature/UniversalEnrollmentPositive.feature:137)|file:///builds/ascensus-gs/products/depot/qa-automation/prime-test-automation/unite/unite-universal-enrollment/src/test/resources/testsuite/frontoffice/enrollment/common/feature/UniversalEnrollmentPositive.feature:137)]
",,Dinesh Kumar,,,712020:d83927fa-1ed7-43f2-94b8-4cd6bf64ac3f,,,43200,0,,0%,43200,0,,,,,,,,,,,,,,,,,,,05/Jun/26 6:21 AM;966341d4-57ec-4a5a-a931-2db262ca6a01;image-20260605-102036.png;https://ascensuscollegesavings.atlassian.net/rest/api/3/attachment/content/97682,,,,,,,,,,,,,,ApprovalsCFValue{approvals=[]},,,,,,,,,,,,,,,,,,,,,,,,,,,,,,,,,,,,,,,High,,,,,,,,,,,,{},,,,,,,,,,,,,,,,,,,,,,,,,,,,,,,,,,,,,,,,,,,,,,,,,,,,,,,,,,,,,,,,,,,,,,,,,,,,,,,,,,,,,,,,,,,,,,,,,0|i176k5:zx,,,,,,,,,,,,,,,,,,,,,,"Symptom: Universal Enrollment and partial enrollment failed on Stage1 (V2 multi-module regression + V3 UE suite). UI showed connectivity issues / functionality not available; API returned HTTP 500 System error; automation reported Database results are empty.

Root cause: Inserts into UII0.TU_PERSON and UII0.TU_BENE failed because CTL_INS_DTTM was NULL. These columns are populated by database triggers (TRG_TU_PERSON_BIUR, TRG_TU_BENE_BIUR). Both triggers were disabled in the UII0 schema, so insert-time audit timestamps were not set → ORA-01400: cannot insert NULL into (""UII0"".""TU_PERSON"".""CTL_INS_DTTM"") / (""UII0"".""TU_BENE"".""CTL_INS_DTTM"") (ORA-06512).

Fix: Triggers re-enabled on affected tables in UII0 (Swapnil Patil). Enrollment/account-open path expected to succeed once triggers are active.",Infrastructure Related,,,,,,,,,,,,,,,,,,,,AMSQUAD Sprint 26.08 5/27-6/10,,,,,,,,,,,,,,,,,,,,,,,,,,,,,,,,,,,,,1_*:*_1_*:*_8635627_*|*_3_*:*_1_*:*_2157_*|*_11560_*:*_1_*:*_0_*|*_11550_*:*_1_*:*_17719376,,,,,,,,,,,,,,,,,,,,,,,,,,,,,,,,,,,225845,QA-3,"Update regression test plan for Unite, Universal",Done,6/5/2026 13:30
[UNITE-MSC][Enrollment] Discover and inventory legacy Enrollment automation assets,QA-995,333416,Story,Done,QA,QA Automation,software,Timothy Kaufman,6418909f67102fc717c0b0d8,"{quote}Automation & Performance Testing Center of Excellence 


Tracks test strategy, execution, CI results, risk mitigation, and engineering dashboards.  


Project lead: Swapnil Patil (Functional) | Timothy Kaufman (JIRA Admin){quote}",https://confluence.ascensus.com/pages/viewpage.action?pageId=315559619,Low,Done,Dinesh Kumar,712020:d83927fa-1ed7-43f2-94b8-4cd6bf64ac3f,Swapnil Patil,6357f972fc0cc7a600ae8914,Swapnil Patil,6357f972fc0cc7a600ae8914,6/2/2026 13:56,8/5/2026 8:38,,8/5/2026 8:38,,AMSQUAD Sprint 26.12,8/5/2026 0:00,0,QA-Board-View,Regression,unite-msc,,,,"Read-only inventory of Unite Enrollment test assets in UniteMSC source repo:

* Feature file and scenario counts
* Step definition classes
* Config/property files
* SQL scripts and test data locations
* Last-known execution status

Populate 05-unite-enrollment-migration-tracker.md inventory section.

h3. Acceptance Criteria

* Inventory table populated (counts or TBD with owner)
* Source repo path documented per service
* Top 5 risks/blockers listed
* Feature → step mapping started (≥50% scenarios mapped or all if ≤20 scenarios)
* No modifications to source application repo

h3. ",,Automation for Jira,Dinesh Kumar,Swapnil Patil,557058:f58131cb-b67d-43c7-b30d-6b58d40bd077,712020:d83927fa-1ed7-43f2-94b8-4cd6bf64ac3f,6357f972fc0cc7a600ae8914,,,,,,,,,,,,,,,,,,QA-1507,,,,,,,,,,,,,,,,,,,,,ApprovalsCFValue{approvals=[]},,,,,,,,,,,,,,,,,,,,,,,,,,,,,,,,,,,,,,,,,,,,,,,,,,,{},,,,,,,,,,,,,,,,,,,,,,,,,,,,,,,,,,,,,,,,,,,,,,,,,,,,,,,,,,,,,,,,,,,,,,,,,,,,,,,,,,,,,,,,,,,,,,,,,0|i18pth:zzuzm,,,,,,,,,,,,,,,,,,,,,,,,,,,,,,,,,,,,,,,,,,,AMSQUAD Sprint 26.12 7/22-8/04,,,8/5/2026 0:00,,3,,,,,,,,,,,,,,,,,,,,,,,,,,,,,,,16:14.9,3_*:*_1_*:*_23150805_*|*_10409_*:*_1_*:*_8634_*|*_10000_*:*_1_*:*_5483964806_*|*_10420_*:*_1_*:*_0,"05/Aug/26 1:16 AM;557058:f58131cb-b67d-43c7-b30d-6b58d40bd077;Sub-task QA-1496 was updated:
  • Status: In Progress
  ","05/Aug/26 1:16 AM;557058:f58131cb-b67d-43c7-b30d-6b58d40bd077;Sub-task QA-1497 was updated:
  • Status: In Progress
  ","05/Aug/26 1:16 AM;557058:f58131cb-b67d-43c7-b30d-6b58d40bd077;Sub-task QA-1498 was updated:
  • Status: In Progress
  ","05/Aug/26 1:16 AM;557058:f58131cb-b67d-43c7-b30d-6b58d40bd077;Sub-task QA-1499 was updated:
  • Status: In Progress
  ","05/Aug/26 1:16 AM;557058:f58131cb-b67d-43c7-b30d-6b58d40bd077;Sub-task QA-1500 was updated:
  • Status: In Progress
  ","05/Aug/26 1:16 AM;557058:f58131cb-b67d-43c7-b30d-6b58d40bd077;Sub-task QA-1501 was updated:
  • Status: In Progress
  ","05/Aug/26 7:41 AM;557058:f58131cb-b67d-43c7-b30d-6b58d40bd077;Sub-task QA-1496 was updated:
  • Status: Done
  ","05/Aug/26 7:41 AM;557058:f58131cb-b67d-43c7-b30d-6b58d40bd077;Sub-task QA-1497 was updated:
  • Status: Done
  ","05/Aug/26 7:41 AM;557058:f58131cb-b67d-43c7-b30d-6b58d40bd077;Sub-task QA-1498 was updated:
  • Status: Done
  ","05/Aug/26 7:42 AM;557058:f58131cb-b67d-43c7-b30d-6b58d40bd077;Sub-task QA-1501 was updated:
  • Status: Done
  ","05/Aug/26 7:42 AM;557058:f58131cb-b67d-43c7-b30d-6b58d40bd077;Sub-task QA-1500 was updated:
  • Status: Done
  ","05/Aug/26 7:42 AM;557058:f58131cb-b67d-43c7-b30d-6b58d40bd077;Sub-task QA-1499 was updated:
  • Status: Done
  ","05/Aug/26 8:38 AM;712020:d83927fa-1ed7-43f2-94b8-4cd6bf64ac3f;For this user story ,I have created Doc for Unite MSC Enrollment",,,,,,,,,,,,,,,,,,,,,,320810,QA-796,Unite MSC Test Automation,Done,8/5/2026 8:38
[V3][Enrollment]- Regression failure observed in Universal Enrollment – First Step Sub Beneficiary flow,QA-967,332447,Bug,Closed,QA,QA Automation,software,Timothy Kaufman,6418909f67102fc717c0b0d8,"{quote}Automation & Performance Testing Center of Excellence 


Tracks test strategy, execution, CI results, risk mitigation, and engineering dashboards.  


Project lead: Swapnil Patil (Functional) | Timothy Kaufman (JIRA Admin){quote}",https://confluence.ascensus.com/pages/viewpage.action?pageId=315559619,Low,Done,Dinesh Kumar,712020:d83927fa-1ed7-43f2-94b8-4cd6bf64ac3f,Dinesh Kumar,712020:d83927fa-1ed7-43f2-94b8-4cd6bf64ac3f,Dinesh Kumar,712020:d83927fa-1ed7-43f2-94b8-4cd6bf64ac3f,5/29/2026 3:26,6/10/2026 9:08,,6/1/2026 11:15,,AMSQUAD Sprint 26.08,6/1/2026 0:00,0,,,,,,,"The automated test case for *UniversalEnrollmentFirstStepSubBene.feature* is failing consistently in the latest regression run.

This flow was previously working, indicating a *regression issue* impacting the Sub Beneficiary workflow under Universal Enrollment.

Steps:
Stage1
Plan - NYD and NMD
Login with Valid credential
Click on Next/submit button
Its redirecting to an error page

Details for NYD
username: QAAUTOTEST_UE_751690873
pass: Newton@123

Error


!image-20260529-072456.png|width=667,alt=""image-20260529-072456.png""!


Reg Link: [Application Error|https://ascensus-gs.gitlab.io/-/products/depot/qa-automation/prime-test-automation/-/jobs/14556477769/artifacts/unite/unite-universal-enrollment/target/surefire-reports/nyd.20260527030646954.UniversalEnrollmentFirstStepSubBene.feature_html_chrome_failedresult.html]

Expected:


* User should be able to successfully complete the *Sub Beneficiary step* without errors
* Flow should proceed to next step",,Dinesh Kumar,,,712020:d83927fa-1ed7-43f2-94b8-4cd6bf64ac3f,,,,,,,,,,,,,,,,,,,,,,,,,,,29/May/26 3:26 AM;966341d4-57ec-4a5a-a931-2db262ca6a01;image-20260529-072456.png;https://ascensuscollegesavings.atlassian.net/rest/api/3/attachment/content/96288,,,,,,,,,,,,,,ApprovalsCFValue{approvals=[]},,,,,,,,,,,,,,,,,,,,,,,,,,,,,,,,,,,,,,,,,,,,,,,,,,,{},,,,,,,,,,,,,,,,,,,,,,,,,,,,,,,,,,,,,,,,,,,,,,,,,,,,,,,,,,,,,,,,,,,,,,,,,,,,,,,,,,,,,,,,,,,,,,,,,0|i176k5:zv,,,,,,,,,,,,,,,,,,,,,,It was deployment issue. After re deployment it is working as expected,Configuration Issue,,,,,,,,,,,,,,,,,,,,AMSQUAD Sprint 26.08 5/27-6/10,,,,,,,,,,,,,,,,,,,,,,,,,,,,,,,,,,,,,1_*:*_1_*:*_286830694_*|*_3_*:*_1_*:*_6092_*|*_11560_*:*_1_*:*_0_*|*_11550_*:*_1_*:*_262658,01/Jun/26 11:13 AM;712020:d83927fa-1ed7-43f2-94b8-4cd6bf64ac3f;It seems there were deployment issue. After deployment its working as expected.,,,,,,,,,,,,,,,,,,,,,,,,,,,,,,,,,,225845,QA-3,"Update regression test plan for Unite, Universal",Done,6/1/2026 11:15
[V3][Entity]- Change Access level,QA-955,331638,Story,Done,QA,QA Automation,software,Timothy Kaufman,6418909f67102fc717c0b0d8,"{quote}Automation & Performance Testing Center of Excellence 


Tracks test strategy, execution, CI results, risk mitigation, and engineering dashboards.  


Project lead: Swapnil Patil (Functional) | Timothy Kaufman (JIRA Admin){quote}",https://confluence.ascensus.com/pages/viewpage.action?pageId=315559619,Low,Done,Dinesh Kumar,712020:d83927fa-1ed7-43f2-94b8-4cd6bf64ac3f,Dinesh Kumar,712020:d83927fa-1ed7-43f2-94b8-4cd6bf64ac3f,Dinesh Kumar,712020:d83927fa-1ed7-43f2-94b8-4cd6bf64ac3f,5/27/2026 8:36,6/10/2026 9:09,,6/5/2026 5:38,,AMSQUAD Sprint 26.08,6/5/2026 0:00,0,EntityRegression,QA-Board-View,Regression_Testing,,,,"*As a* Control Person / Admin
*I want to* update or modify the access level of existing team members in the Entity Management Dashboard
*So that* I can control permissions and ensure appropriate access to accounts and functionality based on role responsibilities",,Dinesh Kumar,,,712020:d83927fa-1ed7-43f2-94b8-4cd6bf64ac3f,,,,,,,,,,,,,,,,,,,,,,,,,,,,,,,,,,,,"GIVEN Control Person is logged into Entity Dashboard 
WHEN they navigate to Team Members section 
AND update access level of an existing user 
THEN the system should save the changes successfully 
AND updated permissions should be applied immediately",,,,,ApprovalsCFValue{approvals=[]},,,,,,,,,,,,,,,,,,,,,,,,,,,,,,,,,,,,,,,,,,,,,,,,,,,{},,,,,,,,,,,,,,,,,,,,,,,,,,,,,,,,,,,,,,,,,,,,,,,,,,,,,,,,,,,,,,,,,,,,,,,,,,,,,,,,,,,,,,,,,,,,,,,,,0|i176k5:,,,,,,,,,,,,,,,,,,,,,,,,,,,,,,,,,,,,,,,,,,,AMSQUAD Sprint 26.08 5/27-6/10,,,5/29/2026 0:00,,2,,,,,,,,,,,,,,,,,,,,,,,,,,,,,,,,3_*:*_1_*:*_444085203_*|*_10409_*:*_1_*:*_71956_*|*_10000_*:*_1_*:*_153384521_*|*_10420_*:*_1_*:*_0,,,,,,,,,,,,,,,,,,,,,,,,,,,,,,,,,,,322870,QA-825,"V3 Entity Dashboard & Entity Management — automation, pipelines, regression & smoke",Done,6/5/2026 5:38
[V3][Entity]- Remove Team Member,QA-954,331637,Story,Done,QA,QA Automation,software,Timothy Kaufman,6418909f67102fc717c0b0d8,"{quote}Automation & Performance Testing Center of Excellence 


Tracks test strategy, execution, CI results, risk mitigation, and engineering dashboards.  


Project lead: Swapnil Patil (Functional) | Timothy Kaufman (JIRA Admin){quote}",https://confluence.ascensus.com/pages/viewpage.action?pageId=315559619,Low,Done,Dinesh Kumar,712020:d83927fa-1ed7-43f2-94b8-4cd6bf64ac3f,Dinesh Kumar,712020:d83927fa-1ed7-43f2-94b8-4cd6bf64ac3f,Dinesh Kumar,712020:d83927fa-1ed7-43f2-94b8-4cd6bf64ac3f,5/27/2026 8:35,6/10/2026 9:09,,6/5/2026 5:37,,AMSQUAD Sprint 26.08,6/5/2026 0:00,0,,,,,,,"This feature allows authorized users to remove an existing team member from a specific entity within the system. Removing a team member revokes their association with the entity and restricts access to entity-related data and operations based on their role.

The user can select a team member linked to the entity and perform the removal action. Upon successful removal, the system ensures that the user no longer has entity-level permissions or visibility.",,Automation for Jira,Dinesh Kumar,,557058:f58131cb-b67d-43c7-b30d-6b58d40bd077,712020:d83927fa-1ed7-43f2-94b8-4cd6bf64ac3f,,,,,,,,,,,,,,,,,,,,,,,,,,,,,,,,,,,,,,,,ApprovalsCFValue{approvals=[]},,,,,,,,,,,,,,,,,,,,,,,,,,,,,,,,,,,,,,,,,,,,,,,,,,,{},,,,,,,,,,,,,,,,,,,,,,,,,,,,,,,,,,,,,,,,,,,,,,,,,,,,,,,,,,,,,,,,,,,,,,,,,,,,,,,,,,,,,,,,,,,,,,,,,0|i176k4:,,,,,,,,,,,,,,,,,,,,,,,,,,,,,,,,,,,,,,,,,,,AMSQUAD Sprint 26.08 5/27-6/10,,,6/3/2026 0:00,,2,,,,,,,,,,,,,,,,,,,,,,,,,,,,,,,19:45.1,3_*:*_1_*:*_94823582_*|*_10409_*:*_1_*:*_106396_*|*_10000_*:*_1_*:*_597527989_*|*_11552_*:*_1_*:*_0,"04/Jun/26 8:19 AM;557058:f58131cb-b67d-43c7-b30d-6b58d40bd077;Sub-task QA-954 ([V3][Entity]- Remove Team Member) was updated:
     • Status: In Progress
     • Latest comment:  ",,,,,,,,,,,,,,,,,,,,,,,,,,,,,,,,,,322870,QA-825,"V3 Entity Dashboard & Entity Management — automation, pipelines, regression & smoke",Done,6/5/2026 5:37
[V3][Entity] - Add Team Member ,QA-953,331636,Story,Done,QA,QA Automation,software,Timothy Kaufman,6418909f67102fc717c0b0d8,"{quote}Automation & Performance Testing Center of Excellence 


Tracks test strategy, execution, CI results, risk mitigation, and engineering dashboards.  


Project lead: Swapnil Patil (Functional) | Timothy Kaufman (JIRA Admin){quote}",https://confluence.ascensus.com/pages/viewpage.action?pageId=315559619,Low,Done,Dinesh Kumar,712020:d83927fa-1ed7-43f2-94b8-4cd6bf64ac3f,Dinesh Kumar,712020:d83927fa-1ed7-43f2-94b8-4cd6bf64ac3f,Dinesh Kumar,712020:d83927fa-1ed7-43f2-94b8-4cd6bf64ac3f,5/27/2026 8:33,6/10/2026 9:09,,6/4/2026 8:55,,AMSQUAD Sprint 26.08,6/4/2026 0:00,0,,,,,,,"This feature enables authorized users to add new team members to a specific entity within the system. By associating users with an entity, organizations can manage access, responsibilities, and collaboration effectively.

When adding a team member, the user can select or input relevant details such as the member's name, role, contact information, and permissions. The assigned role determines the level of access and actions the team member can perform within the entity.",,Automation for Jira,Dinesh Kumar,,557058:f58131cb-b67d-43c7-b30d-6b58d40bd077,712020:d83927fa-1ed7-43f2-94b8-4cd6bf64ac3f,,,,,,,,,,,,,,,,,,,,,,,,,,,,,,,,,,,,,,,,ApprovalsCFValue{approvals=[]},,,,,,,,,,,,,,,,,,,,,,,,,,,,,,,,,,,,,,,,,,,,,,,,,,,{},,,,,,,,,,,,,,,,,,,,,,,,,,,,,,,,,,,,,,,,,,,,,,,,,,,,,,,,,,,,,,,,,,,,,,,,,,,,,,,,,,,,,,,,,,,,,,,,,0|i176k2:,,,,,,,,,,,,,,,,,,,,,,,,,,,,,,,,,,,,,,,,,,,AMSQUAD Sprint 26.08 5/27-6/10,,,6/3/2026 0:00,,2,,,,,,,,,,,,,,,,,,,,,,,,,,,,,,,18:25.4,10415_*:*_1_*:*_444112843_*|*_3_*:*_1_*:*_94805477_*|*_10409_*:*_1_*:*_202109_*|*_10000_*:*_1_*:*_153420079_*|*_11552_*:*_1_*:*_0,"04/Jun/26 8:18 AM;557058:f58131cb-b67d-43c7-b30d-6b58d40bd077;Sub-task QA-953 ([V3][Entity] - Add Team Member ) was updated:
     • Status: In Progress
     • Latest comment:  ",,,,,,,,,,,,,,,,,,,,,,,,,,,,,,,,,,322870,QA-825,"V3 Entity Dashboard & Entity Management — automation, pipelines, regression & smoke",Done,6/4/2026 8:55
[V3][Entity] -Automate Open an account,QA-940,331315,Story,Done,QA,QA Automation,software,Timothy Kaufman,6418909f67102fc717c0b0d8,"{quote}Automation & Performance Testing Center of Excellence 


Tracks test strategy, execution, CI results, risk mitigation, and engineering dashboards.  


Project lead: Swapnil Patil (Functional) | Timothy Kaufman (JIRA Admin){quote}",https://confluence.ascensus.com/pages/viewpage.action?pageId=315559619,Low,Done,Dinesh Kumar,712020:d83927fa-1ed7-43f2-94b8-4cd6bf64ac3f,Dinesh Kumar,712020:d83927fa-1ed7-43f2-94b8-4cd6bf64ac3f,Dinesh Kumar,712020:d83927fa-1ed7-43f2-94b8-4cd6bf64ac3f,5/26/2026 10:20,6/10/2026 9:11,,6/10/2026 9:11,,AMSQUAD Sprint 26.08,6/10/2026 0:00,0,,,,,,,"

As part of V3 Entity Platform automation, we need to automate the *Open New Account*.

This ensures validation of the end-to-end user journey from authentication to account creation initiation, covering UI elements, navigation, and workflow correctness.



*Acceptance Criteria*

1.User should be able to log in successfully to Entity Dashboard

# After login, user should be navigated to Entity Dashboard

# “Open New Account” option/button should be visible

# User should be able to click on “Open New Account”

# System should navigate to the account opening flow/page

# Appropriate validations/messages should be displayed (if applicable)",,Automation for Jira,Dinesh Kumar,,557058:f58131cb-b67d-43c7-b30d-6b58d40bd077,712020:d83927fa-1ed7-43f2-94b8-4cd6bf64ac3f,,,,,,,,,,,,,,,,,,,,,,,,,,,,,,,,,,,,,,,,ApprovalsCFValue{approvals=[]},,,,,,,,,,,,,,,,,,,,,,,,,,,,,,,,,,,,,,,,,,,,,,,,,,,{},,,,,,,,,,,,,,,,,,,,,,,,,,,,,,,,,,,,,,,,,,,,,,,,,,,,,,,,,,,,,,,,,,,,,,,,,,,,,,,,,,,,,,,,,,,,,,,,,0|i176k5:r,,,,,,,,,,,,,,,,,,,,,,,,,,,,,,,,,,,,,,,,,,,AMSQUAD Sprint 26.08 5/27-6/10,,,6/4/2026 0:00,,3,,,,,,,,,,,,,,,,,,,,,,,,,,,,,,,56:43.0,3_*:*_1_*:*_0_*|*_10409_*:*_1_*:*_83451022_*|*_10000_*:*_1_*:*_689101137,"04/Jun/26 8:56 AM;557058:f58131cb-b67d-43c7-b30d-6b58d40bd077;Sub-task QA-940 ([V3][Entity] -Automate Open an account) was updated:
     • Status: In Progress
     • Latest comment:  ",,,,,,,,,,,,,,,,,,,,,,,,,,,,,,,,,,322870,QA-825,"V3 Entity Dashboard & Entity Management — automation, pipelines, regression & smoke",Done,6/10/2026 9:11
[V3][Entity]- Create Test Suite for Entity Login (Multi Plan) Scenarios,QA-899,329661,Story,Done,QA,QA Automation,software,Timothy Kaufman,6418909f67102fc717c0b0d8,"{quote}Automation & Performance Testing Center of Excellence 


Tracks test strategy, execution, CI results, risk mitigation, and engineering dashboards.  


Project lead: Swapnil Patil (Functional) | Timothy Kaufman (JIRA Admin){quote}",https://confluence.ascensus.com/pages/viewpage.action?pageId=315559619,Low,Done,Dinesh Kumar,712020:d83927fa-1ed7-43f2-94b8-4cd6bf64ac3f,Dinesh Kumar,712020:d83927fa-1ed7-43f2-94b8-4cd6bf64ac3f,Dinesh Kumar,712020:d83927fa-1ed7-43f2-94b8-4cd6bf64ac3f,5/19/2026 9:19,5/26/2026 13:12,,5/25/2026 10:40,,AMSQUAD Sprint 26.07,5/25/2026 0:00,0,EntityRegression,QA-Board-View,Regression_Testing,,,,"h2. 1. Add Entity Login URL to properties file

Assuming you have an environment-specific properties file like:

* {{src/test/resources/config/stage1.properties}} (or similar)  
or a common file like
* {{src/test/resources/config/application.properties}}

Add a property for the Entity login URL. Example:

{noformat}# Entity login URLs (multi-plan)
entity.login.url.stage1=<https://stage1.example.com/entity/login>{noformat}

If you only use one environment per run:

{noformat}entity.login.url=<https://stage1.example.com/entity/login>{noformat}

h2. 2. Add suite to TestNG XML for Entity Login (Multi Plan)

Create a dedicated suite XML for Entity login multi‑plan scenarios, e.g.:

*File name suggestion:*

* {{entity-login-multiplan-stage1.xml}}  
or, following your V3 naming:
* {{v3-entity-login-multiplan.xml}}

*Example TestNG suite file:*

{code:xml}<!DOCTYPE suite SYSTEM ""<https://testng.org/testng-1.0.dtd""> >
<suite name=""V3 - Entity Login - Multi Plan"" parallel=""false"">

    <!-- Optional: environment parameter -->
    <parameter name=""env"" value=""stage1""/>
    <parameter name=""entityLoginUrl"" value=""${entity.login.url}""/>

    <test name=""Entity Login - Multi Plan Scenarios"">
        <!-- You can also pass plan codes as parameters if needed -->
        <!--
        <parameter name=""plans"" value=""NHB,ILB,DEAB,MSAB""/>
        -->

        <classes>
            <!-- If you’re using Cucumber runner -->
            <class name=""com.ascensus.v3.entity.runner.EntityLoginMultiPlanRunner""/>
            <!-- or if you have pure TestNG tests -->
            <!-- <class name=""com.ascensus.v3.entity.tests.EntityLoginMultiPlanTests""/> -->
        </classes>
    </test>
</suite>{code}





Then tag your scenarios in the feature file:

{noformat}@V3 @Entity @EntityLoginMultiPlan @Regression
Scenario Outline: Entity login for multi plan eligible entities
  Given I navigate to the Entity login page
  And I login as ""<entityUser>"" for plan ""<planCode>""
  Then I should land on the Entity dashboard for ""<planCode>""

  Examples:
    | entityUser                      |
{noformat}

----

* Add {{entity.login.url}} (and env‑specific variants if needed) to V3 automation properties file.
* Wire Entity login flows to use this property (no hardcoded URLs).
* Create {{v3-entity-login-multiplan.xml}} TestNG suite that:
** Uses the Entity Login feature/scenarios tagged {{@EntityLoginMultiPlan}}.
** Covers all required eligible plans (NHB, ILB, etc.).
* Ensure suite is runnable locally and from CI (adhoc and regression).

----",,Dinesh Kumar,,,712020:d83927fa-1ed7-43f2-94b8-4cd6bf64ac3f,,,,,,,,,,,,,,,,,,,,,,,,,,,,,,,,,,,,,,,,,ApprovalsCFValue{approvals=[]},,,,,,,,,,,,,,,,,,,,,,,,,,,,,,,,,,,,,,,,,,,,,,,,,,,{},,,,,,,,,,,,,,,,,,,,,,,,,,,,,,,,,,,,,,,,,,,,,,,,,,,,,,,,,,,,,,,,,,,,,,,,,,,,,,,,,,,,,,,,,,,,,,,,,0|i16z7t:,,,,,,,,,,,,,,,,,,,,,,,,,,,,,,,,,,,,,,,,,,,AMSQUAD Sprint 26.07 5/13-5/27,,,5/21/2026 0:00,,,,,,,,,,,,,,,,,,,,,,,,,,,,,,,,,,3_*:*_1_*:*_83157166_*|*_10409_*:*_1_*:*_111135_*|*_10000_*:*_1_*:*_159409829_*|*_11552_*:*_1_*:*_0,,,,,,,,,,,,,,,,,,,,,,,,,,,,,,,,,,,322870,QA-825,"V3 Entity Dashboard & Entity Management — automation, pipelines, regression & smoke",Done,5/25/2026 10:40
[V3][Entity]- Create Regression test suite for Entity Registration End-to-End Flow,QA-896,329630,Story,Done,QA,QA Automation,software,Timothy Kaufman,6418909f67102fc717c0b0d8,"{quote}Automation & Performance Testing Center of Excellence 


Tracks test strategy, execution, CI results, risk mitigation, and engineering dashboards.  


Project lead: Swapnil Patil (Functional) | Timothy Kaufman (JIRA Admin){quote}",https://confluence.ascensus.com/pages/viewpage.action?pageId=315559619,Low,Done,Dinesh Kumar,712020:d83927fa-1ed7-43f2-94b8-4cd6bf64ac3f,Dinesh Kumar,712020:d83927fa-1ed7-43f2-94b8-4cd6bf64ac3f,Dinesh Kumar,712020:d83927fa-1ed7-43f2-94b8-4cd6bf64ac3f,5/19/2026 8:08,5/26/2026 13:12,,5/26/2026 8:43,,AMSQUAD Sprint 26.07,5/26/2026 0:00,0,,,,,,,,,Dinesh Kumar,,,712020:d83927fa-1ed7-43f2-94b8-4cd6bf64ac3f,,,,,,,,,,,,,,,,,,,,,,,,,,,,,,,,,,,,,,,,,ApprovalsCFValue{approvals=[]},,,,,,,,,,,,,,,,,,,,,,,,,,,,,,,,,,,,,,,,,,,,,,,,,,,{},,,,,,,,,,,,,,,,,,,,,,,,,,,,,,,,,,,,,,,,,,,,,,,,,,,,,,,,,,,,,,,,,,,,,,,,,,,,,,,,,,,,,,,,,,,,,,,,,0|i16z7s:,,,,,,,,,,,,,,,,,,,,,,,,,,,,,,,,,,,,,,,,,,,AMSQUAD Sprint 26.07 5/13-5/27,,,5/25/2026 0:00,,2,,,,,,,,,,,,,,,,,,,,,,,,,,,,,,,,3_*:*_1_*:*_70449869_*|*_10409_*:*_1_*:*_23428_*|*_10000_*:*_1_*:*_522106597_*|*_11552_*:*_1_*:*_0,,,,,,,,,,,,,,,,,,,,,,,,,,,,,,,,,,,322870,QA-825,"V3 Entity Dashboard & Entity Management — automation, pipelines, regression & smoke",Done,5/26/2026 8:43
[V3][Entity]-Automate Entity Registration End-to-End Flow (Entity Management),QA-895,329628,Story,Done,QA,QA Automation,software,Timothy Kaufman,6418909f67102fc717c0b0d8,"{quote}Automation & Performance Testing Center of Excellence 


Tracks test strategy, execution, CI results, risk mitigation, and engineering dashboards.  


Project lead: Swapnil Patil (Functional) | Timothy Kaufman (JIRA Admin){quote}",https://confluence.ascensus.com/pages/viewpage.action?pageId=315559619,Low,Done,Dinesh Kumar,712020:d83927fa-1ed7-43f2-94b8-4cd6bf64ac3f,Dinesh Kumar,712020:d83927fa-1ed7-43f2-94b8-4cd6bf64ac3f,Dinesh Kumar,712020:d83927fa-1ed7-43f2-94b8-4cd6bf64ac3f,5/19/2026 8:06,5/26/2026 13:11,,5/26/2026 8:43,,AMSQUAD Sprint 26.07,5/26/2026 0:00,0,EntityRegression,QA-Board-View,Regression_Testing,,,,,,Dinesh Kumar,,,712020:d83927fa-1ed7-43f2-94b8-4cd6bf64ac3f,,,,,,,,,,,,,,,,,,,,,,,,,,,,,,,,,,,,,,,,,ApprovalsCFValue{approvals=[]},,,,,,,,,,,,,,,,,,,,,,,,,,,,,,,,,,,,,,,,,,,,,,,,,,,{},,,,,,,,,,,,,,,,,,,,,,,,,,,,,,,,,,,,,,,,,,,,,,,,,,,,,,,,,,,,,,,,,,,,,,,,,,,,,,,,,,,,,,,,,,,,,,,,,0|i16z7q:,,,,,,,,,,,,,,,,,,,,,,,,,,,,,,,,,,,,,,,,,,,AMSQUAD Sprint 26.07 5/13-5/27,,,5/21/2026 0:00,,3,,,,,,,,,,,,,,,,,,,,,,,,,,,,,,,,3_*:*_1_*:*_351272207_*|*_10409_*:*_1_*:*_15430_*|*_10000_*:*_1_*:*_177123167_*|*_10420_*:*_1_*:*_0,,,,,,,,,,,,,,,,,,,,,,,,,,,,,,,,,,,322870,QA-825,"V3 Entity Dashboard & Entity Management — automation, pipelines, regression & smoke",Done,5/26/2026 8:43
"[V3][Entity Management] Entity Registration - identify cases, workflow & understand the domain on Web Reg",QA-844,323532,Spike,Done,QA,QA Automation,software,Timothy Kaufman,6418909f67102fc717c0b0d8,"{quote}Automation & Performance Testing Center of Excellence 


Tracks test strategy, execution, CI results, risk mitigation, and engineering dashboards.  


Project lead: Swapnil Patil (Functional) | Timothy Kaufman (JIRA Admin){quote}",https://confluence.ascensus.com/pages/viewpage.action?pageId=315559619,Low,Done,Dinesh Kumar,712020:d83927fa-1ed7-43f2-94b8-4cd6bf64ac3f,Swapnil Patil,6357f972fc0cc7a600ae8914,Swapnil Patil,6357f972fc0cc7a600ae8914,5/13/2026 12:49,5/18/2026 4:17,,5/18/2026 4:17,,AMSQUAD Sprint 26.07,5/18/2026 0:00,0,,,,,,,"This spike is to analyze and understand Entity Registration in the V3 Entity Management flow on Web Reg. The goals are:

* Identify the different types of entity registration cases supported in Web Reg
* Understand the end-to-end workflow for each case (including inputs, validations, and outcomes)
* Document key domain concepts, rules, and dependencies related to entity registration
* Identify any gaps, risks, or open questions that may impact test automation or future stories",,Dinesh Kumar,Swapnil Patil,,712020:d83927fa-1ed7-43f2-94b8-4cd6bf64ac3f,6357f972fc0cc7a600ae8914,,,,,,,,,,,,,,,,,,,,,,,,,,18/May/26 4:16 AM;966341d4-57ec-4a5a-a931-2db262ca6a01;Entity Management Dashboard.docx;https://ascensuscollegesavings.atlassian.net/rest/api/3/attachment/content/94087,,,,,,,,,,,,,,ApprovalsCFValue{approvals=[]},,,,,,,,,,,,,,,,,,,,,,,,,,,,,,,,,,,,,,,,,,,,,,,,,,,{},,,,,,,,,,,,,,,,,,,,,,,,,,,,,,,,,,,,,,,,,,,,,,,,,,,,,,,,,,,,,,,,,,,,,,,,,,,,,,,,,,,,,,,,,,,,,,,,,0|i15w2x:x,,,,,,,,,,,,,,,,,,,,,,,,,,,,,,,,,,,,,,,,,,,AMSQUAD Sprint 26.07 5/13-5/27,,,,,1,,,,,,,,,,,,,,,,,,,,,,,,,,,,,,,16:49.3,10415_*:*_1_*:*_81706476_*|*_3_*:*_1_*:*_4499206_*|*_10409_*:*_1_*:*_517_*|*_10000_*:*_1_*:*_73151787_*|*_11552_*:*_1_*:*_0,"18/May/26 4:16 AM;712020:d83927fa-1ed7-43f2-94b8-4cd6bf64ac3f;Hi [~accountid:6357f972fc0cc7a600ae8914] 
I have gone through the Entity Management Dashboard and Login flow
and here is the attached Doc file for your reference
[^Entity Management Dashboard.docx] ",,,,,,,,,,,,,,,,,,,,,,,,,,,,,,,,,,322870,QA-825,"V3 Entity Dashboard & Entity Management — automation, pipelines, regression & smoke",Done,5/18/2026 4:17
"[V3][Entity Management][Login Flow] Create testcases for IDP login eligible Entity plans - Multi plan, create suite",QA-843,323531,Story,Done,QA,QA Automation,software,Timothy Kaufman,6418909f67102fc717c0b0d8,"{quote}Automation & Performance Testing Center of Excellence 


Tracks test strategy, execution, CI results, risk mitigation, and engineering dashboards.  


Project lead: Swapnil Patil (Functional) | Timothy Kaufman (JIRA Admin){quote}",https://confluence.ascensus.com/pages/viewpage.action?pageId=315559619,Low,Done,Dinesh Kumar,712020:d83927fa-1ed7-43f2-94b8-4cd6bf64ac3f,Swapnil Patil,6357f972fc0cc7a600ae8914,Swapnil Patil,6357f972fc0cc7a600ae8914,5/13/2026 12:39,5/21/2026 9:26,,5/21/2026 9:26,,AMSQUAD Sprint 26.07,5/21/2026 0:00,0,QA-Board-View,Regression,,,,,,,Swapnil Patil,,,6357f972fc0cc7a600ae8914,,,,,,,,,,,,,,,,,,,,,,,,,,,,,,,,,,,,,,,,,ApprovalsCFValue{approvals=[]},,,,,,,,,,,,,,,,,,,,,,,,,,,,,,,,,,,,,,,,,,,,,,,,,,,{},,,,,,,,,,,,,,,,,,,,,,,,,,,,,,,,,,,,,,,,,,,,,,,,,,,,,,,,,,,,,,,,,,,,,,,,,,,,,,,,,,,,,,,,,,,,,,,,,0|i15w2x:v,,,,,,,,,,,,,,,,,,,,,,,,,,,,,,,,,,,,,,,,,,,AMSQUAD Sprint 26.07 5/13-5/27,,,5/18/2026 0:00,,2,,,,,,,,,4821708b-58a1-45f9-93f1-fe52c0da32a7,QA Automation,,,,,,,,,,,,,,,,,,,,,,10415_*:*_1_*:*_328970252_*|*_3_*:*_1_*:*_167079772_*|*_10409_*:*_1_*:*_542_*|*_10000_*:*_1_*:*_72965125_*|*_10420_*:*_1_*:*_0,,,,,,,,,,,,,,,,,,,,,,,,,,,,,,,,,,,322870,QA-825,"V3 Entity Dashboard & Entity Management — automation, pipelines, regression & smoke",Done,5/21/2026 9:26
[V3][Entity Platform] - Automate Open New Account after Login to Entity Dashboard,QA-818,321383,Story,Done,QA,QA Automation,software,Timothy Kaufman,6418909f67102fc717c0b0d8,"{quote}Automation & Performance Testing Center of Excellence 


Tracks test strategy, execution, CI results, risk mitigation, and engineering dashboards.  


Project lead: Swapnil Patil (Functional) | Timothy Kaufman (JIRA Admin){quote}",https://confluence.ascensus.com/pages/viewpage.action?pageId=315559619,Low,Done,Dinesh Kumar,712020:d83927fa-1ed7-43f2-94b8-4cd6bf64ac3f,Dinesh Kumar,712020:d83927fa-1ed7-43f2-94b8-4cd6bf64ac3f,Dinesh Kumar,712020:d83927fa-1ed7-43f2-94b8-4cd6bf64ac3f,5/7/2026 8:42,5/12/2026 12:47,,5/12/2026 12:47,,AMSQUAD Sprint 26.06,5/12/2026 0:00,0,EntityRegression,QA-Board-View,Regression,,,,"As part of V3 Entity Platform automation, we need to automate the *Open New Account flow after successful login to the Entity Dashboard*.

This ensures validation of the end-to-end user journey from authentication to account creation initiation, covering UI elements, navigation, and workflow correctness.


*Acceptance Criteria*

1.User should be able to log in successfully to Entity Dashboard

2. After login, user should be navigated to Entity Dashboard

3. “Open New Account” option/button should be visible

4. User should be able to click on “Open New Account”

5. System should navigate to the account opening flow/page

6. Appropriate validations/messages should be displayed (if applicable)",,Dinesh Kumar,,,712020:d83927fa-1ed7-43f2-94b8-4cd6bf64ac3f,,,,,,,,,,,,,,,,,,,,,,,,,,,,,,,,,,,,,,,,,ApprovalsCFValue{approvals=[]},,,,,,,,,,,,,,,,,,,,,,,,,,,,,,,,,,,,,,,,,,,,,,,,,,,{},,,,,,,,,,,,,,,,,,,,,,,,,,,,,,,,,,,,,,,,,,,,,,,,,,,,,,,,,,,,,,,,,,,,,,,,,,,,,,,,,,,,,,,,,,,,,,,,,0|i127i3:0chm,,,,,,,,,,,,,,,,,,,,,,,,,,,,,,,,,,,,,,,,,,,AMSQUAD Sprint 26.06 4/29-5/12,,,5/11/2026 0:00,,2,,,,,,,,,,,,,,,,,,,,,,,,,,,,,,,,10415_*:*_1_*:*_19476792_*|*_3_*:*_1_*:*_100557914_*|*_10409_*:*_1_*:*_1852557_*|*_10000_*:*_1_*:*_322501089_*|*_11552_*:*_1_*:*_0,,,,,,,,,,,,,,,,,,,,,,,,,,,,,,,,,,,322870,QA-825,"V3 Entity Dashboard & Entity Management — automation, pipelines, regression & smoke",Done,5/12/2026 12:47
"[V3][Entity] Entity Dashboard – Automation Baseline, Test Suite Creation & Coverage Expansion Plan",QA-789,320429,Story,Done,QA,QA Automation,software,Timothy Kaufman,6418909f67102fc717c0b0d8,"{quote}Automation & Performance Testing Center of Excellence 


Tracks test strategy, execution, CI results, risk mitigation, and engineering dashboards.  


Project lead: Swapnil Patil (Functional) | Timothy Kaufman (JIRA Admin){quote}",https://confluence.ascensus.com/pages/viewpage.action?pageId=315559619,Medium,Done,Dinesh Kumar,712020:d83927fa-1ed7-43f2-94b8-4cd6bf64ac3f,Dinesh Kumar,712020:d83927fa-1ed7-43f2-94b8-4cd6bf64ac3f,Dinesh Kumar,712020:d83927fa-1ed7-43f2-94b8-4cd6bf64ac3f,5/4/2026 10:21,5/12/2026 16:56,,5/12/2026 16:56,,AMSQUAD Sprint 26.06,5/12/2026 0:00,0,EntityRegression,QA-Board-View,Regression_Testing,,,,"Following successful stabilization and automation of the *Entity Login flow*, the next step is to establish a *baseline automation framework for the Entity Dashboard* in V3.

This story focuses on:

* Creating a *dedicated Entity Dashboard automation suite*
* Documenting current coverage, execution approach, and gaps
* Identifying and outlining *future areas for test expansion*

The goal is to make Entity Dashboard automation *easy to maintain, scalable, and pipeline‑ready*, enabling other teams to extend coverage without rework.



h2. *Acceptance Criteria*

h3. *Automation Suite*

# A dedicated *Entity Dashboard test suite* is created (aligned with V3 standards).
# Suite includes *baseline smoke scenarios*, such as:
#* Dashboard load after login
#* Entity/account list visibility
#* Basic navigation validation
# Tests are:
#* Stable
#* Reusable
#* Environment‑agnostic (no hardcoded data)

h3. *Pipeline Enablement*

# Entity Dashboard suite is runnable:
#* Locally
#* As part of the V3 CI/CD pipeline
# Execution results are visible in pipeline reports.

h3. *Documentation*

# Automation documentation is created or updated to include:
#* Suite purpose and scope
#* How to run Entity Dashboard tests
#* Test data requirements
#* Known limitations or exclusions
# Documentation clearly explains how *new tests can be added* to the suite.

h3. *Expansion Plan*

# A clear list of *future automation expansion areas* is documented (see below).
# Items identified for expansion are suitable to be converted into *separate Jira stories*.",,Dinesh Kumar,,,712020:d83927fa-1ed7-43f2-94b8-4cd6bf64ac3f,,,,,,,,,,,,,,,,,,,,,,,,,,,,,,,,QA Automation,,,,,,,,,ApprovalsCFValue{approvals=[]},,,,,,,,,,,,,,,,,,,,,,,,,,,,,,,,,,,,,,,,,,,,,,,,,,,{},,,,,,,,,,,,,,,,,,,,,,,,,,,,,,,,,,,,,,,,,,,,,,,,,,,,,,,,,,,,,,,,,,,,,,,,,,,,,,,,,,,,,,,,,,,,,,,,,0|i127i3:0bi,,,,,,,,,,,,,,,,,,,,,,,,,,,,,,,,,,,,,,,,,,,AMSQUAD Sprint 26.06 4/29-5/12,,,5/12/2026 0:00,,3,,,,,,,,,4821708b-58a1-45f9-93f1-fe52c0da32a7,QA Automation,,,,,,,,,,,,,,,,,,,,,,3_*:*_1_*:*_15844530_*|*_10409_*:*_1_*:*_448670_*|*_10000_*:*_1_*:*_683685052_*|*_11552_*:*_1_*:*_0,,,,,,,,,,,,,,,,,,,,,,,,,,,,,,,,,,,322870,QA-825,"V3 Entity Dashboard & Entity Management — automation, pipelines, regression & smoke",Done,5/12/2026 16:56
[V3][Entity] Entity Platform – Login Flow Stabilization & Automation,QA-788,320419,Story,Done,QA,QA Automation,software,Timothy Kaufman,6418909f67102fc717c0b0d8,"{quote}Automation & Performance Testing Center of Excellence 


Tracks test strategy, execution, CI results, risk mitigation, and engineering dashboards.  


Project lead: Swapnil Patil (Functional) | Timothy Kaufman (JIRA Admin){quote}",https://confluence.ascensus.com/pages/viewpage.action?pageId=315559619,Medium,Done,Dinesh Kumar,712020:d83927fa-1ed7-43f2-94b8-4cd6bf64ac3f,Dinesh Kumar,712020:d83927fa-1ed7-43f2-94b8-4cd6bf64ac3f,Dinesh Kumar,712020:d83927fa-1ed7-43f2-94b8-4cd6bf64ac3f,5/4/2026 10:09,5/12/2026 11:37,,5/12/2026 11:10,,AMSQUAD Sprint 26.06,5/12/2026 0:00,0,EntityRegression,QA-Board-View,Regression_Testing,,,,"As part of *V3 Entity Platform*, the *Entity Login flow* must be stable, reliable, and covered with baseline automation so Entity users can consistently access the Entity Dashboard.

This story focuses on validating the Entity login experience, ensuring successful authentication, authorization, and post‑login navigation, and enabling the login flow to run as part of the V3 automation pipeline.



h2. *Acceptance Criteria*

# Entity user is able to *log in successfully* with valid credentials.
# User is redirected to the *Entity Dashboard* after login.
# Authorization is validated:
#* User can view only entities/accounts they are entitled to.
# Invalid login scenarios are handled gracefully:
#* Incorrect credentials
#* Locked or inactive users (if applicable)
# Login flow is *automated and stable* across multiple executions.
# Entity login automation runs *successfully in the V3 pipeline* without failures.",,Dinesh Kumar,,,712020:d83927fa-1ed7-43f2-94b8-4cd6bf64ac3f,,,,,,,,,,,,,,,,,,,,,,,,,,,,,,,,QA Automation,,,,,,,,,ApprovalsCFValue{approvals=[]},,,,,,,,,,,,,,,,,,,,,,,,,,,,,,,,,,,,,,,,,,,,,,,,,,,{},,,,,,,,,,,,,,,,,,,,,,,,,,,,,,,,,,,,,,,,,,,,,,,,,,,,,,,,,,,,,,,,,,,,,,,,,,,,,,,,,,,,,,,,,,,,,,,,,0|i127i3:0b,,,,,,,,,,,,,,,,,,,,,,,,,,,,,,,,,,,,,,,,,,,AMSQUAD Sprint 26.06 4/29-5/12,,,5/8/2026 0:00,,5,,,,,,,,,4821708b-58a1-45f9-93f1-fe52c0da32a7,QA Automation,,,,,,,,,,,,,,,,,,,,,,3_*:*_1_*:*_240521732_*|*_10409_*:*_1_*:*_194331_*|*_10000_*:*_1_*:*_337608246_*|*_10420_*:*_1_*:*_0,,,,,,,,,,,,,,,,,,,,,,,,,,,,,,,,,,,322870,QA-825,"V3 Entity Dashboard & Entity Management — automation, pipelines, regression & smoke",Done,5/12/2026 11:10
[V3][Enrollment]-Maintain IAD plan for Regression ,QA-741,319154,Story,Done,QA,QA Automation,software,Timothy Kaufman,6418909f67102fc717c0b0d8,"{quote}Automation & Performance Testing Center of Excellence 


Tracks test strategy, execution, CI results, risk mitigation, and engineering dashboards.  


Project lead: Swapnil Patil (Functional) | Timothy Kaufman (JIRA Admin){quote}",https://confluence.ascensus.com/pages/viewpage.action?pageId=315559619,Low,Done,Dinesh Kumar,712020:d83927fa-1ed7-43f2-94b8-4cd6bf64ac3f,Dinesh Kumar,712020:d83927fa-1ed7-43f2-94b8-4cd6bf64ac3f,Dinesh Kumar,712020:d83927fa-1ed7-43f2-94b8-4cd6bf64ac3f,4/30/2026 7:59,5/26/2026 13:12,,5/21/2026 9:26,,AMSQUAD Sprint 26.07,5/21/2026 0:00,0,,,,,,,,,Dinesh Kumar,,,712020:d83927fa-1ed7-43f2-94b8-4cd6bf64ac3f,,,,,,,,,,,,,,,,,,,,,,,,,,,,,,,,,,,,,,,,,ApprovalsCFValue{approvals=[]},,,,,,,,,,,,,,,,,,,,,,,,,,,,,,,,,,,,,,,,,,,,,,,,,,,{},,,,,,,,,,,,,,,,,,,,,,,,,,,,,,,,,,,,,,,,,,,,,,,,,,,,,,,,,,,,,,,,,,,,,,,,,,,,,,,,,,,,,,,,,,,,,,,,,0|i16z7t:i,,,,,,,,,,,,,,,,,,,,,,,,,,,,,,,,,,,,,,,,,,,AMSQUAD Sprint 26.07 5/13-5/27,,,5/21/2026 0:00,,2,,,,,,,,,,,,,,,,,,,,,,,,,,,,,,,,3_*:*_1_*:*_12762583_*|*_10409_*:*_1_*:*_3562078_*|*_10000_*:*_1_*:*_1802187014_*|*_10420_*:*_1_*:*_0,"21/May/26 9:08 AM;712020:d83927fa-1ed7-43f2-94b8-4cd6bf64ac3f;_""The IAD plan is part of the Fund event, which the Frontier team owns. We have communicated this to the relevant team, and they will manage the fixes for Automation._

_Currently, this has been disabled from the regression suite.""_",,,,,,,,,,,,,,,,,,,,,,,,,,,,,,,,,,225845,QA-3,"Update regression test plan for Unite, Universal",Done,5/21/2026 9:26
[V3][Entity] Entity Platform - Go through KTs & code base to understand the coverage & plan to create test suite,QA-722,318506,Spike,Done,QA,QA Automation,software,Timothy Kaufman,6418909f67102fc717c0b0d8,"{quote}Automation & Performance Testing Center of Excellence 


Tracks test strategy, execution, CI results, risk mitigation, and engineering dashboards.  


Project lead: Swapnil Patil (Functional) | Timothy Kaufman (JIRA Admin){quote}",https://confluence.ascensus.com/pages/viewpage.action?pageId=315559619,Low,Done,Dinesh Kumar,712020:d83927fa-1ed7-43f2-94b8-4cd6bf64ac3f,Swapnil Patil,6357f972fc0cc7a600ae8914,Swapnil Patil,6357f972fc0cc7a600ae8914,4/28/2026 18:19,5/12/2026 11:37,,5/6/2026 8:12,,AMSQUAD Sprint 26.06,5/6/2026 0:00,0,EntityRegression,QA-Board-View,Regression,,,,,,Dinesh Kumar,Swapnil Patil,,712020:d83927fa-1ed7-43f2-94b8-4cd6bf64ac3f,6357f972fc0cc7a600ae8914,,,,,,,,,,,,,,,,,,,,,,,,,,,,,,,,,,,,,,,,ApprovalsCFValue{approvals=[]},,,,,,,,,,,,,,,,,,,,,,,,,,,,,,,,,,,,,,,,,,,,,,,,,,,{},,,,,,,,,,,,,,,,,,,,,,,,,,,,,,,,,,,,,,,,,,,,,,,,,,,,,,,,,,,,,,,,,,,,,,,,,,,,,,,,,,,,,,,,,,,,,,,,,0|i127i3:09b,,,,,,,,,,,,,,,,,,,,,,,,,,,,,,,,,,,,,,,,,,,AMSQUAD Sprint 26.06 4/29-5/12,,,,,2,,,,,,,,,,,,,,,,,,,,,,,,,,,,,,,12:27.7,10415_*:*_1_*:*_355132118_*|*_3_*:*_1_*:*_0_*|*_10409_*:*_1_*:*_469_*|*_10000_*:*_1_*:*_135365430,06/May/26 8:12 AM;712020:d83927fa-1ed7-43f2-94b8-4cd6bf64ac3f;I have gone through the KT recordings and understand the functionality and requirements of the entity Login DashBoard Management.,,,,,,,,,,,,,,,,,,,,,,,,,,,,,,,,,,322870,QA-825,"V3 Entity Dashboard & Entity Management — automation, pipelines, regression & smoke",Done,5/6/2026 8:12
Universal Enrollment (IAD): ElementClickInterceptedException on #bottomNavPrimaryBtn during KIS investment step – button disabled / progress overlay blocks click (CI regression 04/17/2026),QA-703,315670,Bug,Closed,QA,QA Automation,software,Timothy Kaufman,6418909f67102fc717c0b0d8,"{quote}Automation & Performance Testing Center of Excellence 


Tracks test strategy, execution, CI results, risk mitigation, and engineering dashboards.  


Project lead: Swapnil Patil (Functional) | Timothy Kaufman (JIRA Admin){quote}",https://confluence.ascensus.com/pages/viewpage.action?pageId=315559619,Medium,Done,Dinesh Kumar,712020:d83927fa-1ed7-43f2-94b8-4cd6bf64ac3f,Swapnil Patil,6357f972fc0cc7a600ae8914,Swapnil Patil,6357f972fc0cc7a600ae8914,4/20/2026 8:28,5/11/2026 8:06,,4/24/2026 11:28,,AMSQUAD Sprint 26.05,4/23/2026 0:00,0,QA-Board-View,Regression,,,,,"Prime Test Automation ({{unite-universal-enrollment}}) failed on *IAD* for scenario *Enrollment of Individual Account with KIS and Check and Recurring Contribution Option*. Failure at *Keep It Simple* investment selection: cannot click *#bottomNavPrimaryBtn* because it remains *disabled* ({{k-disabled}}) and a *bottom-progress-container* div intercepts the click.

*Observed behavior*  

* Step *“User selects keep it simple as investment Options”* → FAILED.  
* Subsequent steps (Upromise modal, review, DB validation) skipped.

*Related context (needs triage)*  

* Colleague email in folder: *IAD Plan – Portfolio/Strategy dropdown* values updated for *Moderate Enrollment Year Portfolios* (expected strategy list vs enrollment-year-specific portfolios). May or may not be the same root cause as the click/intercept; dev/product to confirm.

h3. Steps to Reproduce

# Execute the Cucumber scenario above on *IAD* (or manual equivalent through funding = check → KIS investment → submit/next).
# Observe bottom primary button state and overlays when automation (or user) tries to proceed.

h3. Expected Result

Primary bottom submit is enabled when the flow allows progression; user/automation can complete KIS investment and continue to review.

h3. Actual Result

{{ElementClickInterceptedException}}; {{#bottomNavPrimaryBtn}} disabled; {{bottom-progress-container}} receives click.

h3. Environment

* *Pipeline / report:* GitLab job {{13965504271}} (artifacts – see links below).  
* *Browser (automation):* Headless Chrome 106 on Linux (Selenium Grid).  
* *Java / Selenium:* Java 17, Selenium 4.27.0.  
* *Suite:* {{UniversalEnrollmentPositive.feature}} – *iad* traunch.

h3. Priority / Severity

* *Priority:* High (P2) – blocks regression scenario and IAD UE path coverage.  
* *Severity:* Major (S3) – core enrollment flow blocked at investment step.

h3. Attachments / Links

* *TestNG index:* [https://ascensus-gs.gitlab.io/-/products/depot/qa-automation/prime-test-automation/-/jobs/13965504271/artifacts/unite/unite-universal-enrollment/target/surefire-reports/index.html|https://ascensus-gs.gitlab.io/-/products/depot/qa-automation/prime-test-automation/-/jobs/13965504271/artifacts/unite/unite-universal-enrollment/target/surefire-reports/index.html]  
* *Failed HTML snapshot:* [https://ascensus-gs.gitlab.io/-/products/depot/qa-automation/prime-test-automation/-/jobs/13965504271/artifacts/unite/unite-universal-enrollment/target/surefire-reports/iad.20260417010507292.UniversalEnrollmentPositive.feature_html_chrome_failedresult.html|https://ascensus-gs.gitlab.io/-/products/depot/qa-automation/prime-test-automation/-/jobs/13965504271/artifacts/unite/unite-universal-enrollment/target/surefire-reports/iad.20260417010507292.UniversalEnrollmentPositive.feature_html_chrome_failedresult.html]  
* *Exception text (GitLab):* [https://ascensus-gs.gitlab.io/-/products/depot/qa-automation/prime-test-automation/-/jobs/13965504271/artifacts/unite/unite-universal-enrollment/target/surefire-reports/iad.20260417010500482.UniversalEnrollmentPositive.feature_exception_failedresult.txt|https://ascensus-gs.gitlab.io/-/products/depot/qa-automation/prime-test-automation/-/jobs/13965504271/artifacts/unite/unite-universal-enrollment/target/surefire-reports/iad.20260417010500482.UniversalEnrollmentPositive.feature_exception_failedresult.txt]  
* *Local artifacts:*  
** {{iad.20260417010500482.UniversalEnrollmentPositive.feature_exception_failedresult.txt}}  
** {{IAD Enrollment failing due to fund missing issue.txt}} (links + runner log excerpt)  
** {{IAD Fun allocation issue.png}}  
** {{IAD Plan – Updates on Portfolio_Strategy dropdown values under Moderate Enrollment Year Portfolios.eml}}

h3. Test Data

* Scenario: *Enrollment of Individual Account with KIS and Check and Recurring Contribution Option* (IAD).  
* Pull full testcase dump from CI artifacts for job {{13965504271}} if needed ({{*testcase_information*}} / DB pull steps in report).

h3. Labels/Tags (suggested)

universal-enrollment, iad, enrollment, regression, selenium, element-click-intercepted, keep-it-simple, investment-options, prime-v3

h3. Components

* Universal Enrollment (Front office)  
* Investment / portfolio selection (IAD)  
* QA Automation – unite-universal-enrollment",Stage 1,Dinesh Kumar,Swapnil Patil,,712020:d83927fa-1ed7-43f2-94b8-4cd6bf64ac3f,6357f972fc0cc7a600ae8914,,86400,0,,0%,86400,0,,,,,,,,,,,,,,,,,,,21/Apr/26 8:30 AM;966341d4-57ec-4a5a-a931-2db262ca6a01;UniversalEnrollmentPositive.csv;https://ascensuscollegesavings.atlassian.net/rest/api/3/attachment/content/86682,,,,,,,,,,,,,,ApprovalsCFValue{approvals=[]},,,,,,,,,,,,,,,,,,,,,,,,,,,,,,,,,,,,,,,Medium,,,,,,,,,,,,{},,,,,,,,,,,,,,,,,,,,,,,,,,,,,,,,,,,,,,,,,,,,,,,,,,,,,,,,,,,,,,,,,,,,,,,,,,,,,,,,,,,,,,,,,,,,,,,,,0|i15jpd:w,,,,,,,,,,,,,,,,,,,,,,"There were recently changes, so i have updated our csv file for enrollment.",Data Issue,,,,,,,,,,,,,,,,,,,,AMSQUAD Sprint 26.05 4/15-4/28,,,,,3,,,,,,,,,4821708b-58a1-45f9-93f1-fe52c0da32a7,QA Automation,,,,,,,,,,,,,,,,,,,,,30:55.5,1_*:*_1_*:*_12263_*|*_3_*:*_1_*:*_168947543_*|*_11560_*:*_1_*:*_0_*|*_11550_*:*_1_*:*_2688671,"21/Apr/26 8:30 AM;712020:d83927fa-1ed7-43f2-94b8-4cd6bf64ac3f;Added CSV file and executed successfully in local, 
[^UniversalEnrollmentPositive.csv] ",,,,,,,,,,,,,,,,,,,,,,,,,,,,,,,,,,225845,QA-3,"Update regression test plan for Unite, Universal",Done,4/24/2026 11:28
[V3][Withdrawal ] Member Withdrawal (Member Portal) using IDP Login,QA-611,313428,Story,Done,QA,QA Automation,software,Timothy Kaufman,6418909f67102fc717c0b0d8,"{quote}Automation & Performance Testing Center of Excellence 


Tracks test strategy, execution, CI results, risk mitigation, and engineering dashboards.  


Project lead: Swapnil Patil (Functional) | Timothy Kaufman (JIRA Admin){quote}",https://confluence.ascensus.com/pages/viewpage.action?pageId=315559619,Low,Done,Dinesh Kumar,712020:d83927fa-1ed7-43f2-94b8-4cd6bf64ac3f,Dinesh Kumar,712020:d83927fa-1ed7-43f2-94b8-4cd6bf64ac3f,Dinesh Kumar,712020:d83927fa-1ed7-43f2-94b8-4cd6bf64ac3f,4/14/2026 10:43,5/11/2026 8:06,,4/27/2026 8:58,,AMSQUAD Sprint 26.05,4/27/2026 0:00,0,QA-Board-View,Regression,Withdrawal,,,,We need to automate the *Member Withdrawal* flow from *Member Portal* for users who authenticate via *IDP Login*. The automation should be implemented using a *Scenario Outline* driven by {{<test case name>}} data to ensure it supports multiple withdrawal scenarios and datasets.,,Dinesh Kumar,,,712020:d83927fa-1ed7-43f2-94b8-4cd6bf64ac3f,,,,,,,,,,,,,,,,,,,,,,,,,,,,,,,,,,,,"When user logs in through IDP
User lands in Member Portal and session establishes.
User completes “To whom should we send the funds” using data for <test case name>
User completes “How much would you like to withdraw” using data for <test case name>
Validate account owner name/identifier and withdrawal amount on summary/confirmation",,,,,ApprovalsCFValue{approvals=[]},,,,,,,,,,,,,,,,,,,,,,,,,,,,,,,,,,,,,,,,,,,,,,,,,,,{},,,,,,,,,,,,,,,,,,,,,,,,,,,,,,,,,,,,,,,,,,,,,,,,,,,,,,,,,,,,,,,,,,,,,,,,,,,,,,,,,,,,,,,,,,,,,,,,,0|i153ia:,,,,,,,,,,,,,,,,,,,,,,,,,,,,,,,,,,,,,,,,,,,AMSQUAD Sprint 26.05 4/15-4/28,,,4/20/2026 0:00,,5,,,,,,,,,,,,,,,,,,,,,,,,,,,,,,,,10415_*:*_1_*:*_569503_*|*_3_*:*_1_*:*_593876454_*|*_10409_*:*_1_*:*_2001890_*|*_10000_*:*_1_*:*_510373448_*|*_11552_*:*_1_*:*_0,,,,,,,,,,,,,,,,,,,,,,,,,,,,,,,,,,,225845,QA-3,"Update regression test plan for Unite, Universal",Done,4/27/2026 8:58
[V3][Contributions] IDP Member portal: single contribution foundation(IDP member login) ,QA-558,309800,Story,Done,QA,QA Automation,software,Timothy Kaufman,6418909f67102fc717c0b0d8,"{quote}Automation & Performance Testing Center of Excellence 


Tracks test strategy, execution, CI results, risk mitigation, and engineering dashboards.  


Project lead: Swapnil Patil (Functional) | Timothy Kaufman (JIRA Admin){quote}",https://confluence.ascensus.com/pages/viewpage.action?pageId=315559619,Medium,Done,Dinesh Kumar,712020:d83927fa-1ed7-43f2-94b8-4cd6bf64ac3f,Swapnil Patil,6357f972fc0cc7a600ae8914,Swapnil Patil,6357f972fc0cc7a600ae8914,4/2/2026 12:27,4/14/2026 16:33,,4/14/2026 16:33,,AMSQUAD Sprint 26.04,4/14/2026 0:00,0,Contribution,QA-Board-View,Regression,,,,"h2. Context

{{stage1-contributions.xml}} today runs *CSR* flows: CSR login → pull account → *jump to member* → complete *member* contribution _as CSR_. We need the *same business scenarios* executed from the *member portal* using *member credentials* and *IDP (or approved member) login* — _without_ CSR impersonation — so nightly regression covers the path real members use.

*Baseline reference (CSR):* {{MemberSingleContribution.feature}} — Background uses {{login}} for {{csr}}; Examples include EBT existing bank, new bank, multiple beneficiaries, 3 funds, etc.

h2. User outcome

As *QA*, I want *automated member-portal single contributions* on Stage 1 for an agreed *pilot traunch*, so that *IDP-enabled member contribution* is regression-protected like the CSR suite.

h2. Scope — In

* New feature (or refactored flows) under *member/front office* path (not {{frontoffice/csr/...}}), e.g. {{MemberSingleContributionMemberPortal.feature}} — exact path per repo conventions.
* *Background:* {{starting ""login"" URL for ""member""}} (or project-standard *IDP member* login step), load test cases, browser, DB, creator email.
* *Scenario outline* parity with CSR *Examples* for *slice 1* (minimum):
** EBT - Existing Bank
** EBT w/ New Bank - Savings
** EBT - Multiple Beneficiaries
* Step definitions / POM: *member navigates to contribution* and completes flow; *no* “jump to member account” CSR steps.
* Assertions: reuse or mirror CSR validation rules ({{log and validate member contribution}}) adapted for *member session* (SME confirms).

h2. Scope — Out

* Additional traunches beyond *one pilot* (Story 02).
* AIP / recurring / negative feature files (Story 02).
* Pipeline wiring (Story 03).

h2. Dependencies

* SME: pilot *traunch* (e.g. NYD), test users, bank/contribution rules, assertion expectations.
* Stable *IDP member login* on Stage 1 for that traunch (no open Sev1 login blocker).

h2. Links

* CSR feature (KB copy): {{docs/jira-governance/data/MemberSingleContribution.feature}}
* CSR suite: {{docs/jira-governance/data/stage1-contributions.xml}}



h2. Definition of Done (comment or checklist)

{noformat}* Code review approved; no new critical Sonar/issues.
* Pilot traunch documented in Story comment.
* Follow-up Story 02 linked for multi-plan + AIP/negatives.{noformat}",,Swapnil Patil,,,6357f972fc0cc7a600ae8914,,,,,,,,,,,,,,,,,,,,,,,,,,,,,,,,,,,,"h3. Must pass (checklist)

* ( ) New member-portal feature file exists on agreed path; **no CSR login** in Background for these scenarios.
* ( ) **IDP/member login** succeeds on Stage 1 for the **pilot traunch** using secured test credentials.
* ( ) **Three** scenario rows run green: *EBT - Existing Bank*, *EBT w/ New Bank - Savings*, *EBT - Multiple Beneficiaries* (same business intent as CSR Examples).
* ( ) Post-contribution **validation** passes per SME rules (DB/API/UI — same bar as CSR automation where applicable).
* ( ) Tags include `@regression` and `@dailyrun` (or team standard for nightly).
* ( ) MR merged; **local or MR pipeline** green for the module that owns the feature.
* ( ) SME or PO comment with **pilot traunch** name and **sign-off** on assertion scope.

h3. Gherkin (summary)

|{noformat}Scenario Outline: Member portal single contribution - <test case name>
Given member starts login for the member portal on Stage 1
And test cases are loaded for <test case name>
When the member completes a single contribution for <test case name>
Then the contribution outcome is validated per automation rules{noformat}|

Examples:

|test case name|
|EBT - Existing Bank|
|EBT w/ New Bank - Savings|
|EBT - Multiple Beneficiaries|",,,,,ApprovalsCFValue{approvals=[]},,,,,,,,,,,,,,,,,,,,,,,,,,,,,,,,,,,,,,,,,,,,,,,,,,,{},,,,,,,,,,,,,,,,,,,,,,,,,,,,,,,,,,,,,,,,,,,,,,,,,,,,,,,,,,,,,,,,,,,,,,,,,,,,,,,,,,,,,,,,,,,,,,,,,0|i153h6:,,,,,,,,,,,,,,,,,,,,,,,,,,,,,,,,,,,,,,,,,,,AMSQUAD Sprint 26.04 4/1-4/14,,,4/7/2026 0:00,,5,,,,,,,,,,,,,,,,,,,,,,,,,,,,,,,,3_*:*_1_*:*_615738063_*|*_10409_*:*_1_*:*_690_*|*_10000_*:*_1_*:*_435615127_*|*_10420_*:*_1_*:*_0,,,,,,,,,,,,,,,,,,,,,,,,,,,,,,,,,,,225845,QA-3,"Update regression test plan for Unite, Universal",Done,4/14/2026 16:33
UniversalEnrollment Automation – Add Test Cases & Perform Maintenance Enhancements,QA-512,304773,Story,Done,QA,QA Automation,software,Timothy Kaufman,6418909f67102fc717c0b0d8,"{quote}Automation & Performance Testing Center of Excellence 


Tracks test strategy, execution, CI results, risk mitigation, and engineering dashboards.  


Project lead: Swapnil Patil (Functional) | Timothy Kaufman (JIRA Admin){quote}",https://confluence.ascensus.com/pages/viewpage.action?pageId=315559619,Medium,Done,Dinesh Kumar,712020:d83927fa-1ed7-43f2-94b8-4cd6bf64ac3f,Dinesh Kumar,712020:d83927fa-1ed7-43f2-94b8-4cd6bf64ac3f,Dinesh Kumar,712020:d83927fa-1ed7-43f2-94b8-4cd6bf64ac3f,3/16/2026 10:48,4/13/2026 10:09,,4/13/2026 10:09,,AMSQUAD Sprint 26.04,4/13/2026 0:00,0,Enrollment,QA-Board-View,Regression,,,,"We need to enhance the *UniversalEnrollment (UE)* automation suite by:

# Adding new test cases for improved coverage (positive/negative/regression as applicable)
# Performing maintenance activities to improve stability, reusability, and reduce flaky failures across environments (Stage/QA/Prod-like)

This work will ensure automation remains reliable across supported plans and reduces ongoing execution issues due to UI changes, locator instability, and test data dependencies.",,Dinesh Kumar,,,712020:d83927fa-1ed7-43f2-94b8-4cd6bf64ac3f,,,,,,,,,,,,,,,,,,,,,,,,,,,,,,,,QA Automation,,,,"* *New UE test cases are added* and mapped to expected scenarios (positive/negative/regression as applicable).
* *Automation suite runs successfully* in target environment(s) without new failures introduced.
* *Existing flaky tests are stabilized* by improving locators/waits/assertions or test data strategy.
* *Reusable steps/utilities are updated* to avoid duplication and support plan variations where required.
* *Test results and evidence* (logs/screenshots/report links) are attached to the story/subtasks.
* *Code follows framework standards* and is reviewed/merged to the target branch.",,,,,ApprovalsCFValue{approvals=[]},,,,,,,,,,,,,,,,,,,,,,,,,,,,,,,,,,,,,,,,,,,,,,,,,,,{},,,,,,,,,,,,,,,,,,,,,,,,,,,,,,,,,,,,,,,,,,,,,,,,,,,,,,,,,,,,,,,,,,,,,,,,,,,,,,,,,,,,,,,,,,,,,,,,,0|i11a9p:,,,,,,,,,,,,,,,,,,,,,,,,,,,,,,,,,,,,,,,,,,,AMSQUAD Sprint 26.04 4/1-4/14,,,4/2/2026 0:00,,5,,,,,,,,,4821708b-58a1-45f9-93f1-fe52c0da32a7,QA Automation,,,,,,,,,,,,,,,,,,,,,,3_*:*_2_*:*_457050503_*|*_10409_*:*_2_*:*_859454307_*|*_10000_*:*_2_*:*_136822456,,,,,,,,,,,,,,,,,,,,,,,,,,,,,,,,,,,225845,QA-3,"Update regression test plan for Unite, Universal",Done,4/13/2026 10:09
[PERF TESTING][IDP-LOGIN Setup] Deploy post-login banner JMeter script and validate on stage1,QA-1593,350033,Story,Done,QA,QA Automation,software,Timothy Kaufman,6418909f67102fc717c0b0d8,"{quote}Automation & Performance Testing Center of Excellence 


Tracks test strategy, execution, CI results, risk mitigation, and engineering dashboards.  


Project lead: Swapnil Patil (Functional) | Timothy Kaufman (JIRA Admin){quote}",https://confluence.ascensus.com/pages/viewpage.action?pageId=315559619,Low,Done,Priti Choudhary,712020:65a17112-cbcc-4b3a-a8ae-2542eeefe9ac,Swapnil Patil,6357f972fc0cc7a600ae8914,Swapnil Patil,6357f972fc0cc7a600ae8914,8/4/2026 8:46,8/5/2026 9:08,,8/5/2026 8:55,,AMSQUAD Sprint 26.12,8/5/2026 0:00,0,PerformanceTesting,QA-Board-View,Regression,,,,"h3. Background

Production is experiencing performance lag after IDP login, suspected to involve post-login banner and dashboard {{.cs}} page loads (Jia/Jaya server). Platform team (Arun Dash, Mayank Patel, Dhruv Dineshkumar Patel) requested extending the existing IDP login performance script to hit 6 additional pages after successful login and before logout.

An updated JMeter script has been prepared in the QA knowledge base with all 6 pages added. This story covers *deploying that script, validating it works locally and on stage1*, and confirming readiness for Jenkins/end-to-end testing in the next sprint.

h3. Business value

* Reproduces production post-login load on stage1 before platform patch is applied
* Establishes a working script baseline for banner performance measurement
* Unblocks stakeholder load test (50 users, 5 plans) in Sprint 2



h3. Scope — IN

* Deploy {{idp-login-resources.jmx}} (with 6 new GET samplers) to {{performance-test-automation}} GitLab repo
* Local JMeter smoke test (1 user, minimum 2 plans)
* Browser Network tab validation vs script URLs (nyd + 1 other plan)
* Fix any script issues found during smoke (URLs, headers, assertions, session cookies)
* Document smoke test evidence (screenshot or JTL summary)
* Hand off working script + notes to team for Jenkins story (Story 2)



h3. Scope — OUT

* Jenkins job creation or modification (Story 2)
* Full 50-user stakeholder load test (Story 2)
* Post-patch comparison run (Story 2, after platform patch)
* Production testing
* Changes to {{idp-login-stage1.csv}} unless smoke reveals bad test accounts

----

h3. 6 pages added (controller: 8-A. Post-Login Dashboard Pages)

||#||Sampler label||Method||Path||
|1|8-A-1. Auth Custom Banner (CS)|GET|{{${plan-tpl}/auth/customBannerMessage.cs}}|
|2|8-A-2. Auth Side Banner (CS)|GET|{{${plan-tpl}/auth/sideBannerMessage.cs}}|
|3|8-A-3. AL Custom Banner (CS)|GET|{{${plan-tpl}/al/customBannerMessage.cs}}|
|4|8-A-4. AO Custom Banner (CS)|GET|{{${plan-tpl}/ao/customBannerMessage.cs}}|
|5|8-A-5. AO Overview (CS)|GET|{{${plan-tpl}/ao/overview.cs}}|
|6|8-A-6. AL List (CS)|GET|{{${plan-tpl}/al/list.cs}}|

Inserted after *step 8 Session/Overview (POST createSessionIDP.cs)* and before *step 9 Logout*.

h3. YAML changes

*Not required* for this story. Optional: update BlazeMeter test name in {{idp-login-resources-remote.yaml}} (included in KB scripts folder).

h3. Test users (stage1, MFP-disabled)

||Plan||Username||Password||Login URL||
|nyd|QAPERFTEST_119527095|Newton@123|[https://nyd.stage1.acs529.com/nytpl/authentications/loginLandingIDP.cs|https://nyd.stage1.acs529.com/nytpl/authentications/loginLandingIDP.cs]|
|njd|QAPERFTEST_103562251|Newton@123|[https://njd.stage1.acs529.com/njtpl/authentications/loginLandingIDP.cs|https://njd.stage1.acs529.com/njtpl/authentications/loginLandingIDP.cs]|

Full list: {{docs/guides/VALIDATION_TEST_USERS.md}}

h3. Dependencies required in JMeter working directory

* {{idp-login-stage1.csv}}
* {{authentication/decryption.jmx}} (include controller)



h3. KB documentation

* Deploy steps: {{scripts/jia-banner-post-login/DEPLOY.md}}
* Quick start: {{docs/guides/PRITI_QUICK_START.md}}
* Script flow: {{docs/reference/JMETER_SCRIPT_FLOW.md}}

----



h2. Tasks / Subtasks

* *1.1* Back up current {{idp-login-resources.jmx}} in perf repo
* *1.2* Copy updated JMX from KB to {{performance-test-automation/.../jmeter/}}
* *1.3* Open script in JMeter GUI — verify 6 new samplers visible under {{8-A. Post-Login Dashboard Pages (CS)}}
* *1.4* Manual browser login (nyd) — capture Network tab URLs for all 6 {{.cs}} pages; compare to script paths
* *1.5* Repeat Network tab check for second plan (njd or nmd)
* *1.6* Local smoke: 1 thread, 1 loop, env=stage1, nyd user — all 15 transaction steps pass
* *1.7* Local smoke: repeat for second plan
* *1.8* Fix any failures (headers, cookies, assertions, query params) and re-run smoke
* *1.9* Commit and push to GitLab perf repo with descriptive commit message
* *1.10* Attach smoke evidence (View Results Tree screenshot or JTL) to JIRA
* *1.11* Update OPEN_ITEMS.md with any findings from Network tab validation
* *1.12* Notify Swapnil / team that script is ready for Jenkins story (Story 2)

h2. Acceptance criteria

||#||Criterion||Verifiable by||
|AC1|Updated {{idp-login-resources.jmx}} is committed and pushed to {{performance-test-automation}} GitLab repo|Git commit / MR link|
|AC2|Script contains all 6 post-login GET samplers with correct {{${plan-tpl}}} paths per stakeholder spec|JMeter GUI or XML review|
|AC3|Manual browser Network tab (nyd) confirms all 6 URLs match script paths (or documented deltas fixed in script)|Screenshot / comment in JIRA|
|AC4|Local JMeter smoke test passes with *0% errors* for nyd user ({{QAPERFTEST_119527095}}) — all 15 steps green|JMeter results screenshot|
|AC5|Local JMeter smoke test passes with *0% errors* for a second plan (njd or nmd)|JMeter results screenshot|
|AC6|Session-required pages (8-A-3 through 8-A-6) succeed only after step 8 POST completes (cookies carried)|View Results Tree / log|
|AC7|No regression on original 9 steps (login flow through logout still works)|JMeter results|
|AC8|Smoke evidence attached to JIRA; team notified script is ready for Jenkins E2E (Story 2)|JIRA comment|

----



h2. Definition of Done (DoD)

* Code (JMX) merged/pushed to {{performance-test-automation}} {{main}} or feature branch per team convention
* All acceptance criteria (AC1–AC8) met and verified
* Local smoke tests documented with evidence (screenshot or JTL) attached to JIRA
* No open *blocker* defects on script functionality for nyd + 1 other plan
* Network tab validation completed; any URL/header differences documented and resolved or logged in OPEN_ITEMS
* KB docs updated if script was modified during smoke (CHANGELOG.md note or JIRA comment)
* Peer review or sign-off from Swapnil (or QA lead) that script is ready for Jenkins deployment
* Story 2 unblocked — handoff comment posted with Git commit hash and test user/plans validated",,Automation for Jira,Swapnil Patil,,557058:f58131cb-b67d-43c7-b30d-6b58d40bd077,6357f972fc0cc7a600ae8914,,,,,,,,,,,,,,,,,,,,,,,,,,,,,,,QA Automation,,,,"||#||Criterion||Verifiable by||
|AC1|Updated {{idp-login-resources.jmx}} is committed and pushed to {{performance-test-automation}} GitLab repo|Git commit / MR link|
|AC2|Script contains all 6 post-login GET samplers with correct {{${plan-tpl}}} paths per stakeholder spec|JMeter GUI or XML review|
|AC3|Manual browser Network tab (nyd) confirms all 6 URLs match script paths (or documented deltas fixed in script)|Screenshot / comment in JIRA|
|AC4|Local JMeter smoke test passes with *0% errors* for nyd user ({{QAPERFTEST_119527095}}) — all 15 steps green|JMeter results screenshot|
|AC5|Local JMeter smoke test passes with *0% errors* for a second plan (njd or nmd)|JMeter results screenshot|
|AC6|Session-required pages (8-A-3 through 8-A-6) succeed only after step 8 POST completes (cookies carried)|View Results Tree / log|
|AC7|No regression on original 9 steps (login flow through logout still works)|JMeter results|
|AC8|Smoke evidence attached to JIRA; team notified script is ready for Jenkins E2E (Story 2)|JIRA comment|",,,,,ApprovalsCFValue{approvals=[]},,,,,,,,,,,,,,,,,,,,,,,,,,,,,,,,,,,,,,,,,,,,,,,,,,,{},,,,,,,,,,,,,,,,,,,,,,,,,,,,,,,,,,,,,,,,,,,,,,,,,,,,,,,,,,,,,,,,,,,,,,,,,,,,,,,,,,,,,,,,,,,,,,,,,0|i18pth:zzuzncxi,,,,,,,,,,,,,,,,,,,,,,,,,,,,,,,,,,,,,,,,,,,AMSQUAD Sprint 26.12 7/22-8/04,,,8/5/2026 0:00,,3,,,,,,,,,4821708b-58a1-45f9-93f1-fe52c0da32a7,QA Automation,,,,,,,,,,,,,,,,,,,,,01:48.3,10415_*:*_1_*:*_3104_*|*_3_*:*_1_*:*_4063_*|*_10409_*:*_1_*:*_18538_*|*_10000_*:*_1_*:*_86923340_*|*_10420_*:*_1_*:*_0,"05/Aug/26 9:01 AM;557058:f58131cb-b67d-43c7-b30d-6b58d40bd077;Sub-task QA-1605 was updated:
  • Status: Backlog
  ","05/Aug/26 9:07 AM;557058:f58131cb-b67d-43c7-b30d-6b58d40bd077;Sub-task QA-1605 was updated:
  • Status: To Do
  ","05/Aug/26 9:08 AM;557058:f58131cb-b67d-43c7-b30d-6b58d40bd077;Sub-task QA-1605 was updated:
  • Status: Refinement
  ","05/Aug/26 9:08 AM;557058:f58131cb-b67d-43c7-b30d-6b58d40bd077;Sub-task QA-1605 was updated:
  • Status: In Progress
  ","05/Aug/26 9:08 AM;557058:f58131cb-b67d-43c7-b30d-6b58d40bd077;Sub-task QA-1605 was updated:
  • Status: Review
  ","05/Aug/26 9:08 AM;557058:f58131cb-b67d-43c7-b30d-6b58d40bd077;Sub-task QA-1605 was updated:
  • Status: Done
  ",,,,,,,,,,,,,,,,,,,,,,,,,,,,,321219,QA-809,[Perf Testing][Login Flow] Create a new IdP SDK class Mobile backend to reuse token for metadata cache lookup (QA Automation),Done,8/5/2026 8:55
[SYN-443][PERF_TEST Barcode returned-mail GET API — QC4 baseline load test (single endpoint),QA-1463,348563,Story,Done,QA,QA Automation,software,Timothy Kaufman,6418909f67102fc717c0b0d8,"{quote}Automation & Performance Testing Center of Excellence 


Tracks test strategy, execution, CI results, risk mitigation, and engineering dashboards.  


Project lead: Swapnil Patil (Functional) | Timothy Kaufman (JIRA Admin){quote}",https://confluence.ascensus.com/pages/viewpage.action?pageId=315559619,High,Done,Priti Choudhary,712020:65a17112-cbcc-4b3a-a8ae-2542eeefe9ac,Swapnil Patil,6357f972fc0cc7a600ae8914,Swapnil Patil,6357f972fc0cc7a600ae8914,7/27/2026 11:44,8/3/2026 9:28,,8/3/2026 9:28,,AMSQUAD Sprint 26.12,8/3/2026 0:00,0,PerformanceTesting,QA-Board-View,Regression,,,,"h2. Context

Epic *SYN-443* delivers a barcode enhancement to automate the *Mailstop* process for returned mail across *529 and ABLE* plans. ODS/Kofax scans a barcode; the scan hits a *Unite GET API* that returns customer/mail details.

Performance testing was not completed before release planning. QA Automation is delivering a *lightweight QC4 baseline* (one endpoint) by *2026-07-31*, using the existing JMeter/Blaze perf toolchain. Synergy dev team (Suresh Mahto) owns the API; Rajib Akhter must confirm *QC4 vs Stage* test strategy before results are treated as release evidence.

*KB / artifacts:* {{qa-automation-kb/BarcodeProject/}}

h2. User outcome

As a *performance engineer*, I want a *validated Postman request and JMeter baseline* for the barcode lookup GET API in QC4, so that Synergy can prove the endpoint meets agreed load/latency targets before production release.

h2. Scope

*In:*

* Convert dev-provided *curl* → Postman collection (QC4 environment)
* Configure *client certificate* for QC4 Postman calls (wildcard {{*.localdev.acs529.com}} — credentials via private channel, not in repo)
* Validate *HTTP 200* and response schema with sample {{barcode_id}} from QC4 {{tu_sent_mail}}
* Author *JMeter* (or Blaze/Taurus) script for single GET endpoint
* Run baseline load test in QC4 per agreed profile (see KB {{docs/03-load-profile.md}})
* Document setup, results, limitations (QC4 auth bypass vs Stage/Prod cert path)
* Daily status to Brenda; environment decision recorded after Rajib approval

*Out:*

* Stage/Prod perf runs (blocked: cert + DevOps passcode policy unless Rajib approves alternate path)
* UI / Kofax scanner testing
* Functional regression of Mailstop business workflow beyond API response
* Full perf framework refactor (only lightweight project folder under BarcodeProject)



h2. API summary (from 2026-07-24 dev call)

||Attribute||Detail||
|Method|*GET* (single endpoint)|
|Trigger|Kofax/ODS barcode scan → Unite server|
|Response|Customer / mail details for Mailstop processing|
|Test data (QC4)|{{select barcode_id, a.* from tu_sent_mail a;}}|
|Authoritative curl|*Pending from Suresh* — update {{BarcodeProject/api/curl-from-suresh.md}}|

{{[NEED_INPUT]}} — Paste exact URL, path params, query params, and headers once Suresh shares curl.

h2. Environment strategy (decision pending)

||Environment||Auth / cert||Perf test this sprint?||
|*QC4*|Wildcard cert {{*.localdev.acs529.com}}; partner auth bypassed on JBoss|*Proposed* — pending Rajib approval|
|*Stage*|{{kofaxapi.stage.acs529.com}} client cert; plaintext passcodes not shared with external teams|*Blocked* unless DevOps exception|
|*Prod*|{{kofaxapi.prod.acs529.com}}|*Out of scope*|

*Risk to document in test report:* QC4 results measure *application throughput* but may *not* include Stage/Prod certificate handshake and partner-auth overhead.

h2. Dependencies

||Dependency||Owner||Needed by||
|Authoritative curl + sample barcode_id|Suresh Mahto|Day 1 (2026-07-27)|
|QC4 cert + passphrase (private)|Suresh / Rajib|Day 1|
|Rajib approval — QC4 acceptable for perf sign-off|Rajib Akhter|Day 1|
|Production-like load targets (TPS / daily volume / peak)|Rajib + Brenda + Kaden ops|Day 1–2|
|JMeter/Blaze runner access to QC4|Swapnil / DevOps|Day 2|



h2. Links

||Resource||Location||
|Epic|[https://ascensuscollegesavings.atlassian.net/browse/SYN-443|https://ascensuscollegesavings.atlassian.net/browse/SYN-443|smart-link]|
|KB README|{{qa-automation-kb/BarcodeProject/README.md}}|
|Postman collection|{{BarcodeProject/postman/SYN-443-Barcode-API.postman_collection.json}}|
|Curl → Postman guide|{{BarcodeProject/docs/01-setup-curl-to-postman.md}}|
|Environment strategy|{{BarcodeProject/docs/02-environment-strategy.md}}|
|Load profile draft|{{BarcodeProject/docs/03-load-profile.md}}|
|Kickoff transcript|{{BarcodeProject/Call with Dattatraya and 4 others.docx}}|



h2. Execution steps



h3. Phase 1 — Postman smoke (Day 1)

# Import collection + QC4 environment from {{BarcodeProject/postman/}}.
# Paste Suresh curl into {{api/curl-from-suresh.md}}; align collection URL, method, headers, params.
# Configure Postman *Settings → Certificates* with QC4 wildcard cert (from private ping).
# Run GET with a valid {{barcode_id}} from {{tu_sent_mail}}; confirm *200* and expected JSON fields.
# Export updated collection if curl differs from template.



h3. Phase 2 — JMeter baseline (Day 2–3)

# Record Postman request as HAR or manually build JMeter HTTP Sampler (match headers/cert).
# Parameterize {{barcode_id}} from CSV (multiple rows from QC4 SQL).
# Run smoke (1 user, 1 iteration) then stepped load per {{docs/03-load-profile.md}}.
# Capture: throughput, p95/p99 latency, error rate, QC4 server metrics if available.



h3. Phase 3 — Report & handoff (Day 4–5)

# Summary doc in {{BarcodeProject/}} (results markdown + screenshots).
# KT note for Synergy on how to re-run and extend.
# Log limitations (QC4 auth path) and recommend Stage follow-up if required for release gate.



h2. Known failure modes

||Symptom||Likely cause||Owner||
|SSL / cert handshake failure|Wrong cert or expired {{*.localdev.acs529.com}}|Suresh / Rajib|
|401 / 403|Missing header or wrong barcode_id|Dev + Kriti|
|404|Invalid test data in QC4|Suresh — refresh SQL sample|
|Connection timeout from JMeter agent|Network / firewall to QC4|DevOps|
|Results rejected for release|QC4 auth not representative of Stage|Rajib — escalate Stage cert path|

*DESCRIPTION — copy above* ↑

----



h2. Acceptance criteria



h3. Postman / connectivity

* Rajib (or delegate) *documents approval* of QC4 perf approach OR alternate Stage plan
* Authoritative curl captured in {{api/curl-from-suresh.md}}
* Postman GET returns *HTTP 200* for at least *one* valid QC4 {{barcode_id}}
* Response contains expected customer/mail fields (list fields in test report once known)



h3. Performance baseline

* JMeter (or Blaze) script runs from agreed agent against QC4
* Load profile executed per signed-off targets in {{docs/03-load-profile.md}}
* Results report includes: users, duration, throughput, p95 latency, error %
* Report explicitly states *QC4 auth limitation* vs Stage/Prod cert path



h3. Documentation & comms

* KB {{BarcodeProject/}} updated with final collection, script path, and results link
* Daily status sent to Brenda through *2026-07-31*
* Handoff note for Synergy on re-running tests",,Brenda Montoya,Priti Choudhary,Swapnil Patil,712020:c9c0ca17-04ce-48cd-ba1b-9467d716882e,712020:65a17112-cbcc-4b3a-a8ae-2542eeefe9ac,6357f972fc0cc7a600ae8914,,,,,,,,,,,,,,,,,,,,,,,,,,,,,,,,,,,,,,,ApprovalsCFValue{approvals=[]},,,,,,,,,,,,,,,,,,,,,,,,,,,,,,,,,,,,,,,,,,,,,,,,,,,{},,,,,,,,,,,,,,,,,,,,,,,,,,,,,,,,,,,,,,,,,,,,,,,,,,,,,,,,,,,,,,,,,,,,,,,,,,,,,,,,,,,,,,,,,,,,,,,,,0|i18pth:,,,,,,,,,,,,,,,,,,,,,,,,,,,,,,,,,,,,,,,,,,,AMSQUAD Sprint 26.12 7/22-8/04,,,7/29/2026 0:00,,3,,,,,,,,,4821708b-58a1-45f9-93f1-fe52c0da32a7,QA Automation,,,,,,,,,,,,,,,,,,,,,55:13.5,10415_*:*_1_*:*_2966_*|*_3_*:*_1_*:*_431469660_*|*_10409_*:*_1_*:*_13391_*|*_10000_*:*_1_*:*_165095096_*|*_11552_*:*_1_*:*_0,"29/Jul/26 9:55 AM;712020:c9c0ca17-04ce-48cd-ba1b-9467d716882e;Dependency: Performance testing is requested to be done in Stage1 because Kofax’s first env is Stage1. Currently only QC4 is available for testing, without certificate approval Stage1 testing cannot be done. Previously, certificate credentials were not approved to be shared, CL’s (Arun/Rajib) will now approve this (team will try with internal QA certificate before Stage1 certificate) upon RT creation. 

Cc. [~accountid:712020:4f3e71fe-46f7-4997-b8a4-190efcd6aabe] [~accountid:712020:8585bdf9-7c91-432a-ad91-658eb8b74259] [~accountid:6357f972fc0cc7a600ae8914] ",03/Aug/26 9:28 AM;712020:65a17112-cbcc-4b3a-a8ae-2542eeefe9ac;Performance testing completed for barcode feature. Email sent out to the team with all the details (include test plan and execution report),,,,,,,,,,,,,,,,,,,,,,,,,,,,,,,,,178563,SYN-443,Returned Mail Barcode Cost Saving Enhancement,Done,8/3/2026 9:28
MSC Setup] [Perf testing] mobile 2 contribution endpoints,QA-1432,347648,Story,Done,QA,QA Automation,software,Timothy Kaufman,6418909f67102fc717c0b0d8,"{quote}Automation & Performance Testing Center of Excellence 


Tracks test strategy, execution, CI results, risk mitigation, and engineering dashboards.  


Project lead: Swapnil Patil (Functional) | Timothy Kaufman (JIRA Admin){quote}",https://confluence.ascensus.com/pages/viewpage.action?pageId=315559619,Low,Done,Priti Choudhary,712020:65a17112-cbcc-4b3a-a8ae-2542eeefe9ac,Priti Choudhary,712020:65a17112-cbcc-4b3a-a8ae-2542eeefe9ac,Priti Choudhary,712020:65a17112-cbcc-4b3a-a8ae-2542eeefe9ac,7/22/2026 9:13,8/5/2026 3:13,,8/5/2026 3:13,,AMSQUAD Sprint 26.12,8/5/2026 0:00,0,PerformanceTesting,QA-Board-View,Regression,unite-msc,,,"Develop and package JMeter performance test assets for MSC Mobile *Contribution* flows on QC4, aligned with the mobile2 endpoint. Tests must support *Non-IDP* and *IDP* authentication and allow modules to be enabled/disabled per run.

||Method||Path||
|GET|{{/mobile2api/v1/mobilecontribution}}|
|GET|{{/mobile2api/v1/mobilecontributioncheck}}|
|GET|{{/mobile2api/v1/mobilecontribution/{ext}/{id}}}|
|POST|{{/mobile2api/v1/mobilecontribution}}|
|PUT|{{/mobile2api/v1/mobilecontribution/{ext}/{id}}}|
|DELETE|{{/mobile2api/v1/mobilecontribution/{ext}/{id}}}|

||TC||Description||Users||Duration||Runs||
|Smoke|Functional gate — 0% errors|1|30s|1|
|Baseline|Single-user perf numbers|1|30s|5 (discard run 1)|
|Light load|Regression under concurrency|5|5–10 min|3 (median)|",,Priti Choudhary,,,712020:65a17112-cbcc-4b3a-a8ae-2542eeefe9ac,,,,,,,,,,,,,,,,,,,,,,,,,,,,,,,,,,,,,,,,,ApprovalsCFValue{approvals=[]},,,,,,,,,,,,,,,,,,,,,,,,,,,,,,,,,,,,,,,,,,,,,,,,,,,{},,,,,,,,,,,,,,,,,,,,,,,,,,,,,,,,,,,,,,,,,,,,,,,,,,,,,,,,,,,,,,,,,,,,,,,,,,,,,,,,,,,,,,,,,,,,,,,,,0|i18pta:,,,,,,,,,,,,,,,,,,,,,,,,,,,,,,,,,,,,,,,,,,,AMSQUAD Sprint 26.12 7/22-8/04,,,7/29/2026 0:00,,5,,,,,,,,,,,,,,,,,,,,,,,,,,,,,,,,10415_*:*_1_*:*_2320_*|*_3_*:*_1_*:*_1672_*|*_10409_*:*_1_*:*_12965_*|*_10000_*:*_1_*:*_605756077_*|*_10420_*:*_1_*:*_0,,,,,,,,,,,,,,,,,,,,,,,,,,,,,,,,,,,320810,QA-796,Unite MSC Test Automation,Done,8/5/2026 3:13
[PERF TESTING][UNITE-MSC Setup] mobile 2 bank endpoints,QA-1431,347647,Story,Done,QA,QA Automation,software,Timothy Kaufman,6418909f67102fc717c0b0d8,"{quote}Automation & Performance Testing Center of Excellence 


Tracks test strategy, execution, CI results, risk mitigation, and engineering dashboards.  


Project lead: Swapnil Patil (Functional) | Timothy Kaufman (JIRA Admin){quote}",https://confluence.ascensus.com/pages/viewpage.action?pageId=315559619,Low,Done,Priti Choudhary,712020:65a17112-cbcc-4b3a-a8ae-2542eeefe9ac,Priti Choudhary,712020:65a17112-cbcc-4b3a-a8ae-2542eeefe9ac,Priti Choudhary,712020:65a17112-cbcc-4b3a-a8ae-2542eeefe9ac,7/22/2026 9:12,8/5/2026 3:13,8/5/2026 9:05,8/5/2026 3:13,,AMSQUAD Sprint 26.12,8/5/2026 0:00,0,PerformanceTesting,QA-Board-View,Regression,unite-msc,,,"Develop and package JMeter performance test assets for MSC Mobile *Banks* flows on QC4, aligned with the  mobile2 endpoints. Tests must support *Non-IDP* and *IDP* authentication and allow modules to be enabled/disabled per run.

||Method||Path||
|GET|{{/mobile2api/v1/mobilebanks?filterDomesticBanks=true}}|
|GET|{{/mobile2api/v1/mobilebanks/{id}}}|
|POST|{{/mobile2api/v1/mobilebanks}}|
|PUT|{{/mobile2api/v1/mobilebanks}}|
|DELETE|{{/mobile2api/v1/mobilebanks}}|

||TC||Description||Users||Duration||Runs||
|Smoke|Functional gate — 0% errors|1|30s|1|
|Baseline|Single-user perf numbers|1|30s|5 (discard run 1)|
|Light load|Regression under concurrency|5|5–10 min|3 (median)|",,Priti Choudhary,,,712020:65a17112-cbcc-4b3a-a8ae-2542eeefe9ac,,,,,,,,,,,,,,,,,,,,,,,,,,,,,,,,,,,,,,,,,ApprovalsCFValue{approvals=[]},,,,,,,,,,,,,,,,,,,,,,,,,,,,,,,,,,,,,,,,,,,,,,,,,,,{},,,,,,,,,,,,,,,,,,,,,,,,,,,,,,,,,,,,,,,,,,,,,,,,,,,,,,,,,,,,,,,,,,,,,,,,,,,,,,,,,,,,,,,,,,,,,,,,,0|i18pt2:,,,,,,,,,,,,,,,,,,,,,,,,,,,,,,,,,,,,,,,,,,,AMSQUAD Sprint 26.12 7/22-8/04,,,7/29/2026 0:00,,3,,,,,,,,,,,,,,,,,,,,,,,,,,,,,,,,10415_*:*_1_*:*_4935_*|*_3_*:*_1_*:*_2182_*|*_10409_*:*_1_*:*_13977_*|*_10000_*:*_1_*:*_605795765_*|*_10420_*:*_1_*:*_0,,,,,,,,,,,,,,,,,,,,,,,,,,,,,,,,,,,320810,QA-796,Unite MSC Test Automation,Done,8/5/2026 3:13
[PERF TESTING][UNITE-MSC Setup] mobile 2 dashboard endpoints,QA-1430,347645,Story,Done,QA,QA Automation,software,Timothy Kaufman,6418909f67102fc717c0b0d8,"{quote}Automation & Performance Testing Center of Excellence 


Tracks test strategy, execution, CI results, risk mitigation, and engineering dashboards.  


Project lead: Swapnil Patil (Functional) | Timothy Kaufman (JIRA Admin){quote}",https://confluence.ascensus.com/pages/viewpage.action?pageId=315559619,Low,Done,Priti Choudhary,712020:65a17112-cbcc-4b3a-a8ae-2542eeefe9ac,Priti Choudhary,712020:65a17112-cbcc-4b3a-a8ae-2542eeefe9ac,Priti Choudhary,712020:65a17112-cbcc-4b3a-a8ae-2542eeefe9ac,7/22/2026 9:05,8/5/2026 3:13,8/5/2026 9:05,8/5/2026 3:13,,AMSQUAD Sprint 26.12,8/5/2026 0:00,0,PerformanceTesting,QA-Board-View,Regression,unite-msc,,,"Develop and package JMeter performance test assets for MSC Mobile *Dashboard* flows on QC4, aligned with the mobile2 endpoints. Tests must support *Non-IDP* and *IDP* authentication and allow modules to be enabled/disabled per run.

||Method||Path||
|GET|{{/mobile2api/v1/mobiledashboard}}|
|GET|{{/mobile2api/v1/mobileytdsummary/{ext}}}|
|GET|{{/mobile2api/v1/mobilemembers/{planId}/{username}}}|

||TC||Description||Users||Duration||Runs||
|Smoke|Functional gate — 0% errors|1|30s|1|
|Baseline|Single-user perf numbers|1|30s|5 (discard run 1)|
|Light load|Regression under concurrency|5|5–10 min|3 (median)|",,Priti Choudhary,,,712020:65a17112-cbcc-4b3a-a8ae-2542eeefe9ac,,,,,,,,,,,,,,,,,,,,,,,,,,,,,,,,,,,,,,,,,ApprovalsCFValue{approvals=[]},,,,,,,,,,,,,,,,,,,,,,,,,,,,,,,,,,,,,,,,,,,,,,,,,,,{},,,,,,,,,,,,,,,,,,,,,,,,,,,,,,,,,,,,,,,,,,,,,,,,,,,,,,,,,,,,,,,,,,,,,,,,,,,,,,,,,,,,,,,,,,,,,,,,,0|i17p7h:ei,,,,,,,,,,,,,,,,,,,,,,,,,,,,,,,,,,,,,,,,,,,AMSQUAD Sprint 26.12 7/22-8/04,,,7/23/2026 0:00,,2,,,,,,,,,,,,,,,,,,,,,,,,,,,,,,,,10415_*:*_1_*:*_4141_*|*_3_*:*_2_*:*_1176059454_*|*_10409_*:*_1_*:*_17383_*|*_10000_*:*_2_*:*_12432113_*|*_10420_*:*_1_*:*_0,,,,,,,,,,,,,,,,,,,,,,,,,,,,,,,,,,,320810,QA-796,Unite MSC Test Automation,Done,8/5/2026 3:13
"[Platform Support][Perf-Test][TestData-Setup] Automation framework setup- v3, v2 for perf test data generation",QA-1325,343368,Story,Done,QA,QA Automation,software,Timothy Kaufman,6418909f67102fc717c0b0d8,"{quote}Automation & Performance Testing Center of Excellence 


Tracks test strategy, execution, CI results, risk mitigation, and engineering dashboards.  


Project lead: Swapnil Patil (Functional) | Timothy Kaufman (JIRA Admin){quote}",https://confluence.ascensus.com/pages/viewpage.action?pageId=315559619,Low,Done,Priti Choudhary,712020:65a17112-cbcc-4b3a-a8ae-2542eeefe9ac,Priti Choudhary,712020:65a17112-cbcc-4b3a-a8ae-2542eeefe9ac,Priti Choudhary,712020:65a17112-cbcc-4b3a-a8ae-2542eeefe9ac,7/9/2026 7:10,7/16/2026 11:45,,7/16/2026 11:45,,AMSQUAD Sprint 26.11,7/16/2026 0:00,0,PlatformSupport,QA-Board-View,Regression,,,,"Purpose
Reserve time for *DevOps alignment*: triaging job failures due to _infrastructure_, agent pools, secrets rotation, artifact retention, and GitLab/Jenkins configuration questions — without owning product feature delivery.

Scope

* Triage pipeline-as-platform issues; raise tickets to platform/DevOps teams; verify after fixes are deployed.
* Document job names, configurations, and links in the squad knowledge base when they change.

*Acceptance criteria* 

{noformat}* ( ) Pipeline/infra issues are **documented** with job URL + error snippet in a comment or linked Task.
* ( ) **Resolution** or **handoff** is clearly noted when the issue is not owned by QA Automation code.
* ( ) No **Story points** are assigned; effort is tracked via **work log** only.{noformat}",,Priti Choudhary,,,712020:65a17112-cbcc-4b3a-a8ae-2542eeefe9ac,,,,,,,,,,,,,,,,,,,,QA-1338,,,,,,,,,,,,QA Automation,,,,,,,,,ApprovalsCFValue{approvals=[]},,,,,,,,,,,,,,,,,,,,,,,,,,,,,,,,,,,,,,,,,,,,,,,,,,,{},,,,,,,,,,,,,,,,,,,,,,,,,,,,,,,,,,,,,,,,,,,,,,,,,,,,,,,,,,,,,,,,,,,,,,,,,,,,,,,,,,,,,,,,,,,,,,,,,0|i18cfp:zr,,,,,,,,,,,,,,,,,,,,,,,,,,,,,,,,,,,,,,,,,,,AMSQUAD Sprint 26.11 7/08-7/21,,,7/9/2026 0:00,,2,,,,,,,,,,,,,,,,,,,,,,,,,,,,,,,,10415_*:*_1_*:*_3842_*|*_3_*:*_1_*:*_612772597_*|*_10409_*:*_1_*:*_4592120_*|*_10000_*:*_1_*:*_3596567_*|*_10420_*:*_1_*:*_0,,,,,,,,,,,,,,,,,,,,,,,,,,,,,,,,,,,320810,QA-796,Unite MSC Test Automation,Done,7/16/2026 11:45
"[Perf Testing][Unite-MSC-LOGIN-BZT] Test & Analyze MSC IDP, Non-IDP Login on BlazeMeter",QA-1307,342701,Story,Done,QA,QA Automation,software,Timothy Kaufman,6418909f67102fc717c0b0d8,"{quote}Automation & Performance Testing Center of Excellence 


Tracks test strategy, execution, CI results, risk mitigation, and engineering dashboards.  


Project lead: Swapnil Patil (Functional) | Timothy Kaufman (JIRA Admin){quote}",https://confluence.ascensus.com/pages/viewpage.action?pageId=315559619,Low,Done,Priti Choudhary,712020:65a17112-cbcc-4b3a-a8ae-2542eeefe9ac,Priti Choudhary,712020:65a17112-cbcc-4b3a-a8ae-2542eeefe9ac,Priti Choudhary,712020:65a17112-cbcc-4b3a-a8ae-2542eeefe9ac,7/7/2026 8:32,7/22/2026 9:04,,7/21/2026 9:38,,AMSQUAD Sprint 26.11,7/21/2026 0:00,0,PerformanceTesting,QA-Board-View,Regression,unite-msc,,,"Run both MSC mobile login flows on BlazeMeter, compare functional and performance results, and document baselines for Jenkins regression and future load testing.

Both tests include credential decryption support, token validation assertions, and post-login dashboard verification.",,Priti Choudhary,,,712020:65a17112-cbcc-4b3a-a8ae-2542eeefe9ac,,,,,,,,,,,,,,,,,,,,,,,,,,,,,,,,,,,,"JMeter scripts cover full UNITE-MSC login flow end-to-end.

h3. Correlation & Data Handling

* All dynamic values (CSRF, tokens, cookies) are properly extracted and reused
* Test data is externalized using CSV Data Set Config.

h3. Test Scenarios

* Successful login scenario is implemented and validated

h3. Assertions & Validation

* Response codes are validated
* Login success/failure conditions verified
* No false positives in test results

h3. Execution & Reporting

* Scripts are executable in target environment
* Load test runs completed for defined scenarios
* Reports generated with:
** Response time
** Throughput
** Error rate

h3. Documentation

* JMeter script usage documented
* Correlation approach documented
* Execution steps and configuration clearly explained",,,,,ApprovalsCFValue{approvals=[]},,,,,,,,,,,,,,,,,,,,,,,,,,,,,,,,,,,,,,,,,,,,,,,,,,,{},,,,,,,,,,,,,,,,,,,,,,,,,,,,,,,,,,,,,,,,,,,,,,,,,,,,,,,,,,,,,,,,,,,,,,,,,,,,,,,,,,,,,,,,,,,,,,,,,0|i18ao6:,,,,,,,,,,,,,,,,,,,,,,,,,,,,,,,,,,,,,,,,,,,AMSQUAD Sprint 26.11 7/08-7/21,,,7/16/2026 0:00,,3,,,,,,,,,,,,,,,,,,,,,,,,,,,,,,,,10415_*:*_1_*:*_183978194_*|*_3_*:*_1_*:*_417645562_*|*_10409_*:*_1_*:*_3196755_*|*_10000_*:*_1_*:*_601654238_*|*_10420_*:*_1_*:*_0,"21/Jul/26 9:38 AM;712020:65a17112-cbcc-4b3a-a8ae-2542eeefe9ac;non-idp baseline data is ready to setup. For idp plan, nmd services are down and nyd plan is acting as non-idp in qc4. once we get plan confirm we will start with running the baseline setup.",,,,,,,,,,,,,,,,,,,,,,,,,,,,,,,,,,320810,QA-796,Unite MSC Test Automation,Done,7/21/2026 9:38
[Perf Testing][Unite-MSC-AUTH] Jenkins setup for unite-msc-idp-login,QA-1305,342698,Story,Done,QA,QA Automation,software,Timothy Kaufman,6418909f67102fc717c0b0d8,"{quote}Automation & Performance Testing Center of Excellence 


Tracks test strategy, execution, CI results, risk mitigation, and engineering dashboards.  


Project lead: Swapnil Patil (Functional) | Timothy Kaufman (JIRA Admin){quote}",https://confluence.ascensus.com/pages/viewpage.action?pageId=315559619,Low,Done,Priti Choudhary,712020:65a17112-cbcc-4b3a-a8ae-2542eeefe9ac,Priti Choudhary,712020:65a17112-cbcc-4b3a-a8ae-2542eeefe9ac,Priti Choudhary,712020:65a17112-cbcc-4b3a-a8ae-2542eeefe9ac,7/7/2026 7:35,7/16/2026 11:45,,7/16/2026 11:44,,AMSQUAD Sprint 26.11,7/16/2026 0:00,0,PerformanceTesting,QA-Board-View,Regression,unite-msc,,,"* Implement complete end-to-end login flow including:
** Login page load
** CSRF token extraction
** Authentication request
** SSO handling (if applicable)
** Session/cookie management
** Landing/dashboard validation
* Add correlation for dynamic values:
** CSRF tokens
** Session IDs
** Auth tokens
* Parameterize test data using CSV files
* Implement key performance scenarios:
**  Successful login
**  Invalid credentials
**  Account lockout (basic coverage)
**  Peak load behavior
* Add assertions and validations for response correctness
* Configure load profiles and thread groups
* Generate and document execution reports",,Priti Choudhary,,,712020:65a17112-cbcc-4b3a-a8ae-2542eeefe9ac,,,,,,,,,,,,,,,,,,,,,,,,,,,,,,,,,,,,"JMeter scripts cover full UNITE-MSC login flow end-to-end.

h3. Correlation & Data Handling

* All dynamic values (CSRF, tokens, cookies) are properly extracted and reused
* Test data is externalized using CSV Data Set Config.

h3. Test Scenarios

* Successful login scenario is implemented and validated

h3. Assertions & Validation

* Response codes are validated
* Login success/failure conditions verified
* No false positives in test results

h3. Execution & Reporting

* Scripts are executable in target environment
* Load test runs completed for defined scenarios
* Reports generated with:
** Response time
** Throughput
** Error rate

h3. Documentation

* JMeter script usage documented
* Correlation approach documented
* Execution steps and configuration clearly explained",,,,,ApprovalsCFValue{approvals=[]},,,,,,,,,,,,,,,,,,,,,,,,,,,,,,,,,,,,,,,,,,,,,,,,,,,{},,,,,,,,,,,,,,,,,,,,,,,,,,,,,,,,,,,,,,,,,,,,,,,,,,,,,,,,,,,,,,,,,,,,,,,,,,,,,,,,,,,,,,,,,,,,,,,,,0|i18ani:,,,,,,,,,,,,,,,,,,,,,,,,,,,,,,,,,,,,,,,,,,,AMSQUAD Sprint 26.11 7/08-7/21,,,7/10/2026 0:00,,3,,,,,,,,,,,,,,,,,,,,,,,,,,,,,,,,10415_*:*_1_*:*_2827_*|*_3_*:*_1_*:*_352775179_*|*_10409_*:*_1_*:*_6624060_*|*_10000_*:*_1_*:*_249543772_*|*_10420_*:*_1_*:*_0,,,,,,,,,,,,,,,,,,,,,,,,,,,,,,,,,,,320810,QA-796,Unite MSC Test Automation,Done,7/16/2026 11:44
[Stage1] Unite MSC / IDP Login – username and password text boxes missing on login screen (06/30/2026),QA-1268,340637,Bug,Closed,QA,QA Automation,software,Timothy Kaufman,6418909f67102fc717c0b0d8,"{quote}Automation & Performance Testing Center of Excellence 


Tracks test strategy, execution, CI results, risk mitigation, and engineering dashboards.  


Project lead: Swapnil Patil (Functional) | Timothy Kaufman (JIRA Admin){quote}",https://confluence.ascensus.com/pages/viewpage.action?pageId=315559619,High,Done,Priti Choudhary,712020:65a17112-cbcc-4b3a-a8ae-2542eeefe9ac,Swapnil Patil,6357f972fc0cc7a600ae8914,Swapnil Patil,6357f972fc0cc7a600ae8914,6/30/2026 9:22,6/30/2026 10:59,,6/30/2026 10:59,,AMSQUAD Sprint 26.10,7/2/2026 0:00,0,QA-Board-View,Regression,,,,,"*Overview*
On *06/30/2026*, Stage 1 *Unite MSC / IDP login* pages are missing the *username and password input fields* in the login form. The login panel header, *Forgot Username* / *Forgot Password* links, and *Next* button render correctly, but the credential text boxes do not appear. This *blocks member login* and *IDP Login automation* for affected plans.

*Suspected cause*
Issue observed after the *morning build/deployment* on 06/30/2026 — likely a *frontend/UI regression* in the MSC or IDP login component introduced by that change set.

*Environment*
QC4 · Unite MSC / IDP Login (Prime V3 IDP Login suite and manual login).

*Observed behavior*

* Login page loads with branding and login panel shell.
* *Username and password fields are absent* from the form.
* *Forgot Username*, *Forgot Password*, and *Next* button remain visible.
* Users cannot authenticate; automation cannot enter credentials.

*Expected behavior*
Username and password input fields display in the login form; user can enter credentials and proceed with authentication.

*Actual behavior*
Input fields are missing; login flow is blocked at the first step.

h3. Steps to Reproduce

# Open a QC4 plan IDP login URL (sample: *The Education Plan*).
# Confirm the login page loads.
# Inspect the *“LOG IN TO YOUR ACCOUNT”* form.
# Observe that *username and password text boxes are not present*.

h3. Priority / Severity (suggested)

* *Priority:* Critical — Core login path broken; blocks members and nightly IDP regression.
* *Severity:* Blocker — No workaround to enter credentials on affected login pages.

h3. Test Data

* QC4 IDP login URL for affected plan (e.g., The Education Plan).
* Valid test credentials per plan QA data (cannot be used until fields render).

!image-20260630-132041.png|width=671,alt=""image-20260630-132041.png""!",QC4,Priti Choudhary,Swapnil Patil,,712020:65a17112-cbcc-4b3a-a8ae-2542eeefe9ac,6357f972fc0cc7a600ae8914,,43200,0,,0%,43200,0,,,,,,,,,,,,,,,,,,,30/Jun/26 9:22 AM;6357f972fc0cc7a600ae8914;image-20260630-132041.png;https://ascensuscollegesavings.atlassian.net/rest/api/3/attachment/content/102039,,,,,,,,,,,,,,ApprovalsCFValue{approvals=[]},,,,,,,,,,,,,,,,,,,,,,,,,,,,,,,,,,,,,,,High,,,,,,,,,,,,{},,,,,,,,,,,,,,,,,,,,,,,,,,,,,,,,,,,,,,,,,,,,,,,,,,,,,,,,,,,,,,,,,,,,,,,,,,,,,,,,,,,,,,,,,,,,,,,,,0|i1861u:,,,,,,,,,,,,,,,,,,,,,,previous build is pushed and the fields are now visible,Coding Issue,,,,,,,,,,,,,,,,,,,,AMSQUAD Sprint 26.10 6/24-7/07,,,,,,,,,,,,,,4821708b-58a1-45f9-93f1-fe52c0da32a7,QA Automation,,,,,,,,,,,,,,,,,,,,,58:22.1,1_*:*_1_*:*_4227080_*|*_3_*:*_1_*:*_4003_*|*_11560_*:*_1_*:*_0_*|*_11550_*:*_1_*:*_1427179,"30/Jun/26 10:58 AM;712020:65a17112-cbcc-4b3a-a8ae-2542eeefe9ac;The issue was in the last build from main.

 Fixed. Verifed.",,,,,,,,,,,,,,,,,,,,,,,,,,,,,,,,,,225845,QA-3,"Update regression test plan for Unite, Universal",Done,6/30/2026 10:59
[Perf Testing][Unite-MSC-AUTH] Unite msc data setup using automation framework,QA-1230,339533,Story,Done,QA,QA Automation,software,Timothy Kaufman,6418909f67102fc717c0b0d8,"{quote}Automation & Performance Testing Center of Excellence 


Tracks test strategy, execution, CI results, risk mitigation, and engineering dashboards.  


Project lead: Swapnil Patil (Functional) | Timothy Kaufman (JIRA Admin){quote}",https://confluence.ascensus.com/pages/viewpage.action?pageId=315559619,Low,Done,Priti Choudhary,712020:65a17112-cbcc-4b3a-a8ae-2542eeefe9ac,Priti Choudhary,712020:65a17112-cbcc-4b3a-a8ae-2542eeefe9ac,Priti Choudhary,712020:65a17112-cbcc-4b3a-a8ae-2542eeefe9ac,6/25/2026 9:49,7/8/2026 9:11,,7/8/2026 9:11,,AMSQUAD Sprint 26.10,7/8/2026 0:00,0,PerformanceTesting,QA-Board-View,Regression,unite-msc,,,"* Implement complete end-to-end login flow including:
** Login page load
** CSRF token extraction
** Authentication request
** SSO handling (if applicable)
** Session/cookie management
** Landing/dashboard validation
* Add correlation for dynamic values:
** CSRF tokens
** Session IDs
** Auth tokens
* Parameterize test data using CSV files
* Implement key performance scenarios:
**  Successful login
**  Invalid credentials
**  Account lockout (basic coverage)
**  Peak load behavior
* Add assertions and validations for response correctness
* Configure load profiles and thread groups
* Generate and document execution reports",,Priti Choudhary,,,712020:65a17112-cbcc-4b3a-a8ae-2542eeefe9ac,,,,,,,,,,,,,,,,,,,,,,,,,,,,,,,,,,,,"JMeter scripts cover full UNITE-MSC login flow end-to-end.

h3. Correlation & Data Handling

* All dynamic values (CSRF, tokens, cookies) are properly extracted and reused
* Test data is externalized using CSV Data Set Config.

h3. Test Scenarios

* Successful login scenario is implemented and validated

h3. Assertions & Validation

* Response codes are validated
* Login success/failure conditions verified
* No false positives in test results

h3. Execution & Reporting

* Scripts are executable in target environment
* Load test runs completed for defined scenarios
* Reports generated with:
** Response time
** Throughput
** Error rate

h3. Documentation

* JMeter script usage documented
* Correlation approach documented
* Execution steps and configuration clearly explained",,,,,ApprovalsCFValue{approvals=[]},,,,,,,,,,,,,,,,,,,,,,,,,,,,,,,,,,,,,,,,,,,,,,,,,,,{},,,,,,,,,,,,,,,,,,,,,,,,,,,,,,,,,,,,,,,,,,,,,,,,,,,,,,,,,,,,,,,,,,,,,,,,,,,,,,,,,,,,,,,,,,,,,,,,,0|i180gd:o,,,,,,,,,,,,,,,,,,,,,,,,,,,,,,,,,,,,,,,,,,,AMSQUAD Sprint 26.10 6/24-7/07,,,7/6/2026 0:00,,3,,,,,,,,,,,,,,,,,,,,,,,,,,,,,,,,10415_*:*_1_*:*_428514542_*|*_3_*:*_1_*:*_176122454_*|*_10409_*:*_1_*:*_66095_*|*_10000_*:*_1_*:*_516231724_*|*_10420_*:*_1_*:*_0,,,,,,,,,,,,,,,,,,,,,,,,,,,,,,,,,,,320810,QA-796,Unite MSC Test Automation,Done,7/8/2026 9:11
[Perf Testing][Unite-MSC-AUTH] Jenkins setup for unite-msc-non-idp-login,QA-1229,339529,Story,Done,QA,QA Automation,software,Timothy Kaufman,6418909f67102fc717c0b0d8,"{quote}Automation & Performance Testing Center of Excellence 


Tracks test strategy, execution, CI results, risk mitigation, and engineering dashboards.  


Project lead: Swapnil Patil (Functional) | Timothy Kaufman (JIRA Admin){quote}",https://confluence.ascensus.com/pages/viewpage.action?pageId=315559619,Low,Done,Priti Choudhary,712020:65a17112-cbcc-4b3a-a8ae-2542eeefe9ac,Priti Choudhary,712020:65a17112-cbcc-4b3a-a8ae-2542eeefe9ac,Priti Choudhary,712020:65a17112-cbcc-4b3a-a8ae-2542eeefe9ac,6/25/2026 9:32,7/7/2026 7:35,,7/2/2026 10:21,,AMSQUAD Sprint 26.10,7/2/2026 0:00,0,PerformanceTesting,QA-Board-View,Regression,unite-msc,,,"* Implement complete end-to-end login flow including:
** Login page load
** CSRF token extraction
** Authentication request
** SSO handling (if applicable)
** Session/cookie management
** Landing/dashboard validation
* Add correlation for dynamic values:
** CSRF tokens
** Session IDs
** Auth tokens
* Parameterize test data using CSV files
* Implement key performance scenarios:
**  Successful login
**  Invalid credentials
**  Account lockout (basic coverage)
**  Peak load behavior
* Add assertions and validations for response correctness
* Configure load profiles and thread groups
* Generate and document execution reports",,Priti Choudhary,,,712020:65a17112-cbcc-4b3a-a8ae-2542eeefe9ac,,,,,,,,,,,,,,,,,,,,,,,,,,,,,,,,,,,,"JMeter scripts cover full UNITE-MSC login flow end-to-end.

h3. Correlation & Data Handling

* All dynamic values (CSRF, tokens, cookies) are properly extracted and reused
* Test data is externalized using CSV Data Set Config.

h3. Test Scenarios

* Successful login scenario is implemented and validated

h3. Assertions & Validation

* Response codes are validated
* Login success/failure conditions verified
* No false positives in test results

h3. Execution & Reporting

* Scripts are executable in target environment
* Load test runs completed for defined scenarios
* Reports generated with:
** Response time
** Throughput
** Error rate

h3. Documentation

* JMeter script usage documented
* Correlation approach documented
* Execution steps and configuration clearly explained",,,,,ApprovalsCFValue{approvals=[]},,,,,,,,,,,,,,,,,,,,,,,,,,,,,,,,,,,,,,,,,,,,,,,,,,,{},,,,,,,,,,,,,,,,,,,,,,,,,,,,,,,,,,,,,,,,,,,,,,,,,,,,,,,,,,,,,,,,,,,,,,,,,,,,,,,,,,,,,,,,,,,,,,,,,0|i180gd:g,,,,,,,,,,,,,,,,,,,,,,,,,,,,,,,,,,,,,,,,,,,AMSQUAD Sprint 26.10 6/24-7/07,,,7/2/2026 0:00,,3,,,,,,,,,,,,,,,,,,,,,,,,,,,,,,,,10415_*:*_1_*:*_176535960_*|*_3_*:*_1_*:*_3103976_*|*_10409_*:*_1_*:*_166794_*|*_10000_*:*_1_*:*_427934691_*|*_10420_*:*_1_*:*_0,,,,,,,,,,,,,,,,,,,,,,,,,,,,,,,,,,,320810,QA-796,Unite MSC Test Automation,Done,7/2/2026 10:21
[Perf Testing][Unite-MSC-AUTH] Implement UNITE-MSC Login Performance Tests - IDP,QA-1228,339497,Story,Done,QA,QA Automation,software,Timothy Kaufman,6418909f67102fc717c0b0d8,"{quote}Automation & Performance Testing Center of Excellence 


Tracks test strategy, execution, CI results, risk mitigation, and engineering dashboards.  


Project lead: Swapnil Patil (Functional) | Timothy Kaufman (JIRA Admin){quote}",https://confluence.ascensus.com/pages/viewpage.action?pageId=315559619,Low,Done,Priti Choudhary,712020:65a17112-cbcc-4b3a-a8ae-2542eeefe9ac,Priti Choudhary,712020:65a17112-cbcc-4b3a-a8ae-2542eeefe9ac,Priti Choudhary,712020:65a17112-cbcc-4b3a-a8ae-2542eeefe9ac,6/25/2026 8:35,7/7/2026 9:15,,7/7/2026 9:15,,AMSQUAD Sprint 26.10,7/7/2026 0:00,0,PerformanceTesting,QA-Board-View,Regression,unite-msc,,,"* Implement complete end-to-end login flow including:
** Login page load
** CSRF token extraction
** Authentication request
** SSO handling (if applicable)
** Session/cookie management
** Landing/dashboard validation
* Add correlation for dynamic values:
** CSRF tokens
** Session IDs
** Auth tokens
* Parameterize test data using CSV files
* Implement key performance scenarios:
**  Successful login
**  Invalid credentials
**  Account lockout (basic coverage)
**  Peak load behavior
* Add assertions and validations for response correctness
* Configure load profiles and thread groups
* Generate and document execution reports",,Priti Choudhary,,,712020:65a17112-cbcc-4b3a-a8ae-2542eeefe9ac,,,,,,,,,,,,,,,,,,,,,,,,,,,,,,,,,,,,"JMeter scripts cover full UNITE-MSC login flow end-to-end.

h3. Correlation & Data Handling

* All dynamic values (CSRF, tokens, cookies) are properly extracted and reused
* Test data is externalized using CSV Data Set Config.

h3. Test Scenarios

* Successful login scenario is implemented and validated

h3. Assertions & Validation

* Response codes are validated
* Login success/failure conditions verified
* No false positives in test results

h3. Execution & Reporting

* Scripts are executable in target environment
* Load test runs completed for defined scenarios
* Reports generated with:
** Response time
** Throughput
** Error rate

h3. Documentation

* JMeter script usage documented
* Correlation approach documented
* Execution steps and configuration clearly explained",,,,,ApprovalsCFValue{approvals=[]},,,,,,,,,,,,,,,,,,,,,,,,,,,,,,,,,,,,,,,,,,,,,,,,,,,{},,,,,,,,,,,,,,,,,,,,,,,,,,,,,,,,,,,,,,,,,,,,,,,,,,,,,,,,,,,,,,,,,,,,,,,,,,,,,,,,,,,,,,,,,,,,,,,,,0|i180gd:,,,,,,,,,,,,,,,,,,,,,,,,,,,,,,,,,,,,,,,,,,,AMSQUAD Sprint 26.10 6/24-7/07,,,6/25/2026 0:00,,2,,,,,,,,,,,,,,,,,,,,,,,,,,,,,,,,3_*:*_1_*:*_946820963_*|*_10409_*:*_1_*:*_1300208_*|*_10000_*:*_1_*:*_1120496_*|*_10420_*:*_1_*:*_0,,,,,,,,,,,,,,,,,,,,,,,,,,,,,,,,,,,320810,QA-796,Unite MSC Test Automation,Done,7/7/2026 9:15
[Perf Testing][Unite-MSC-AUTH] Implement UNITE-MSC Performance Tests - Non IDP GET Endpoint,QA-1170,338383,Story,Done,QA,QA Automation,software,Timothy Kaufman,6418909f67102fc717c0b0d8,"{quote}Automation & Performance Testing Center of Excellence 


Tracks test strategy, execution, CI results, risk mitigation, and engineering dashboards.  


Project lead: Swapnil Patil (Functional) | Timothy Kaufman (JIRA Admin){quote}",https://confluence.ascensus.com/pages/viewpage.action?pageId=315559619,Low,Done,Priti Choudhary,712020:65a17112-cbcc-4b3a-a8ae-2542eeefe9ac,Priti Choudhary,712020:65a17112-cbcc-4b3a-a8ae-2542eeefe9ac,Priti Choudhary,712020:65a17112-cbcc-4b3a-a8ae-2542eeefe9ac,6/19/2026 8:53,6/23/2026 8:47,,6/23/2026 8:47,,AMSQUAD Sprint 26.09,6/23/2026 0:00,0,PerformanceTesting,QA-Board-View,Regression,unite-msc,,,"* Implement complete end-to-end login flow including:
** Login page load
** CSRF token extraction
** Authentication request
** SSO handling (if applicable)
** Session/cookie management
** Landing/dashboard validation
* Add correlation for dynamic values:
** CSRF tokens
** Session IDs
** Auth tokens
* Parameterize test data using CSV files
* Implement key performance scenarios:
**  Successful login
**  Invalid credentials
**  Account lockout (basic coverage)
**  Peak load behavior
* Add assertions and validations for response correctness
* Configure load profiles and thread groups
* Generate and document execution reports",,Priti Choudhary,,,712020:65a17112-cbcc-4b3a-a8ae-2542eeefe9ac,,,,,,,,,,,,,,,,,,,,,,,,,,,,,,,,,,,,"JMeter scripts cover full UNITE-MSC login flow end-to-end.

h3. Correlation & Data Handling

* All dynamic values (CSRF, tokens, cookies) are properly extracted and reused
* Test data is externalized using CSV Data Set Config.

h3. Test Scenarios

* Successful login scenario is implemented and validated

h3. Assertions & Validation

* Response codes are validated
* Login success/failure conditions verified
* No false positives in test results

h3. Execution & Reporting

* Scripts are executable in target environment
* Load test runs completed for defined scenarios
* Reports generated with:
** Response time
** Throughput
** Error rate

h3. Documentation

* JMeter script usage documented
* Correlation approach documented
* Execution steps and configuration clearly explained",,,,,ApprovalsCFValue{approvals=[]},,,,,,,,,,,,,,,,,,,,,,,,,,,,,,,,,,,,,,,,,,,,,,,,,,,{},,,,,,,,,,,,,,,,,,,,,,,,,,,,,,,,,,,,,,,,,,,,,,,,,,,,,,,,,,,,,,,,,,,,,,,,,,,,,,,,,,,,,,,,,,,,,,,,,0|i17xfq:,,,,,,,,,,,,,,,,,,,,,,,,,,,,,,,,,,,,,,,,,,,AMSQUAD Sprint 26.09 6/10-6/23,,,6/22/2026 0:00,,3,,,,,,,,,,,,,,,,,,,,,,,,,,,,,,,,10415_*:*_1_*:*_259588568_*|*_3_*:*_1_*:*_75355961_*|*_10409_*:*_1_*:*_83686_*|*_10000_*:*_1_*:*_293796_*|*_10420_*:*_1_*:*_0,,,,,,,,,,,,,,,,,,,,,,,,,,,,,,,,,,,320810,QA-796,Unite MSC Test Automation,Done,6/23/2026 8:47
[Perf Testing][Unite-MSC-AUTH] Implement UNITE-MSC Login Performance Tests - Non IDP (Hawaii),QA-1120,337535,Story,Done,QA,QA Automation,software,Timothy Kaufman,6418909f67102fc717c0b0d8,"{quote}Automation & Performance Testing Center of Excellence 


Tracks test strategy, execution, CI results, risk mitigation, and engineering dashboards.  


Project lead: Swapnil Patil (Functional) | Timothy Kaufman (JIRA Admin){quote}",https://confluence.ascensus.com/pages/viewpage.action?pageId=315559619,Low,Done,Priti Choudhary,712020:65a17112-cbcc-4b3a-a8ae-2542eeefe9ac,Priti Choudhary,712020:65a17112-cbcc-4b3a-a8ae-2542eeefe9ac,Priti Choudhary,712020:65a17112-cbcc-4b3a-a8ae-2542eeefe9ac,6/16/2026 9:01,6/25/2026 8:35,,6/23/2026 8:46,,AMSQUAD Sprint 26.09,6/23/2026 0:00,0,PerformanceTesting,QA-Board-View,Regression,unite-msc,,,"* Implement complete end-to-end login flow including:
** Login page load
** CSRF token extraction
** Authentication request
** SSO handling (if applicable)
** Session/cookie management
** Landing/dashboard validation
* Add correlation for dynamic values:
** CSRF tokens
** Session IDs
** Auth tokens
* Parameterize test data using CSV files
* Implement key performance scenarios:
**  Successful login
**  Invalid credentials
**  Account lockout (basic coverage)
**  Peak load behavior
* Add assertions and validations for response correctness
* Configure load profiles and thread groups
* Generate and document execution reports",,Priti Choudhary,,,712020:65a17112-cbcc-4b3a-a8ae-2542eeefe9ac,,,,,,,,,,,,,,,,,,,,,,,,,,,,,,,,,,,,"JMeter scripts cover full UNITE-MSC login flow end-to-end.

h3. Correlation & Data Handling

* All dynamic values (CSRF, tokens, cookies) are properly extracted and reused
* Test data is externalized using CSV Data Set Config.

h3. Test Scenarios

* Successful login scenario is implemented and validated

h3. Assertions & Validation

* Response codes are validated
* Login success/failure conditions verified
* No false positives in test results

h3. Execution & Reporting

* Scripts are executable in target environment
* Load test runs completed for defined scenarios
* Reports generated with:
** Response time
** Throughput
** Error rate

h3. Documentation

* JMeter script usage documented
* Correlation approach documented
* Execution steps and configuration clearly explained",,,,,ApprovalsCFValue{approvals=[]},,,,,,,,,,,,,,,,,,,,,,,,,,,,,,,,,,,,,,,,,,,,,,,,,,,{},,,,,,,,,,,,,,,,,,,,,,,,,,,,,,,,,,,,,,,,,,,,,,,,,,,,,,,,,,,,,,,,,,,,,,,,,,,,,,,,,,,,,,,,,,,,,,,,,0|i16z95:z9,,,,,,,,,,,,,,,,,,,,,,,,,,,,,,,,,,,,,,,,,,,AMSQUAD Sprint 26.09 6/10-6/23,,,6/18/2026 0:00,,3,,,,,,,,,,,,,,,,,,,,,,,,,,,,,,,,10415_*:*_1_*:*_3754_*|*_3_*:*_1_*:*_421105524_*|*_10409_*:*_1_*:*_2673612_*|*_10000_*:*_1_*:*_170302325_*|*_10420_*:*_1_*:*_0,,,,,,,,,,,,,,,,,,,,,,,,,,,,,,,,,,,320810,QA-796,Unite MSC Test Automation,Done,6/23/2026 8:46
[UNITE-MSC Setup] [Perf testing]Investigate on existing Unite MSC Mob 2 Flow JMeter scripts & ETA to create these TCs,QA-1052,336095,Spike,Done,QA,QA Automation,software,Timothy Kaufman,6418909f67102fc717c0b0d8,"{quote}Automation & Performance Testing Center of Excellence 


Tracks test strategy, execution, CI results, risk mitigation, and engineering dashboards.  


Project lead: Swapnil Patil (Functional) | Timothy Kaufman (JIRA Admin){quote}",https://confluence.ascensus.com/pages/viewpage.action?pageId=315559619,Low,Done,Priti Choudhary,712020:65a17112-cbcc-4b3a-a8ae-2542eeefe9ac,Swapnil Patil,6357f972fc0cc7a600ae8914,Swapnil Patil,6357f972fc0cc7a600ae8914,6/10/2026 9:21,6/18/2026 9:04,,6/18/2026 9:04,,AMSQUAD Sprint 26.09,6/18/2026 0:00,0,PerformanceTesting,QA-Board-View,Regression,unite-msc,,,"Here’s a clear description and acceptance criteria you can paste into QA-1052.

----

*Description*

This spike is to investigate the existing JMeter performance test scripts for the UNITE-MSC Login Flow and determine the effort required to create/extend performance test cases for this flow.

Scope of this spike includes:

* Identifying any existing JMeter scripts related to UNITE-MSC login (or similar login flows) and reviewing their current coverage and reusability.
* Understanding the end-to-end UNITE-MSC Login Flow (all key steps, parameters, correlations, and dependencies).
* Assessing what changes or new scripts are needed to support performance test coverage for:
** Successful login
** Common negative/edge scenarios (invalid credentials, lockout, etc. – only at a high level, not full implementation).
* Identifying any technical gaps, test data requirements, environment prerequisites, and external dependencies.
* Providing a rough ETA and approach to:
** Update/reuse existing scripts where possible.
** Create new JMeter test cases where necessary.
* Documenting findings and recommended next steps for actual implementation stories.

Deliverable for this spike: a short write‑up (Confluence page or attachment/comment on this ticket) summarizing findings, feasibility, risks, and ETA for creating the performance test cases.

----

*Acceptance Criteria*

# *Existing Assets Identified*
#* A list of all existing JMeter scripts relevant to login/authentication is documented (script names, locations/repos, and ownership).
#* For each relevant script, its current status (usable as-is, needs modification, or not reusable) is clearly stated.
# *Login Flow Understanding Documented*
#* The end-to-end UNITE-MSC Login Flow is documented at a high level, including:
#** Entry URL(s) and main HTTP requests.
#** Required headers/parameters and any dynamic values/correlations.
#** Dependencies on external services (e.g., SSO, authentication APIs).
#* Any environment or configuration dependencies (e.g., test URLs, certificates, feature flags) are identified.
# *Gap & Feasibility Analysis Completed*
#* Gaps between existing scripts and the desired UNITE-MSC Login Flow coverage are explicitly listed.
#* It is clearly stated whether current scripts can be:
#** Reused with minimal changes,
#** Require major rework, or
#** Need to be rebuilt from scratch.
# *ETA & Effort Estimate Provided*
#* A high-level ETA (in working days or story points) is provided for:
#** Updating/reusing existing scripts.
#** Creating any new required JMeter test cases.
#* Assumptions and dependencies impacting the ETA (e.g., environment readiness, test data) are documented.
# *Risks & Blockers Captured*
#* Any identified risks, technical constraints, or potential blockers for implementing the performance tests are documented.
#* Recommendations/next steps are proposed (e.g., follow-up user stories, environment tasks, or data setup tasks).
# *Documentation Accessible from the Ticket*
#* A link to the detailed spike findings (Confluence page or equivalent) is added in QA-1052, or
#* The findings are summarized directly in the Description or as a comment on QA-1052.
#* The team can use this output to create follow-up implementation stories without requiring additional discovery.",,Swapnil Patil,,,6357f972fc0cc7a600ae8914,,,,,,,,,,,,,,,,,,,,,,,,,,,,,,,,,,,,,,,,,ApprovalsCFValue{approvals=[]},,,,,,,,,,,,,,,,,,,,,,,,,,,,,,,,,,,,,,,,,,,,,,,,,,,{},,,,,,,,,,,,,,,,,,,,,,,,,,,,,,,,,,,,,,,,,,,,,,,,,,,,,,,,,,,,,,,,,,,,,,,,,,,,,,,,,,,,,,,,,,,,,,,,,0|i16z95:hi,,,,,,,,,,,,,,,,,,,,,,,,,,,,,,,,,,,,,,,,,,,AMSQUAD Sprint 26.09 6/10-6/23,,,,,2,,,,,,,,,,,,,,,,,,,,,,,,,,,,,,,,10415_*:*_1_*:*_606715097_*|*_3_*:*_1_*:*_0_*|*_10409_*:*_1_*:*_25408_*|*_10000_*:*_1_*:*_83390383,,,,,,,,,,,,,,,,,,,,,,,,,,,,,,,,,,,320810,QA-796,Unite MSC Test Automation,Done,6/18/2026 9:04
[UNITE-MSC Setup] [Perf testing] mobile 2 endpoints,QA-1051,336093,Story,Done,QA,QA Automation,software,Timothy Kaufman,6418909f67102fc717c0b0d8,"{quote}Automation & Performance Testing Center of Excellence 


Tracks test strategy, execution, CI results, risk mitigation, and engineering dashboards.  


Project lead: Swapnil Patil (Functional) | Timothy Kaufman (JIRA Admin){quote}",https://confluence.ascensus.com/pages/viewpage.action?pageId=315559619,Low,Done,Priti Choudhary,712020:65a17112-cbcc-4b3a-a8ae-2542eeefe9ac,Swapnil Patil,6357f972fc0cc7a600ae8914,Swapnil Patil,6357f972fc0cc7a600ae8914,6/10/2026 9:21,7/22/2026 9:05,,7/21/2026 12:11,,AMSQUAD Sprint 26.11,7/21/2026 0:00,0,PerformanceTesting,QA-Board-View,Regression,unite-msc,,,,,Swapnil Patil,,,6357f972fc0cc7a600ae8914,,,,,,,,,,,,,,,,,,,,,,,,,,,,,,,,,,,,,,,,,ApprovalsCFValue{approvals=[]},,,,,,,,,,,,,,,,,,,,,,,,,,,,,,,,,,,,,,,,,,,,,,,,,,,{},,,,,,,,,,,,,,,,,,,,,,,,,,,,,,,,,,,,,,,,,,,,,,,,,,,,,,,,,,,,,,,,,,,,,,,,,,,,,,,,,,,,,,,,,,,,,,,,,0|i18aoa:,,,,,,,,,,,,,,,,,,,,,,,,,,,,,,,,,,,,,,,,,,,AMSQUAD Sprint 26.11 7/08-7/21,,,7/21/2026 0:00,,2,,,,,,,,,,,,,,,,,,,,,,,,,,,,,,,,10415_*:*_1_*:*_84775549_*|*_3_*:*_1_*:*_7079931_*|*_10409_*:*_1_*:*_689_*|*_10000_*:*_1_*:*_3451598873_*|*_10420_*:*_1_*:*_0,,,,,,,,,,,,,,,,,,,,,,,,,,,,,,,,,,,320810,QA-796,Unite MSC Test Automation,Done,7/21/2026 12:11
[Troubleshooting][Change-PWD][Perf testing] Mem Change Password Flow -  X-Signature Issue,QA-1050,336092,Story,Done,QA,QA Automation,software,Timothy Kaufman,6418909f67102fc717c0b0d8,"{quote}Automation & Performance Testing Center of Excellence 


Tracks test strategy, execution, CI results, risk mitigation, and engineering dashboards.  


Project lead: Swapnil Patil (Functional) | Timothy Kaufman (JIRA Admin){quote}",https://confluence.ascensus.com/pages/viewpage.action?pageId=315559619,Low,Done,Priti Choudhary,712020:65a17112-cbcc-4b3a-a8ae-2542eeefe9ac,Swapnil Patil,6357f972fc0cc7a600ae8914,Swapnil Patil,6357f972fc0cc7a600ae8914,6/10/2026 9:19,6/23/2026 17:55,,6/23/2026 17:55,,AMSQUAD Sprint 26.09,6/23/2026 0:00,0,PerformanceTesting,QA-Board-View,Regression,unite-msc,,,"This story aims to:

* Clearly define required request headers for Change Password
* Ensure {{X-Signature}} generation logic (for request payload)
* Enable performance testing without bypassing security controls",,Priti Choudhary,Swapnil Patil,,712020:65a17112-cbcc-4b3a-a8ae-2542eeefe9ac,6357f972fc0cc7a600ae8914,,,,,,,,,,,,,,,,,,,,,,QA-1211,,,,,,,,,,,,,,,,,,ApprovalsCFValue{approvals=[]},,,,,,,,,,,,,,,,,,,,,,,,,,,,,,,,,,,,,,,,,,,,,,,,,,,{},,,,,,,,,,,,,,,,,,,,,,,,,,,,Impediment,,,,,,,,,,,,,,,,,,,,,,,,,,,,,,,,,,,,,,,,,,,,,,,,,,,,,,,,,,,,,,,,,,,,,0|i16z95:hr,,,,,,,,,,,,,,,,,,,,,,,,,,,,,,,,,,,,,,,,,,,AMSQUAD Sprint 26.09 6/10-6/23,,,6/23/2026 0:00,,2,,,,,,,,,,,,,,,,,,,,,,,,,,,,,,,15:00.7,3_*:*_2_*:*_1080175112_*|*_10409_*:*_1_*:*_278635_*|*_10000_*:*_2_*:*_73644306,12/Jun/26 10:15 AM;712020:65a17112-cbcc-4b3a-a8ae-2542eeefe9ac;[~accountid:5ac292eec6c77f18e6de96f5] is helping me identify the exact jsonPayload structure used for generating the x-signature in the Change Password API. We are analyzing the payload composition to ensure it matches the backend signing logic and resolves the signature mismatch issue.,"23/Jun/26 5:53 PM;6357f972fc0cc7a600ae8914;Issue split into:
|QA-1211|[FOLLOW-UP][Troubleshooting][Change-PWD][Perf testing] Mem Change Password Flow -  X-Signature Issue|
","23/Jun/26 5:55 PM;6357f972fc0cc7a600ae8914;this issue still persists
I've split this in another 1 pointer story to continue troubleshooting this issue with x-header feature",,,,,,,,,,,,,,,,,,,,,,,,,,,,,,,,320810,QA-796,Unite MSC Test Automation,Done,6/23/2026 17:55
[Perf Testing][Reg suite]idp-forgot-username.jmx and datasetup update,QA-1015,333685,Bug,Closed,QA,QA Automation,software,Timothy Kaufman,6418909f67102fc717c0b0d8,"{quote}Automation & Performance Testing Center of Excellence 


Tracks test strategy, execution, CI results, risk mitigation, and engineering dashboards.  


Project lead: Swapnil Patil (Functional) | Timothy Kaufman (JIRA Admin){quote}",https://confluence.ascensus.com/pages/viewpage.action?pageId=315559619,Low,Done,Priti Choudhary,712020:65a17112-cbcc-4b3a-a8ae-2542eeefe9ac,Priti Choudhary,712020:65a17112-cbcc-4b3a-a8ae-2542eeefe9ac,Priti Choudhary,712020:65a17112-cbcc-4b3a-a8ae-2542eeefe9ac,6/3/2026 11:54,6/10/2026 12:31,,6/4/2026 6:49,,AMSQUAD Sprint 26.08,6/4/2026 0:00,0,,,,,,,,,Priti Choudhary,,,712020:65a17112-cbcc-4b3a-a8ae-2542eeefe9ac,,,,,,,,,,,,,,,,,,,,,,,,QA-985,QA-1083,,,,,,,,,,,,,,,,ApprovalsCFValue{approvals=[]},,,,,,,,,,,,,,,,,,,,,,,,,,,,,,,,,,,,,,,,,,,,,,,,,,,{},,,,,,,,,,,,,,,,,,,,,,,,,,,,,,,,,,,,,,,,,,,,,,,,,,,,,,,,,,,,,,,,,,,,,,,,,,,,,,,,,,,,,,,,,,,,,,,,,0|i15w2a:u,,,,,,,,,,,,,,,,,,,,,,Data issue and nyd plan url changed for login landing page,Data Issue,,,,,,,,,,,,,,,,,,,,AMSQUAD Sprint 26.08 5/27-6/10,,,,,,,,,,,,,,,,,,,,,,,,,,,,,,,,,,,,,1_*:*_1_*:*_138297_*|*_3_*:*_1_*:*_3156217_*|*_11560_*:*_1_*:*_0_*|*_11550_*:*_1_*:*_4398,"03/Jun/26 12:36 PM;712020:65a17112-cbcc-4b3a-a8ae-2542eeefe9ac;dataset issue resolved- removed cod, mod plans. 

jmx updated for nyd plan to navigate correct landing url",04/Jun/26 6:49 AM;712020:65a17112-cbcc-4b3a-a8ae-2542eeefe9ac;Fixed data issue and nyd plan url updated for login landing page,,,,,,,,,,,,,,,,,,,,,,,,,,,,,,,,,280058,QA-349,"Performance Testing – Framework Ownership, Environment Setup, CI/CD, Governance & Regression Integration",Done,6/4/2026 6:49
"[Perf Testing][Legacy Login Validation] Add Legacy login to Nightly job & create baseline, reports & validation on execution",QA-957,331652,Story,Done,QA,QA Automation,software,Timothy Kaufman,6418909f67102fc717c0b0d8,"{quote}Automation & Performance Testing Center of Excellence 


Tracks test strategy, execution, CI results, risk mitigation, and engineering dashboards.  


Project lead: Swapnil Patil (Functional) | Timothy Kaufman (JIRA Admin){quote}",https://confluence.ascensus.com/pages/viewpage.action?pageId=315559619,Low,Done,Priti Choudhary,712020:65a17112-cbcc-4b3a-a8ae-2542eeefe9ac,Swapnil Patil,6357f972fc0cc7a600ae8914,Swapnil Patil,6357f972fc0cc7a600ae8914,5/27/2026 9:10,6/10/2026 9:08,,6/2/2026 7:07,,AMSQUAD Sprint 26.08,6/2/2026 0:00,0,,,,,,,,,Priti Choudhary,Swapnil Patil,,712020:65a17112-cbcc-4b3a-a8ae-2542eeefe9ac,6357f972fc0cc7a600ae8914,,,,,,,,,,,,,,,,,,,,,,,,,,,,,,,,,,,,,,,,ApprovalsCFValue{approvals=[]},,,,,,,,,,,,,,,,,,,,,,,,,,,,,,,,,,,,,,,,,,,,,,,,,,,{},,,,,,,,,,,,,,,,,,,,,,,,,,,,,,,,,,,,,,,,,,,,,,,,,,,,,,,,,,,,,,,,,,,,,,,,,,,,,,,,,,,,,,,,,,,,,,,,,0|i15w2a:4,,,,,,,,,,,,,,,,,,,,,,,,,,,,,,,,,,,,,,,,,,,AMSQUAD Sprint 26.08 5/27-6/10,,,5/29/2026 0:00,,2,,,,,,,,,,,,,,,,,,,,,,,,,,,,,,,19:09.3,3_*:*_1_*:*_262886650_*|*_10409_*:*_1_*:*_516_*|*_10000_*:*_1_*:*_167639325_*|*_10420_*:*_1_*:*_0,02/Jun/26 11:19 AM;712020:65a17112-cbcc-4b3a-a8ae-2542eeefe9ac;jenkins pipeline created for legacy login perf testing- [AGSUP_UNITE #1 Console [Jenkins]|http://jenkinsqant1:8080/view/Performance/job/AGSUP_UNITE/1/console] test report- [Execution|https://a.blazemeter.com/app/?public-token=mE4Iosw4zpvhJwzgGcN1n9Vx6dieeSH7HhB5o0GxboAaXZVXyi#/accounts/-1/workspaces/-1/projects/-1/masters/82290298/aggregatereport] (blazemeter dashboard> automation sqaud project> legacy login report),,,,,,,,,,,,,,,,,,,,,,,,,,,,,,,,,,280058,QA-349,"Performance Testing – Framework Ownership, Environment Setup, CI/CD, Governance & Regression Integration",Done,6/2/2026 7:07
[Perf Testing] Baseline IDP regression suit by adjusting ramp up duration,QA-897,329633,Story,Done,QA,QA Automation,software,Timothy Kaufman,6418909f67102fc717c0b0d8,"{quote}Automation & Performance Testing Center of Excellence 


Tracks test strategy, execution, CI results, risk mitigation, and engineering dashboards.  


Project lead: Swapnil Patil (Functional) | Timothy Kaufman (JIRA Admin){quote}",https://confluence.ascensus.com/pages/viewpage.action?pageId=315559619,Low,Done,Priti Choudhary,712020:65a17112-cbcc-4b3a-a8ae-2542eeefe9ac,Priti Choudhary,712020:65a17112-cbcc-4b3a-a8ae-2542eeefe9ac,Priti Choudhary,712020:65a17112-cbcc-4b3a-a8ae-2542eeefe9ac,5/19/2026 8:21,6/10/2026 9:02,,6/10/2026 9:02,,AMSQUAD Sprint 26.08,6/10/2026 0:00,0,PerformanceTesting,QA-Board-View,Regression,,,,,,Automation for Jira,Priti Choudhary,,557058:f58131cb-b67d-43c7-b30d-6b58d40bd077,712020:65a17112-cbcc-4b3a-a8ae-2542eeefe9ac,,,,,,,,,,,,,,,,,,,,,,,,,,,,,,,,,,,,,,,,ApprovalsCFValue{approvals=[]},,,,,,,,,,,,,,,,,,,,,,,,,,,,,,,,,,,,,,,,,,,,,,,,,,,{},,,,,,,,,,,,,,,,,,,,,,,,,,,,,,,,,,,,,,,,,,,,,,,,,,,,,,,,,,,,,,,,,,,,,,,,,,,,,,,,,,,,,,,,,,,,,,,,,0|i15w2a:r,,,,,,,,,,,,,,,,,,,,,,,,,,,,,,,,,,,,,,,,,,,AMSQUAD Sprint 26.08 5/27-6/10,,,6/9/2026 0:00,,2,,,,,,,,,,,,,,,,,,,,,,,,,,,,,,,12:44.2,3_*:*_1_*:*_0_*|*_10409_*:*_1_*:*_89034858_*|*_10000_*:*_1_*:*_1728430866,"09/Jun/26 9:12 AM;557058:f58131cb-b67d-43c7-b30d-6b58d40bd077;Sub-task QA-897 ([Perf Testing] Baseline IDP regression suit by adjusting ramp up duration) was updated:
     • Status: To Do
     • Latest comment:  ",,,,,,,,,,,,,,,,,,,,,,,,,,,,,,,,,,280058,QA-349,"Performance Testing – Framework Ownership, Environment Setup, CI/CD, Governance & Regression Integration",Done,6/10/2026 9:02
[Perf Testing][Perf Test Execution] Jenkins & Blazemeter report setup – Legacy Login,QA-842,323522,Story,Done,QA,QA Automation,software,Timothy Kaufman,6418909f67102fc717c0b0d8,"{quote}Automation & Performance Testing Center of Excellence 


Tracks test strategy, execution, CI results, risk mitigation, and engineering dashboards.  


Project lead: Swapnil Patil (Functional) | Timothy Kaufman (JIRA Admin){quote}",https://confluence.ascensus.com/pages/viewpage.action?pageId=315559619,High,Done,Priti Choudhary,712020:65a17112-cbcc-4b3a-a8ae-2542eeefe9ac,Swapnil Patil,6357f972fc0cc7a600ae8914,Swapnil Patil,6357f972fc0cc7a600ae8914,5/13/2026 12:09,5/27/2026 9:09,,5/27/2026 9:09,,AMSQUAD Sprint 26.07,5/27/2026 0:00,0,PerformanceTesting,QA-Board-View,Regression,,,,"Execute Legacy login performance testing under defined load conditions and observe system behavior with Sardine integration enabled.

h2. *Acceptance Criteria*

* Legacy login performance script executes successfully
* Test executed in Stage1 with:
** 50 concurrent users
** 1‑hour duration
* Performance metrics captured and stored
* *UP_RISK_RETRY_QUEUE* monitored and recorded
* Any queue spikes or latency anomalies are documented",,Priti Choudhary,Swapnil Patil,,712020:65a17112-cbcc-4b3a-a8ae-2542eeefe9ac,6357f972fc0cc7a600ae8914,,,,,,,,,,,,,,,,,,,,,,,,,,,,,,,QA Automation,,,,,,,,,ApprovalsCFValue{approvals=[]},,,,,,,,,,,,,,,,,,,,,,,,,,,,,,,,,,,,,,,,,,,,,,,,,,,{},,,,,,,,,,,,,,,,,,,,,,,,,,,,,,,,,,,,,,,,,,,,,,,,,,,,,,,,,,,,,,,,,,,,,,,,,,,,,,,,,,,,,,,,,,,,,,,,,0|i15w2b:zi,,,,,,,,,,,,,,,,,,,,,,,,,,,,,,,,,,,,,,,,,,,AMSQUAD Sprint 26.07 5/13-5/27,,,5/21/2026 0:00,,2,,,,,,,,,4821708b-58a1-45f9-93f1-fe52c0da32a7,QA Automation,,,,,,,,,,,,,,,,,,,,,09:24.9,10415_*:*_1_*:*_78803533_*|*_3_*:*_1_*:*_0_*|*_10409_*:*_1_*:*_31177_*|*_10000_*:*_1_*:*_586146852,27/May/26 9:09 AM;712020:65a17112-cbcc-4b3a-a8ae-2542eeefe9ac;yml files are created and changes commited onto gitlab feature file,,,,,,,,,,,,,,,,,,,,,,,,,,,,,,,,,,321219,QA-809,[Perf Testing][Login Flow] Create a new IdP SDK class Mobile backend to reuse token for metadata cache lookup (QA Automation),Done,5/27/2026 9:09
[Perf Testing][Reporting & Analysis ] Results Analysis & Baseline Comparison,QA-802,320908,Story,Done,QA,QA Automation,software,Timothy Kaufman,6418909f67102fc717c0b0d8,"{quote}Automation & Performance Testing Center of Excellence 


Tracks test strategy, execution, CI results, risk mitigation, and engineering dashboards.  


Project lead: Swapnil Patil (Functional) | Timothy Kaufman (JIRA Admin){quote}",https://confluence.ascensus.com/pages/viewpage.action?pageId=315559619,High,Done,Priti Choudhary,712020:65a17112-cbcc-4b3a-a8ae-2542eeefe9ac,Swapnil Patil,6357f972fc0cc7a600ae8914,Swapnil Patil,6357f972fc0cc7a600ae8914,5/5/2026 18:39,5/12/2026 9:18,,5/12/2026 9:18,,AMSQUAD Sprint 26.06,5/12/2026 0:00,0,PerformanceTesting,QA-Board-View,Regression,,,,"Ensure the Stage1 environment and test data are fully prepared to support performance testing for both IdP and Legacy login flows.

h2. *Acceptance Criteria*

* Stage1 environment is accessible and stable
* Test users exist and are valid for:
** IdP login
** Legacy login
* One representative plan is confirmed per login flow
* Sardine service connectivity is validated
* *UP_RISK_RETRY_QUEUE* is visible and monitorable
* No environment blockers remain for execution",,Swapnil Patil,,,6357f972fc0cc7a600ae8914,,,,,,,,,,,,,,,,,QA-799,,,,,,,,,,,,,,,QA Automation,,,,,,,,,ApprovalsCFValue{approvals=[]},,,,,,,,,,,,,,,,,,,,,,,,,,,,,,,,,,,,,,,,,,,,,,,,,,,{},,,,,,,,,,,,,,,,,,,,,,,,,,,,,,,,,,,,,,,,,,,,,,,,,,,,,,,,,,,,,,,,,,,,,,,,,,,,,,,,,,,,,,,,,,,,,,,,,0|i16097:v,,,,,,,,,,,,,,,,,,,,,,,,,,,,,,,,,,,,,,,,,,,AMSQUAD Sprint 26.06 4/29-5/12,,,5/12/2026 0:00,,1,,,,,,,,,4821708b-58a1-45f9-93f1-fe52c0da32a7,QA Automation,,,,,,,,,,,,,,,,,,,,,,3_*:*_1_*:*_22256756_*|*_10409_*:*_1_*:*_63580_*|*_10000_*:*_1_*:*_548792417_*|*_10420_*:*_1_*:*_0,,,,,,,,,,,,,,,,,,,,,,,,,,,,,,,,,,,321219,QA-809,[Perf Testing][Login Flow] Create a new IdP SDK class Mobile backend to reuse token for metadata cache lookup (QA Automation),Done,5/12/2026 9:18
[Perf Testing][Perf Test Execution] Performance Test Execution – Legacy Login,QA-801,320907,Story,Done,QA,QA Automation,software,Timothy Kaufman,6418909f67102fc717c0b0d8,"{quote}Automation & Performance Testing Center of Excellence 


Tracks test strategy, execution, CI results, risk mitigation, and engineering dashboards.  


Project lead: Swapnil Patil (Functional) | Timothy Kaufman (JIRA Admin){quote}",https://confluence.ascensus.com/pages/viewpage.action?pageId=315559619,High,Done,Priti Choudhary,712020:65a17112-cbcc-4b3a-a8ae-2542eeefe9ac,Swapnil Patil,6357f972fc0cc7a600ae8914,Swapnil Patil,6357f972fc0cc7a600ae8914,5/5/2026 18:38,5/27/2026 9:08,,5/27/2026 9:08,,AMSQUAD Sprint 26.07,5/27/2026 0:00,0,PerformanceTesting,QA-Board-View,Regression,,,,"Execute Legacy login performance testing under defined load conditions and observe system behavior with Sardine integration enabled.

h2. *Acceptance Criteria*

* Legacy login performance script executes successfully
* Test executed in Stage1 with:
** 50 concurrent users
** 1‑hour duration
* Performance metrics captured and stored
* *UP_RISK_RETRY_QUEUE* monitored and recorded
* Any queue spikes or latency anomalies are documented",,Priti Choudhary,Swapnil Patil,,712020:65a17112-cbcc-4b3a-a8ae-2542eeefe9ac,6357f972fc0cc7a600ae8914,,,,,,,,,,,,,,,,,,,,,,,,,,,,,,,QA Automation,,,,,,,,,ApprovalsCFValue{approvals=[]},,,,,,,,,,,,,,,,,,,,,,,,,,,,,,,,,,,,,,,,,,,,,,,,,,,{},,,,,,,,,,,,,,,,,,,,,,,,,,,,,,,,,,,,,,,,,,,,,,,,,,,,,,,,,,,,,,,,,,,,,,,,,,,,,,,,,,,,,,,,,,,,,,,,,0|i15w2b:z,,,,,,,,,,,,,,,,,,,,,,,,,,,,,,,,,,,,,,,,,,,AMSQUAD Sprint 26.07 5/13-5/27,,,5/14/2026 0:00,,3,,,,,,,,,4821708b-58a1-45f9-93f1-fe52c0da32a7,QA Automation,,,,,,,,,,,,,,,,,,,,,08:41.6,3_*:*_1_*:*_0_*|*_10409_*:*_1_*:*_118482_*|*_10000_*:*_1_*:*_743955568,"15/May/26 9:11 AM;6357f972fc0cc7a600ae8914;(flag) Flag added 

Need help on dynamic headers from Dev team

[~accountid:712020:65a17112-cbcc-4b3a-a8ae-2542eeefe9ac] ",27/May/26 9:08 AM;712020:65a17112-cbcc-4b3a-a8ae-2542eeefe9ac;Scipt created and working as expected,,,,,,,,,,,,,,,,,,,,,,,,,,,,,,,,,321219,QA-809,[Perf Testing][Login Flow] Create a new IdP SDK class Mobile backend to reuse token for metadata cache lookup (QA Automation),Done,5/27/2026 9:08
[Perf Testing][Perf Test Execution] Performance Test Execution – IdP Login,QA-800,320906,Story,Done,QA,QA Automation,software,Timothy Kaufman,6418909f67102fc717c0b0d8,"{quote}Automation & Performance Testing Center of Excellence 


Tracks test strategy, execution, CI results, risk mitigation, and engineering dashboards.  


Project lead: Swapnil Patil (Functional) | Timothy Kaufman (JIRA Admin){quote}",https://confluence.ascensus.com/pages/viewpage.action?pageId=315559619,High,Done,Priti Choudhary,712020:65a17112-cbcc-4b3a-a8ae-2542eeefe9ac,Swapnil Patil,6357f972fc0cc7a600ae8914,Swapnil Patil,6357f972fc0cc7a600ae8914,5/5/2026 18:37,5/12/2026 3:07,,5/12/2026 3:06,,AMSQUAD Sprint 26.06,5/12/2026 0:00,0,PerformanceTesting,QA-Board-View,Regression,,,,"Execute IdP login performance testing under defined load conditions and capture metrics for baseline comparison.

h2. *Acceptance Criteria*

* Test executed in Stage1 with:
** 50 concurrent users
** 1‑hour duration
* Test executed with *Sardine feature flag ON*
* Performance metrics captured:
** Response time (p95 / p99)
** Error rate
** Throughput
* *UP_RISK_RETRY_QUEUE* monitored throughout execution
* No untriaged test failures remain",,Swapnil Patil,,,6357f972fc0cc7a600ae8914,,,,,,,,,,,,,,,,,,,,,,,,,,,,,,,,QA Automation,,,,,,,,,ApprovalsCFValue{approvals=[]},,,,,,,,,,,,,,,,,,,,,,,,,,,,,,,,,,,,,,,,,,,,,,,,,,,{},,,,,,,,,,,,,,,,,,,,,,,,,,,,,,,,,,,,,,,,,,,,,,,,,,,,,,,,,,,,,,,,,,,,,,,,,,,,,,,,,,,,,,,,,,,,,,,,,0|i127i3:0dor,,,,,,,,,,,,,,,,,,,,,,,,,,,,,,,,,,,,,,,,,,,AMSQUAD Sprint 26.06 4/29-5/12,,,5/12/2026 0:00,,2,,,,,,,,,4821708b-58a1-45f9-93f1-fe52c0da32a7,QA Automation,,,,,,,,,,,,,,,,,,,,,,10415_*:*_1_*:*_414011360_*|*_3_*:*_1_*:*_0_*|*_10409_*:*_1_*:*_161031_*|*_10000_*:*_1_*:*_134767071,,,,,,,,,,,,,,,,,,,,,,,,,,,,,,,,,,,321219,QA-809,[Perf Testing][Login Flow] Create a new IdP SDK class Mobile backend to reuse token for metadata cache lookup (QA Automation),Done,5/12/2026 3:06
[Perf Testing][Stage 1 Data Creation] Stage1 Environment & Test Data Validation,QA-799,320905,Story,Done,QA,QA Automation,software,Timothy Kaufman,6418909f67102fc717c0b0d8,"{quote}Automation & Performance Testing Center of Excellence 


Tracks test strategy, execution, CI results, risk mitigation, and engineering dashboards.  


Project lead: Swapnil Patil (Functional) | Timothy Kaufman (JIRA Admin){quote}",https://confluence.ascensus.com/pages/viewpage.action?pageId=315559619,High,Done,Priti Choudhary,712020:65a17112-cbcc-4b3a-a8ae-2542eeefe9ac,Swapnil Patil,6357f972fc0cc7a600ae8914,Swapnil Patil,6357f972fc0cc7a600ae8914,5/5/2026 18:36,5/12/2026 9:18,,5/12/2026 9:18,,AMSQUAD Sprint 26.06,5/12/2026 0:00,0,PerformanceTesting,QA-Board-View,Regression,,,,"Ensure the Stage1 environment and test data are fully prepared to support performance testing for both IdP and Legacy login flows.

h2. *Acceptance Criteria*

* Stage1 environment is accessible and stable
* Test users exist and are valid for:
** IdP login
** Legacy login
* One representative plan is confirmed per login flow
* Sardine service connectivity is validated
* *UP_RISK_RETRY_QUEUE* is visible and monitorable
* No environment blockers remain for execution",,Swapnil Patil,,,6357f972fc0cc7a600ae8914,,,,,,,,,,,,,,,,QA-802,,,,,,,,,,,,,,,,QA Automation,,,,,,,,,ApprovalsCFValue{approvals=[]},,,,,,,,,,,,,,,,,,,,,,,,,,,,,,,,,,,,,,,,,,,,,,,,,,,{},,,,,,,,,,,,,,,,,,,,,,,,,,,,,,,,,,,,,,,,,,,,,,,,,,,,,,,,,,,,,,,,,,,,,,,,,,,,,,,,,,,,,,,,,,,,,,,,,0|i16098:,,,,,,,,,,,,,,,,,,,,,,,,,,,,,,,,,,,,,,,,,,,AMSQUAD Sprint 26.06 4/29-5/12,,,,,1,,,,,,,,,4821708b-58a1-45f9-93f1-fe52c0da32a7,QA Automation,,,,,,,,,,,,,,,,,,,,,,10415_*:*_1_*:*_436292976_*|*_10409_*:*_1_*:*_236231_*|*_10000_*:*_1_*:*_134791420_*|*_10420_*:*_1_*:*_0,,,,,,,,,,,,,,,,,,,,,,,,,,,,,,,,,,,321219,QA-809,[Perf Testing][Login Flow] Create a new IdP SDK class Mobile backend to reuse token for metadata cache lookup (QA Automation),Done,5/12/2026 9:18
[Perf Testing][Unite Legacy Login] Unite (Legacy) Login – Performance Script Implementation,QA-798,320904,Story,Done,QA,QA Automation,software,Timothy Kaufman,6418909f67102fc717c0b0d8,"{quote}Automation & Performance Testing Center of Excellence 


Tracks test strategy, execution, CI results, risk mitigation, and engineering dashboards.  


Project lead: Swapnil Patil (Functional) | Timothy Kaufman (JIRA Admin){quote}",https://confluence.ascensus.com/pages/viewpage.action?pageId=315559619,High,Done,Priti Choudhary,712020:65a17112-cbcc-4b3a-a8ae-2542eeefe9ac,Swapnil Patil,6357f972fc0cc7a600ae8914,Swapnil Patil,6357f972fc0cc7a600ae8914,5/5/2026 18:33,5/13/2026 9:08,,5/13/2026 9:08,,AMSQUAD Sprint 26.06,5/13/2026 0:00,0,PerformanceTesting,QA-Board-View,Regression,,,,"Implement the Legacy login performance test script based on the approved design. The script must support end‑to‑end execution and be suitable for load testing in Stage1.

h2. *Acceptance Criteria*

* Script supports full *end‑to‑end Legacy login flow*
* Script runs successfully in Stage1 for a single user
* No API‑only shortcuts are used
* Script supports parameterized users and plans
* Script errors are logged clearly and are diagnosable
* Script is ready for load execution (50 users)",,Swapnil Patil,,,6357f972fc0cc7a600ae8914,,,,,,,,,,,,,,,,,,,,,,,,,,,,,,,,QA Automation,,,,,,,,,ApprovalsCFValue{approvals=[]},,,,,,,,,,,,,,,,,,,,,,,,,,,,,,,,,,,,,,,,,,,,,,,,,,,{},,,,,,,,,,,,,,,,,,,,,,,,,,,,,,,,,,,,,,,,,,,,,,,,,,,,,,,,,,,,,,,,,,,,,,,,,,,,,,,,,,,,,,,,,,,,,,,,,0|i16097:,,,,,,,,,,,,,,,,,,,,,,,,,,,,,,,,,,,,,,,,,,,AMSQUAD Sprint 26.06 4/29-5/12,,,5/12/2026 0:00,,3,,,,,,,,,4821708b-58a1-45f9-93f1-fe52c0da32a7,QA Automation,,,,,,,,,,,,,,,,,,,,,,3_*:*_1_*:*_85761118_*|*_10409_*:*_1_*:*_19413_*|*_10000_*:*_1_*:*_571478338_*|*_10420_*:*_1_*:*_0,13/May/26 9:08 AM;6357f972fc0cc7a600ae8914;we encounter execution issues with current jmeter script which will be tracked in next sprint story: QA-801,,,,,,,,,,,,,,,,,,,,,,,,,,,,,,,,,,321219,QA-809,[Perf Testing][Login Flow] Create a new IdP SDK class Mobile backend to reuse token for metadata cache lookup (QA Automation),Done,5/13/2026 9:08
[Perf Testing][IDP PKCE Flow] IdP (PKCE) Login – Performance Script Fix & Re‑Baseline,QA-797,320903,Story,Done,QA,QA Automation,software,Timothy Kaufman,6418909f67102fc717c0b0d8,"{quote}Automation & Performance Testing Center of Excellence 


Tracks test strategy, execution, CI results, risk mitigation, and engineering dashboards.  


Project lead: Swapnil Patil (Functional) | Timothy Kaufman (JIRA Admin){quote}",https://confluence.ascensus.com/pages/viewpage.action?pageId=315559619,High,Done,Priti Choudhary,712020:65a17112-cbcc-4b3a-a8ae-2542eeefe9ac,Swapnil Patil,6357f972fc0cc7a600ae8914,Swapnil Patil,6357f972fc0cc7a600ae8914,5/5/2026 18:32,5/11/2026 9:56,,5/7/2026 8:49,,AMSQUAD Sprint 26.06,5/7/2026 0:00,0,PerformanceTesting,QA-Board-View,Regression,,,,"The existing IdP (PKCE) login performance test script must be reviewed, updated, and re‑baselined to reflect the current login flow and infrastructure. This story ensures the script is reliable and produces baseline metrics that can be compared against Sardine‑enabled runs.

h2. *Acceptance Criteria*

* Script executes successfully end‑to‑end in *Stage1* without manual intervention
* Script reflects the *current IdP (PKCE) login flow*
* No hard‑coded or deprecated endpoints remain
* Baseline performance metrics are captured and stored:
** Response time (p95 / p99)
** Error rate
** Throughput
* Baseline run is performed with *Sardine feature flag OFF*
* Results are documented and shared with the team",,Swapnil Patil,,,6357f972fc0cc7a600ae8914,,,,,,,,,,,,,,,,,,,,,,,,,,,,,,,,QA Automation,,,,,,,,,ApprovalsCFValue{approvals=[]},,,,,,,,,,,,,,,,,,,,,,,,,,,,,,,,,,,,,,,,,,,,,,,,,,,{},,,,,,,,,,,,,,,,,,,,,,,,,,,,,,,,,,,,,,,,,,,,,,,,,,,,,,,,,,,,,,,,,,,,,,,,,,,,,,,,,,,,,,,,,,,,,,,,,0|i127i3:0doi,,,,,,,,,,,,,,,,,,,,,,,,,,,,,,,,,,,,,,,,,,,AMSQUAD Sprint 26.06 4/29-5/12,,,5/7/2026 0:00,,2,,,,,,,,,4821708b-58a1-45f9-93f1-fe52c0da32a7,QA Automation,,,,,,,,,,,,,,,,,,,,,,3_*:*_1_*:*_0_*|*_10409_*:*_1_*:*_14829_*|*_10000_*:*_1_*:*_134595247,,,,,,,,,,,,,,,,,,,,,,,,,,,,,,,,,,,321219,QA-809,[Perf Testing][Login Flow] Create a new IdP SDK class Mobile backend to reuse token for metadata cache lookup (QA Automation),Done,5/7/2026 8:49
[Perf testing][Mobile Login Flow] Investigate on existing Mobile Login Flow JMeter scripts & ETA to create these TCs,QA-781,320376,Spike,Done,QA,QA Automation,software,Timothy Kaufman,6418909f67102fc717c0b0d8,"{quote}Automation & Performance Testing Center of Excellence 


Tracks test strategy, execution, CI results, risk mitigation, and engineering dashboards.  


Project lead: Swapnil Patil (Functional) | Timothy Kaufman (JIRA Admin){quote}",https://confluence.ascensus.com/pages/viewpage.action?pageId=315559619,Medium,Done,Priti Choudhary,712020:65a17112-cbcc-4b3a-a8ae-2542eeefe9ac,Swapnil Patil,6357f972fc0cc7a600ae8914,Swapnil Patil,6357f972fc0cc7a600ae8914,5/4/2026 8:46,6/10/2026 9:08,,6/5/2026 9:48,,AMSQUAD Sprint 26.08,6/5/2026 0:00,0,PerformanceTesting,QA-Board-View,Regression,,,,"* Objective:  
Investigate existing Legacy Login Flow JMeter scripts and estimate the effort and timeline (ETA) to create the required test cases (TCs).
* Scope:
** Identify and review all current JMeter scripts related to the Legacy Login Flow.
** Assess script coverage against current business and technical requirements.
** Evaluate script maintainability, reusability, and alignment with existing performance testing standards.
** Define the list of new/updated JMeter test cases needed for the Legacy Login Flow.
** Provide a clear ETA and effort estimate for creating or updating these test cases.
* Activities:
** Collect and catalog existing Legacy Login Flow JMeter scripts from the repository/tooling used by the team.
** Analyze current parameterization, correlation, assertions, and data dependencies in the scripts.
** Map existing scripts to functional flows (e.g., valid login, invalid login, lockout, password reset entry points, etc.).
** Identify gaps in coverage, broken/obsolete flows, and any environment or data constraints.
** Validate compatibility of current scripts with the latest application version and test environments.
** Estimate effort to:
*** Fix or refactor existing scripts (if needed).
*** Create new JMeter scripts/TCS for uncovered scenarios.
*** Set up test data and configurations.
** Document findings, risks, assumptions, and final ETA.
* Deliverables:
** Inventory of existing Legacy Login Flow JMeter scripts and their current status (working/needs-fix/obsolete).
** Gap analysis of current vs. required test coverage for the Legacy Login Flow.
** Proposed list of JMeter test cases (TCs) to be created or updated.
** ETA and effort breakdown (e.g., person-days per task) for creating/updating TCs.
** Short recommendation note on next steps (e.g., prioritization, ownership, and any dependencies).
* Out of Scope:
** Execution of full performance test cycles using the new TCs.
** Non-Legacy Login flows or unrelated services, unless explicitly identified as dependencies.

If you share any existing acceptance criteria or definition of done for spikes, I can tailor this description to match your team’s template.",,Priti Choudhary,Swapnil Patil,,712020:65a17112-cbcc-4b3a-a8ae-2542eeefe9ac,6357f972fc0cc7a600ae8914,,,,,,,,,,,,,,,,,,,,,,,,,,,,,,,QA Automation,,,,,,,,,ApprovalsCFValue{approvals=[]},,,,,,,,,,,,,,,,,,,,,,,,,,,,,,,,,,,,,,,,,,,,,,,,,,,{},,,,,,,,,,,,,,,,,,,,,,,,,,,,,,,,,,,,,,,,,,,,,,,,,,,,,,,,,,,,,,,,,,,,,,,,,,,,,,,,,,,,,,,,,,,,,,,,,0|i15w2a:i,,,,,,,,,,,,,,,,,,,,,,,,,,,,,,,,,,,,,,,,,,,AMSQUAD Sprint 26.08 5/27-6/10,,,,,2,,,,,,,,,4821708b-58a1-45f9-93f1-fe52c0da32a7,QA Automation,,,,,,,,,,,,,,,,,,,,,41:23.3,10415_*:*_1_*:*_255761355_*|*_3_*:*_1_*:*_259771156_*|*_10409_*:*_1_*:*_806_*|*_10000_*:*_1_*:*_2163436411_*|*_10420_*:*_1_*:*_0,"04/Jun/26 8:41 AM;712020:65a17112-cbcc-4b3a-a8ae-2542eeefe9ac;The existing script contains only a single HTTP request, which does not adequately represent the complete login flow. We will wait for the Postman collection to proceed with creating a proper performance test script that covers the full workflow.","04/Jun/26 8:53 AM;712020:65a17112-cbcc-4b3a-a8ae-2542eeefe9ac;There are additional scripts available for mobile endpoints that could be useful for further testing. However, to proceed effectively, we will need the endpoint URLs, access details, and valid test credentials (username/password), some network tab analysis. Once these inputs are available, we will be able to assess the scope and provide an estimated timeline for creating the performance test cases.",04/Jun/26 8:55 AM;712020:65a17112-cbcc-4b3a-a8ae-2542eeefe9ac;old scripts available at location - L:\Departments\Financial Services\UII\UII\KT Recordings\AM Squad\performance\mobileApi_scripts,,,,,,,,,,,,,,,,,,,,,,,,,,,,,,,,280058,QA-349,"Performance Testing – Framework Ownership, Environment Setup, CI/CD, Governance & Regression Integration",Done,6/5/2026 9:48
[Perf Testing][Unite Legacy Login] Unite (Legacy) Login – Performance Script Design,QA-721,318505,Story,Done,QA,QA Automation,software,Timothy Kaufman,6418909f67102fc717c0b0d8,"{quote}Automation & Performance Testing Center of Excellence 


Tracks test strategy, execution, CI results, risk mitigation, and engineering dashboards.  


Project lead: Swapnil Patil (Functional) | Timothy Kaufman (JIRA Admin){quote}",https://confluence.ascensus.com/pages/viewpage.action?pageId=315559619,High,Done,Priti Choudhary,712020:65a17112-cbcc-4b3a-a8ae-2542eeefe9ac,Swapnil Patil,6357f972fc0cc7a600ae8914,Swapnil Patil,6357f972fc0cc7a600ae8914,4/28/2026 18:14,5/12/2026 9:18,,5/12/2026 9:18,,AMSQUAD Sprint 26.06,5/12/2026 0:00,0,PerformanceTesting,QA-Board-View,Regression,,,,"Design the performance testing approach for the Unite (Legacy) login flow, including user journey, data requirements, and system touchpoints. This story focuses on _design only_, not execution.

h2. *Acceptance Criteria*

* End‑to‑end Legacy login flow is documented (UI → backend → Sardine)
* Entry and exit points for performance testing are clearly defined
* Required test data (users, plans) is identified
* Dependencies and assumptions are documented
* Design reviewed and approved by Login/Sardine SMEs",,Swapnil Patil,,,6357f972fc0cc7a600ae8914,,,,,,,,,,,,,,,,,,,,,,,,,,,,,,,,QA Automation,,,,,,,,,ApprovalsCFValue{approvals=[]},,,,,,,,,,,,,,,,,,,,,,,,,,,,,,,,,,,,,,,,,,,,,,,,,,,{},,,,,,,,,,,,,,,,,,,,,,,,,,,,,,,,,,,,,,,,,,,,,,,,,,,,,,,,,,,,,,,,,,,,,,,,,,,,,,,,,,,,,,,,,,,,,,,,,0|i127i3:0dp,,,,,,,,,,,,,,,,,,,,,,,,,,,,,,,,,,,,,,,,,,,AMSQUAD Sprint 26.06 4/29-5/12,,,5/7/2026 0:00,,2,,,,,,,,,4821708b-58a1-45f9-93f1-fe52c0da32a7,QA Automation,,,,,,,,,,,,,,,,,,,,,,3_*:*_1_*:*_433712267_*|*_10409_*:*_1_*:*_787_*|*_10000_*:*_1_*:*_743701233_*|*_10420_*:*_1_*:*_0,,,,,,,,,,,,,,,,,,,,,,,,,,,,,,,,,,,321219,QA-809,[Perf Testing][Login Flow] Create a new IdP SDK class Mobile backend to reuse token for metadata cache lookup (QA Automation),Done,5/12/2026 9:18
[Perf Testing] Create Regression suit to include & schedule IDP login flow,QA-720,318504,Story,Done,QA,QA Automation,software,Timothy Kaufman,6418909f67102fc717c0b0d8,"{quote}Automation & Performance Testing Center of Excellence 


Tracks test strategy, execution, CI results, risk mitigation, and engineering dashboards.  


Project lead: Swapnil Patil (Functional) | Timothy Kaufman (JIRA Admin){quote}",https://confluence.ascensus.com/pages/viewpage.action?pageId=315559619,Low,Done,Priti Choudhary,712020:65a17112-cbcc-4b3a-a8ae-2542eeefe9ac,Swapnil Patil,6357f972fc0cc7a600ae8914,Swapnil Patil,6357f972fc0cc7a600ae8914,4/28/2026 18:12,5/26/2026 9:05,,5/26/2026 9:05,,AMSQUAD Sprint 26.07,5/26/2026 0:00,0,PerformanceTesting,QA-Board-View,Regression,,,,,,Priti Choudhary,Swapnil Patil,,712020:65a17112-cbcc-4b3a-a8ae-2542eeefe9ac,6357f972fc0cc7a600ae8914,,,,,,,,,,,,,,,,,,,,,,,,,,,,,,,,,,,,,,,,ApprovalsCFValue{approvals=[]},,,,,,,,,,,,,,,,,,,,,,,,,,,,,,,,,,,,,,,,,,,,,,,,,,,{},,,,,,,,,,,,,,,,,,,,,,,,,,,,,,,,,,,,,,,,,,,,,,,,,,,,,,,,,,,,,,,,,,,,,,,,,,,,,,,,,,,,,,,,,,,,,,,,,0|i15w2c:,,,,,,,,,,,,,,,,,,,,,,,,,,,,,,,,,,,,,,,,,,,AMSQUAD Sprint 26.07 5/13-5/27,,,5/19/2026 0:00,,2,,,,,,,,,,,,,,,,,,,,,,,,,,,,,,,12:47.5,10415_*:*_1_*:*_1311387586_*|*_3_*:*_1_*:*_82716466_*|*_10409_*:*_1_*:*_481_*|*_10000_*:*_1_*:*_466248132_*|*_10420_*:*_1_*:*_0,"19/May/26 8:12 AM;712020:65a17112-cbcc-4b3a-a8ae-2542eeefe9ac;regression suit created it will run from mon-fri at 3am est.

Execution runs successfully - [AGSUP_IDP_REGRESSION_SUITE #618 Console [Jenkins]|http://jenkinsqant1:8080/view/Performance/job/AGSUP_IDP_REGRESSION_SUITE/618/console] 

Execution triggered at 3am est as per schedule. 

Working as expected with minimal configuration.",,,,,,,,,,,,,,,,,,,,,,,,,,,,,,,,,,280058,QA-349,"Performance Testing – Framework Ownership, Environment Setup, CI/CD, Governance & Regression Integration",Done,5/26/2026 9:05
[Perf testing] IDP- member profile change password UI flow with X‑Signature Header,QA-719,318490,Story,Done,QA,QA Automation,software,Timothy Kaufman,6418909f67102fc717c0b0d8,"{quote}Automation & Performance Testing Center of Excellence 


Tracks test strategy, execution, CI results, risk mitigation, and engineering dashboards.  


Project lead: Swapnil Patil (Functional) | Timothy Kaufman (JIRA Admin){quote}",https://confluence.ascensus.com/pages/viewpage.action?pageId=315559619,Low,Done,Priti Choudhary,712020:65a17112-cbcc-4b3a-a8ae-2542eeefe9ac,Swapnil Patil,6357f972fc0cc7a600ae8914,Swapnil Patil,6357f972fc0cc7a600ae8914,4/28/2026 16:39,6/10/2026 9:19,,6/10/2026 9:02,,AMSQUAD Sprint 26.08,6/10/2026 0:00,0,QA-Board-View,Regression,,,,,"This story aims to:

* Clearly define required request headers for Change Password
* Ensure {{X-Signature}} generation logic (for request payload)
* Enable performance testing without bypassing security controls",,Swapnil Patil,,,6357f972fc0cc7a600ae8914,,,,,,,,,,,,,,,,,,,,,,,,,,,,,,,,,,,,,,,,,ApprovalsCFValue{approvals=[]},,,,,,,,,,,,,,,,,,,,,,,,,,,,,,,,,,,,,,,,,,,,,,,,,,,{},,,,,,,,,,,,,,,,,,,,,,,,,,,,,,,,,,,,,,,,,,,,,,,,,,,,,,,,,,,,,,,,,,,,,,,,,,,,,,,,,,,,,,,,,,,,,,,,,0|i15w2a:9,,,,,,,,,,,,,,,,,,,,,,,,,,,,,,,,,,,,,,,,,,,AMSQUAD Sprint 26.08 5/27-6/10,,,6/4/2026 0:00,,2,,,,,,,,,,,,,,,,,,,,,,,,,,,,,,,,3_*:*_1_*:*_0_*|*_10409_*:*_1_*:*_13488_*|*_10000_*:*_1_*:*_3161878238,,,,,,,,,,,,,,,,,,,,,,,,,,,,,,,,,,,280058,QA-349,"Performance Testing – Framework Ownership, Environment Setup, CI/CD, Governance & Regression Integration",Done,6/10/2026 9:02
"[Perf testing] Performance Script Update / New Development- Enrollment‑Related JMeter Script - Enroll Flow (Account, snapshot, validation)",QA-614,313482,Story,Done,QA,QA Automation,software,Timothy Kaufman,6418909f67102fc717c0b0d8,"{quote}Automation & Performance Testing Center of Excellence 


Tracks test strategy, execution, CI results, risk mitigation, and engineering dashboards.  


Project lead: Swapnil Patil (Functional) | Timothy Kaufman (JIRA Admin){quote}",https://confluence.ascensus.com/pages/viewpage.action?pageId=315559619,Low,Done,Priti Choudhary,712020:65a17112-cbcc-4b3a-a8ae-2542eeefe9ac,Priti Choudhary,712020:65a17112-cbcc-4b3a-a8ae-2542eeefe9ac,Priti Choudhary,712020:65a17112-cbcc-4b3a-a8ae-2542eeefe9ac,4/14/2026 12:24,4/23/2026 8:07,,4/23/2026 8:07,,AMSQUAD Sprint 26.05,4/23/2026 0:00,0,QA-Board-View,Regression,,,,,"The enrollment-related performance test script needs to be *reviewed and updated* to align with the current application flow. If the existing script is not reusable due to functional or architectural changes, a *new JMeter script* should be developed.

The objective is to ensure accurate simulation of the enrollment flow and prepare the script for inclusion in performance and regression test suites.",,Priti Choudhary,,,712020:65a17112-cbcc-4b3a-a8ae-2542eeefe9ac,,,,,,,,,,,,,,,,,,,,,,,,,,,,,,,,,,,,,,,,,ApprovalsCFValue{approvals=[]},,,,,,,,,,,,,,,,,,,,,,,,,,,,,,,,,,,,,,,,,,,,,,,,,,,{},,,,,,,,,,,,,,,,,,,,,,,,,,,,,,,,,,,,,,,,,,,,,,,,,,,,,,,,,,,,,,,,,,,,,,,,,,,,,,,,,,,,,,,,,,,,,,,,,0|i153ih:p,,,,,,,,,,,,,,,,,,,,,,,,,,,,,,,,,,,,,,,,,,,AMSQUAD Sprint 26.05 4/15-4/28,,,4/22/2026 0:00,,3,,,,,,,,,,,,,,,,,,,,,,,,,,,,,,,,3_*:*_1_*:*_0_*|*_10409_*:*_1_*:*_76130657_*|*_10000_*:*_1_*:*_603832562,,,,,,,,,,,,,,,,,,,,,,,,,,,,,,,,,,,280058,QA-349,"Performance Testing – Framework Ownership, Environment Setup, CI/CD, Governance & Regression Integration",Done,4/23/2026 8:07
[Perf testing] Create Performance Regression Test Suite Using Existing JMeter Scripts,QA-613,313481,Story,Done,QA,QA Automation,software,Timothy Kaufman,6418909f67102fc717c0b0d8,"{quote}Automation & Performance Testing Center of Excellence 


Tracks test strategy, execution, CI results, risk mitigation, and engineering dashboards.  


Project lead: Swapnil Patil (Functional) | Timothy Kaufman (JIRA Admin){quote}",https://confluence.ascensus.com/pages/viewpage.action?pageId=315559619,Low,Done,Priti Choudhary,712020:65a17112-cbcc-4b3a-a8ae-2542eeefe9ac,Priti Choudhary,712020:65a17112-cbcc-4b3a-a8ae-2542eeefe9ac,Priti Choudhary,712020:65a17112-cbcc-4b3a-a8ae-2542eeefe9ac,4/14/2026 12:23,4/27/2026 9:42,,4/27/2026 9:42,,AMSQUAD Sprint 26.05,4/27/2026 0:00,0,QA-Board-View,Regression,,,,,"A *performance regression suite* needs to be created using stable and validated JMeter scripts to ensure that application performance does not degrade over time due to new releases or configuration changes.

This suite will focus on critical user flows and will be designed for repeated execution through Jenkins as part of regular regression cycles.",,Priti Choudhary,,,712020:65a17112-cbcc-4b3a-a8ae-2542eeefe9ac,,,,,,,,,,,,,,,,,,,,,,,,,,,,,,,,,,,,,,,,,ApprovalsCFValue{approvals=[]},,,,,,,,,,,,,,,,,,,,,,,,,,,,,,,,,,,,,,,,,,,,,,,,,,,{},,,,,,,,,,,,,,,,,,,,,,,,,,,,,,,,,,,,,,,,,,,,,,,,,,,,,,,,,,,,,,,,,,,,,,,,,,,,,,,,,,,,,,,,,,,,,,,,,0|i153ih:o,,,,,,,,,,,,,,,,,,,,,,,,,,,,,,,,,,,,,,,,,,,AMSQUAD Sprint 26.05 4/15-4/28,,,4/24/2026 0:00,,2,,,,,,,,,,,,,,,,,,,,,,,,,,,,,,,,3_*:*_1_*:*_0_*|*_10409_*:*_1_*:*_75881067_*|*_10000_*:*_1_*:*_766605815,"27/Apr/26 9:42 AM;712020:65a17112-cbcc-4b3a-a8ae-2542eeefe9ac;Jenkins pipeline created for perf reg suite- 

Tested with one script, working fine in Jenkins. verified the results; pipeline can be found at location [IDP_Reg_suite [Jenkins]|http://jenkinsqant1:8080/view/Performance/job/IDP_Reg_suite/]

Working on adding second script to the Jenkins perf reg pipeline. Facing some issue, so debugging [AGSUP_IDP_REGRESSION_SUITE [Jenkins]|http://jenkinsqant1:8080/view/Performance/job/AGSUP_IDP_REGRESSION_SUITE/]. New story will be added into next sprint to incorporate more JMeter script. ",,,,,,,,,,,,,,,,,,,,,,,,,,,,,,,,,,280058,QA-349,"Performance Testing – Framework Ownership, Environment Setup, CI/CD, Governance & Regression Integration",Done,4/27/2026 9:42
[Perf testing] Configure Jenkins CI/CD Pipeline for Automated Execution of JMeter Performance Scripts,QA-612,313477,Story,Done,QA,QA Automation,software,Timothy Kaufman,6418909f67102fc717c0b0d8,"{quote}Automation & Performance Testing Center of Excellence 


Tracks test strategy, execution, CI results, risk mitigation, and engineering dashboards.  


Project lead: Swapnil Patil (Functional) | Timothy Kaufman (JIRA Admin){quote}",https://confluence.ascensus.com/pages/viewpage.action?pageId=315559619,Low,Done,Priti Choudhary,712020:65a17112-cbcc-4b3a-a8ae-2542eeefe9ac,Priti Choudhary,712020:65a17112-cbcc-4b3a-a8ae-2542eeefe9ac,Priti Choudhary,712020:65a17112-cbcc-4b3a-a8ae-2542eeefe9ac,4/14/2026 12:08,4/24/2026 6:24,,4/24/2026 6:24,,AMSQUAD Sprint 26.05,4/24/2026 0:00,0,QA-Board-View,Regression,,,,,"To support continuous and automated performance testing, the existing *JMeter performance scripts* must be integrated into the *Jenkins CI/CD pipeline*.

This pipeline will automate the execution of key authentication and user‑access flows, including:

* *Forgot Username*
* *Forgot Password*",,Priti Choudhary,,,712020:65a17112-cbcc-4b3a-a8ae-2542eeefe9ac,,,,,,,,,,,,,,,,,,,,,,,,,,,,,,,,,,,,,,,,,ApprovalsCFValue{approvals=[]},,,,,,,,,,,,,,,,,,,,,,,,,,,,,,,,,,,,,,,,,,,,,,,,,,,{},,,,,,,,,,,,,,,,,,,,,,,,,,,,,,,,,,,,,,,,,,,,,,,,,,,,,,,,,,,,,,,,,,,,,,,,,,,,,,,,,,,,,,,,,,,,,,,,,0|i153ih:m,,,,,,,,,,,,,,,,,,,,,,,,,,,,,,,,,,,,,,,,,,,AMSQUAD Sprint 26.05 4/15-4/28,,,4/22/2026 0:00,,3,,,,,,,,,,,,,,,,,,,,,,,,,,,,,,,,3_*:*_1_*:*_0_*|*_10409_*:*_1_*:*_76722197_*|*_10000_*:*_1_*:*_604207362,23/Apr/26 11:38 AM;712020:65a17112-cbcc-4b3a-a8ae-2542eeefe9ac;Successfully ran on Jenkins- [AGSUP_ENDURANCE #676 Console [Jenkins]|http://jenkinsqant1:8080/view/Performance/job/AGSUP_ENDURANCE/676/console],24/Apr/26 6:24 AM;712020:65a17112-cbcc-4b3a-a8ae-2542eeefe9ac;Script can be manually triggered from Jenkins now. setup is completed.,,,,,,,,,,,,,,,,,,,,,,,,,,,,,,,,,280058,QA-349,"Performance Testing – Framework Ownership, Environment Setup, CI/CD, Governance & Regression Integration",Done,4/24/2026 6:24
[Perf testing] IDP- member profile change password UI flow with X‑Signature Header,QA-610,313410,Story,Done,QA,QA Automation,software,Timothy Kaufman,6418909f67102fc717c0b0d8,"{quote}Automation & Performance Testing Center of Excellence 


Tracks test strategy, execution, CI results, risk mitigation, and engineering dashboards.  


Project lead: Swapnil Patil (Functional) | Timothy Kaufman (JIRA Admin){quote}",https://confluence.ascensus.com/pages/viewpage.action?pageId=315559619,Low,Done,Priti Choudhary,712020:65a17112-cbcc-4b3a-a8ae-2542eeefe9ac,Priti Choudhary,712020:65a17112-cbcc-4b3a-a8ae-2542eeefe9ac,Priti Choudhary,712020:65a17112-cbcc-4b3a-a8ae-2542eeefe9ac,4/14/2026 10:18,5/11/2026 8:13,,4/28/2026 16:40,,AMSQUAD Sprint 26.05,4/28/2026 0:00,0,QA-Board-View,Regression,,,,,"This story aims to:

* Clearly define required request headers for Change Password
* Ensure {{X-Signature}} generation logic (for request payload)
* Enable performance testing without bypassing security controls",,Priti Choudhary,Swapnil Patil,,712020:65a17112-cbcc-4b3a-a8ae-2542eeefe9ac,6357f972fc0cc7a600ae8914,,,,,,,,,,,,,,,,,,QA-502,,,,,,,,,,,,,,,,,,,,,,ApprovalsCFValue{approvals=[]},,,,,,,,,,,,,,,,,,,,,,,,,,,,,,,,,,,,,,,,,,,,,,,,,,,{},,,,,,,,,,,,,,,,,,,,,,,,,,,,,,,,,,,,,,,,,,,,,,,,,,,,,,,,,,,,,,,,,,,,,,,,,,,,,,,,,,,,,,,,,,,,,,,,,0|i153ih:i,,,,,,,,,,,,,,,,,,,,,,,,,,,,,,,,,,,,,,,,,,,AMSQUAD Sprint 26.05 4/15-4/28,,,4/16/2026 0:00,,3,,,,,,,,,,,,,,,,,,,,,,,,,,,,,,,20:41.5,3_*:*_1_*:*_0_*|*_10409_*:*_1_*:*_150801_*|*_10000_*:*_1_*:*_168231318,"17/Apr/26 8:01 AM;712020:65a17112-cbcc-4b3a-a8ae-2542eeefe9ac;Jmeter end to end script is created but something isn’t right with the request headers, and I need confirmation on what might be missing or incorrect.",27/Apr/26 9:20 AM;6357f972fc0cc7a600ae8914;[~accountid:712020:65a17112-cbcc-4b3a-a8ae-2542eeefe9ac] needs help from Developers or TL to resolve this issue. if no one available then this will be moved to next sprint,28/Apr/26 4:40 PM;6357f972fc0cc7a600ae8914;we unable to get any help this sprint but we added another item to backlog to tackle this issue based on priority,,,,,,,,,,,,,,,,,,,,,,,,,,,,,,,,280058,QA-349,"Performance Testing – Framework Ownership, Environment Setup, CI/CD, Governance & Regression Integration",Done,4/28/2026 16:40
IDP- Update/Change Password Functionality – Mem Profile Security Screen,QA-502,303932,Story,Done,QA,QA Automation,software,Timothy Kaufman,6418909f67102fc717c0b0d8,"{quote}Automation & Performance Testing Center of Excellence 


Tracks test strategy, execution, CI results, risk mitigation, and engineering dashboards.  


Project lead: Swapnil Patil (Functional) | Timothy Kaufman (JIRA Admin){quote}",https://confluence.ascensus.com/pages/viewpage.action?pageId=315559619,Low,Done,Priti Choudhary,712020:65a17112-cbcc-4b3a-a8ae-2542eeefe9ac,Priti Choudhary,712020:65a17112-cbcc-4b3a-a8ae-2542eeefe9ac,Priti Choudhary,712020:65a17112-cbcc-4b3a-a8ae-2542eeefe9ac,3/12/2026 8:41,4/14/2026 10:23,,4/14/2026 10:23,,AMSQUAD Sprint 26.04,4/14/2026 0:00,0,,,,,,,"Users should be able to change their account password from their profile’s security settings after they are already authenticated into the system. This flow is part of standard account maintenance and does not require any MFA challenge because the user is already logged in and verified.

The system must require the *current password*, enforce password policy rules, and securely update the password.",,Priti Choudhary,Swapnil Patil,,712020:65a17112-cbcc-4b3a-a8ae-2542eeefe9ac,6357f972fc0cc7a600ae8914,,,,,,,,,,,,,,,,,QA-610,,,,,,,,,,,,,,,,,,"h3. *1. Access Path*

* User navigates to: *Profile → Security → Change Password*.
* “Change Password” option is visible only to authenticated users.

h3. *2. Form Requirements*

The Change Password form must contain:

* Current password
* New password
* Confirm new password

h3. *3. Validation*

* System verifies the current password is correct.
* New password must meet full password policy.
* New password must match the confirmation field.
* User cannot reuse the same current password (if policy disallows).

h3. *4. Password Update*

* Upon validation, system updates password successfully.
* User receives a success message and a confirmation notification (optional based on system settings).",,,,,ApprovalsCFValue{approvals=[]},,,,,,,,,,,,,,,,,,,,,,,,,,,,,,,,,,,,,,,,,,,,,,,,,,,{},,,,,,,,,,,,,,,,,,,,,,,,,,,,,,,,,,,,,,,,,,,,,,,,,,,,,,,,,,,,,,,,,,,,,,,,,,,,,,,,,,,,,,,,,,,,,,,,,0|i11a9t:v,,,,,,,,,,,,,,,,,,,,,,,,,,,,,,,,,,,,,,,,,,,AMSQUAD Sprint 26.04 4/1-4/14,,,4/8/2026 0:00,,5,,,,,,,,,,,,,,,,,,,,,,,,,,,,,,,30:36.7,10415_*:*_1_*:*_603979003_*|*_3_*:*_2_*:*_552550238_*|*_10409_*:*_2_*:*_1557643480_*|*_10000_*:*_3_*:*_143120022_*|*_11552_*:*_1_*:*_0,10/Apr/26 9:30 AM;6357f972fc0cc7a600ae8914;*Blocker*: You need to check with Nick Botvinnik and Abhitosh to clarify what values should be passed in the header and payload for the password change process from the member portal.,"14/Apr/26 9:54 AM;6357f972fc0cc7a600ae8914;(flagoff) Flag removed 

dynamic selection of headers will be carried over to next sprint as it need some research, we will close this story",14/Apr/26 10:22 AM;6357f972fc0cc7a600ae8914;part of the dynamic header calc script will be added as a part of [[QA-610] Perf testing- IDP- member profile change password UI flow with X‑Signature Header - JIRA|https://ascensuscollegesavings.atlassian.net/browse/QA-610],,,,,,,,,,,,,,,,,,,,,,,,,,,,,,,,280058,QA-349,"Performance Testing – Framework Ownership, Environment Setup, CI/CD, Governance & Regression Integration",Done,4/14/2026 10:23
IDP- forgot password functionality - IDP Login Screen,QA-501,303928,Story,Done,QA,QA Automation,software,Timothy Kaufman,6418909f67102fc717c0b0d8,"{quote}Automation & Performance Testing Center of Excellence 


Tracks test strategy, execution, CI results, risk mitigation, and engineering dashboards.  


Project lead: Swapnil Patil (Functional) | Timothy Kaufman (JIRA Admin){quote}",https://confluence.ascensus.com/pages/viewpage.action?pageId=315559619,Low,Done,Priti Choudhary,712020:65a17112-cbcc-4b3a-a8ae-2542eeefe9ac,Priti Choudhary,712020:65a17112-cbcc-4b3a-a8ae-2542eeefe9ac,Priti Choudhary,712020:65a17112-cbcc-4b3a-a8ae-2542eeefe9ac,3/12/2026 8:40,4/9/2026 16:59,,4/9/2026 16:59,,AMSQUAD Sprint 26.04,4/9/2026 0:00,0,,,,,,,"Users should be able to initiate a password change without logging in, via a “Change Password” link on the login screen. This flow must enforce Multi‑Factor Authentication (MFA) to ensure strong identity verification before allowing the user to set a new password.

This feature should include:

* “Change Password” option on the login screen
* MFA verification (SMS– based on system configuration)
* Secure token generation and validation
* New password creation flow with validation",,Priti Choudhary,,,712020:65a17112-cbcc-4b3a-a8ae-2542eeefe9ac,,,,,,,,,,,,,,,,,,,,,,,,,,,,,,,,,,,,"*Password must be a minimum of 8 characters long and include 3 of the following: lower characters, upper characters, special characters, or numbers. Password cannot include first name, last name, username, or email.*

* Unit tests for MFA + token flow
* Integration tests for full password change process
* End‑to‑end test scenarios",,,,,ApprovalsCFValue{approvals=[]},,,,,,,,,,,,,,,,,,,,,,,,,,,,,,,,,,,,,,,,,,,,,,,,,,,{},,,,,,,,,,,,,,,,,,,,,,,,,,,,,,,,,,,,,,,,,,,,,,,,,,,,,,,,,,,,,,,,,,,,,,,,,,,,,,,,,,,,,,,,,,,,,,,,,0|i11a9t:r,,,,,,,,,,,,,,,,,,,,,,,,,,,,,,,,,,,,,,,,,,,AMSQUAD Sprint 26.04 4/1-4/14,,,4/1/2026 0:00,,5,,,,,,,,,,,,,,,,,,,,,,,,,,,,,,,,3_*:*_2_*:*_682995718_*|*_10409_*:*_2_*:*_1557374370_*|*_10000_*:*_2_*:*_60918831_*|*_10420_*:*_2_*:*_34488405,,,,,,,,,,,,,,,,,,,,,,,,,,,,,,,,,,,280058,QA-349,"Performance Testing – Framework Ownership, Environment Setup, CI/CD, Governance & Regression Integration",Done,4/9/2026 16:59
Performance Testing - Create test cases for each module in qtest (IDP Login & Forgot Flow),QA-464,297398,Story,Done,QA,QA Automation,software,Timothy Kaufman,6418909f67102fc717c0b0d8,"{quote}Automation & Performance Testing Center of Excellence 


Tracks test strategy, execution, CI results, risk mitigation, and engineering dashboards.  


Project lead: Swapnil Patil (Functional) | Timothy Kaufman (JIRA Admin){quote}",https://confluence.ascensus.com/pages/viewpage.action?pageId=315559619,Low,Done,Priti Choudhary,712020:65a17112-cbcc-4b3a-a8ae-2542eeefe9ac,Priti Choudhary,712020:65a17112-cbcc-4b3a-a8ae-2542eeefe9ac,Priti Choudhary,712020:65a17112-cbcc-4b3a-a8ae-2542eeefe9ac,2/18/2026 9:41,4/10/2026 10:24,,4/10/2026 10:24,,AMSQUAD Sprint 26.04,4/10/2026 0:00,0,,,,,,,,,Priti Choudhary,,,712020:65a17112-cbcc-4b3a-a8ae-2542eeefe9ac,,,,,,,,,,,,,,,,,,,,,,,,,,,,,,,,,,,,,,,,,ApprovalsCFValue{approvals=[]},,,,,,,,,,,,,,,,,,,,,,,,,,,,,,,,,,,,,,,,,,,,,,,,,,,{},,,,,,,,,,,,,,,,,,,,,,,,,,,,,,,,,,,,,,,,,,,,,,,,,,,,,,,,,,,,,,,,,,,,,,,,,,,,,,,,,,,,,,,,,,,,,,,,,0|i11a9t:m,,,,,,,,,,,,,,,,,,,,,,,,,,,,,,,,,,,,,,,,,,,AMSQUAD Sprint 26.04 4/1-4/14,,,4/10/2026 0:00,,2,,,,,,,,,,,,,,,,,,,,,,,,,,,,,,,,3_*:*_1_*:*_3023534806_*|*_10409_*:*_2_*:*_539131693_*|*_10000_*:*_3_*:*_1546411_*|*_10420_*:*_1_*:*_315026,,,,,,,,,,,,,,,,,,,,,,,,,,,,,,,,,,,280058,QA-349,"Performance Testing – Framework Ownership, Environment Setup, CI/CD, Governance & Regression Integration",Done,4/10/2026 10:24
Mapping excel sheet for Mobile1 API testing endpoint coverage,QA-1586,349764,Task,Done,QA,QA Automation,software,Timothy Kaufman,6418909f67102fc717c0b0d8,"{quote}Automation & Performance Testing Center of Excellence 


Tracks test strategy, execution, CI results, risk mitigation, and engineering dashboards.  


Project lead: Swapnil Patil (Functional) | Timothy Kaufman (JIRA Admin){quote}",https://confluence.ascensus.com/pages/viewpage.action?pageId=315559619,Medium,Done,Sunil Godiyal,712020:cc420b1e-75ad-4809-a429-2b255ac56337,Sunil Godiyal,712020:cc420b1e-75ad-4809-a429-2b255ac56337,Sunil Godiyal,712020:cc420b1e-75ad-4809-a429-2b255ac56337,8/3/2026 8:54,8/4/2026 9:12,,8/4/2026 9:07,,AMSQUAD Sprint 26.12,8/4/2026 0:00,0,,,,,,,"Create a mapping Excel sheet which shows:

* How many endpoints are covered for Mobile1 API testing
* How many endpoints are pending

The excel sheet should clearly map each endpoint and its testing status (covered/pending) by cross-referencing the legacy codebase, current codebase, and project documents.

Reference Materials:

* [Readme.md|http://Readme.md] file of Mobile1 project folder
* Legacy code base: C:\Users\sugodiya\APICursorProjects\Mobile1_Legacy\api-test-automation_mobile1_legacy
* Current code base (where we are adding scenarios): C:\Users\sugodiya\APICursorProjects\MobileAutomation\api-test-automation\mobile\mobile1\src\test\java\mobile1
* Project documents: C:\Users\sugodiya\APICursorProjects\MobileAutomation\api-test-automation\mobile\project-documents",,Automation for Jira,Sunil Godiyal,,557058:f58131cb-b67d-43c7-b30d-6b58d40bd077,712020:cc420b1e-75ad-4809-a429-2b255ac56337,,,,,,,,,,,,,,,,,,,,,,,,,,,,,,,,,,,,,,,,ApprovalsCFValue{approvals=[]},,,,,,,,,,,,,,,,,,,,,,,,,,,,,,,,,,,,,,,,,,,,,,,,,,,{},,,,,,,,,,,,,,,,,,,,,,,,,,,,,,,,,,,,,,,,,,,,,,,,,,,,,,,,,,,,,,,,,,,,,,,,,,,,,,,,,,,,,,,,,,,,,,,,,0|i17p7h:hzv,,,,,,,,,,,,,,,,,,,,,,,,,,,,,,,,,,,,,,,,,,,Ready to UNITE-MSC,,,8/3/2026 0:00,,1,,,,,,,,,,,,,,,,,,,,,,,,,,,,,,,08:22.9,3_*:*_1_*:*_0_*|*_10409_*:*_1_*:*_178173_*|*_10000_*:*_1_*:*_583726,"04/Aug/26 9:08 AM;557058:f58131cb-b67d-43c7-b30d-6b58d40bd077;Sub-task QA-1587 was updated:
  • Status: Done
  ","04/Aug/26 9:08 AM;557058:f58131cb-b67d-43c7-b30d-6b58d40bd077;Sub-task QA-1588 was updated:
  • Status: Done
  ","04/Aug/26 9:08 AM;557058:f58131cb-b67d-43c7-b30d-6b58d40bd077;Sub-task QA-1589 was updated:
  • Status: Done
  ","04/Aug/26 9:08 AM;557058:f58131cb-b67d-43c7-b30d-6b58d40bd077;Sub-task QA-1590 was updated:
  • Status: Done
  ","04/Aug/26 9:09 AM;557058:f58131cb-b67d-43c7-b30d-6b58d40bd077;Sub-task QA-1591 was updated:
  • Status: Done
  ","04/Aug/26 9:09 AM;557058:f58131cb-b67d-43c7-b30d-6b58d40bd077;Sub-task QA-1592 was updated:
  • Status: Done
  ",,,,,,,,,,,,,,,,,,,,,,,,,,,,,320810,QA-796,Unite MSC Test Automation,Done,8/4/2026 9:07
[UNITE-MSC][Mobile1]- GET- mobile member push notification tokens-pushDeviceUuid,QA-1451,347991,Story,Done,QA,QA Automation,software,Timothy Kaufman,6418909f67102fc717c0b0d8,"{quote}Automation & Performance Testing Center of Excellence 


Tracks test strategy, execution, CI results, risk mitigation, and engineering dashboards.  


Project lead: Swapnil Patil (Functional) | Timothy Kaufman (JIRA Admin){quote}",https://confluence.ascensus.com/pages/viewpage.action?pageId=315559619,Low,Done,Sunil Godiyal,712020:cc420b1e-75ad-4809-a429-2b255ac56337,Sunil Godiyal,712020:cc420b1e-75ad-4809-a429-2b255ac56337,Sunil Godiyal,712020:cc420b1e-75ad-4809-a429-2b255ac56337,7/23/2026 8:37,8/4/2026 4:44,,8/4/2026 4:44,,AMSQUAD Sprint 26.12,8/4/2026 0:00,0,QA-Board-View,Regression,unite-msc,,,,"Add automated coverage for the Mobile 1 (MSC / BFF) API:

{noformat}GET {{baseUrl}}/{{apiApp}}/{{apiVer}}/mobilememberpushnotificationtokens/deviceuuid/{{pushDeviceUuid}}{noformat}

*Resolved path (Mobile 1):*

{noformat}GET /mobile1api/v1/mobilememberpushnotificationtokens/deviceuuid/{pushDeviceUuid}{noformat}

||Item||Detail||
|*Method*|GET|
|*Base URL*|{{mobile-authentication-uri}} (e.g. {{https://unite-bff-wtn.qc4.unite529.com}})|
|*apiApp*|{{mobile1api}}|
|*apiVer*|{{v1}}|
|*Path param*|{{pushDeviceUuid}} — push notification device UUID|
|*Auth*|Mobile 1 member session ({{POST /mobile1api/v1/mobilemembersession}}) via {{MobileBaseRequestTest}}|
|*Stream*|{{MOBILE_TYPE.MOBILE1}}|
|*Project*|{{api-test-automation/mobile/mobile1}}|
|*Reference*|Postman {{MSC-Mobile-app.postman_collection.json}}|

h3. Business Value

* Validates push notification token retrieval by device UUID contract for Mobile 1 flows
* Extends Mobile 1 automation coverage for push notification endpoints
* Enables CI regression for push token lookup API after releases",,Automation for Jira,Sunil Godiyal,,557058:f58131cb-b67d-43c7-b30d-6b58d40bd077,712020:cc420b1e-75ad-4809-a429-2b255ac56337,,,,,,,,,,,,,,,,,,,,,,,,,,,,,,,,,,,,,,,,ApprovalsCFValue{approvals=[]},,,,,,,,,,,,,,,,,,,,,,,,,,,,,,,,,,,,,,,,,,,,,,,,,,,{},,,,,,,,,,,,,,,,,,,,,,,,,,,,,,,,,,,,,,,,,,,,,,,,,,,,,,,,,,,,,,,,,,,,,,,,,,,,,,,,,,,,,,,,,,,,,,,,,0|i18pth:zzuz,,,,,,,,,,,,,,,,,,,,,,,,,,,,,,,,,,,,,,,,,,,AMSQUAD Sprint 26.12 7/22-8/04,,,7/31/2026 0:00,,2,,,,,,,,,,,,,,,,,,,,,,,,,,,,,,,50:28.9,10415_*:*_1_*:*_83709_*|*_3_*:*_1_*:*_257933398_*|*_10409_*:*_1_*:*_1959081_*|*_10000_*:*_1_*:*_691261166_*|*_11552_*:*_1_*:*_0,"03/Aug/26 8:50 AM;557058:f58131cb-b67d-43c7-b30d-6b58d40bd077;Sub-task QA-1530 was updated:
  • Status: Done
  ","03/Aug/26 8:50 AM;557058:f58131cb-b67d-43c7-b30d-6b58d40bd077;Sub-task QA-1531 was updated:
  • Status: Done
  ","03/Aug/26 8:51 AM;557058:f58131cb-b67d-43c7-b30d-6b58d40bd077;Sub-task QA-1532 was updated:
  • Status: Done
  ","03/Aug/26 8:51 AM;557058:f58131cb-b67d-43c7-b30d-6b58d40bd077;Sub-task QA-1533 was updated:
  • Status: Done
  ","03/Aug/26 8:51 AM;557058:f58131cb-b67d-43c7-b30d-6b58d40bd077;Sub-task QA-1534 was updated:
  • Status: Done
  ",,,,,,,,,,,,,,,,,,,,,,,,,,,,,,320810,QA-796,Unite MSC Test Automation,Done,8/4/2026 4:44
[UNITE-MSC][Mobile1]- PUT- mobile member push notification tokens Endpoint,QA-1450,347990,Story,Done,QA,QA Automation,software,Timothy Kaufman,6418909f67102fc717c0b0d8,"{quote}Automation & Performance Testing Center of Excellence 


Tracks test strategy, execution, CI results, risk mitigation, and engineering dashboards.  


Project lead: Swapnil Patil (Functional) | Timothy Kaufman (JIRA Admin){quote}",https://confluence.ascensus.com/pages/viewpage.action?pageId=315559619,Low,Done,Sunil Godiyal,712020:cc420b1e-75ad-4809-a429-2b255ac56337,Sunil Godiyal,712020:cc420b1e-75ad-4809-a429-2b255ac56337,Sunil Godiyal,712020:cc420b1e-75ad-4809-a429-2b255ac56337,7/23/2026 8:37,7/31/2026 9:11,,7/31/2026 9:11,,AMSQUAD Sprint 26.12,7/31/2026 0:00,0,QA-Board-View,Regression,unite-msc,,,,"Add automated coverage for the Mobile 1 (MSC / BFF) API:

{noformat}PUT {{baseUrl}}/{{apiApp}}/{{apiVer}}/mobilememberpushnotificationtokens{noformat}

*Resolved path (Mobile 1):*

{noformat}PUT /mobile1api/v1/mobilememberpushnotificationtokens{noformat}

||Item||Detail||
|*Method*|PUT|
|*Base URL*|{{mobile-authentication-uri}} (e.g. {{https://unite-bff-wtn.qc4.unite529.com}})|
|*apiApp*|{{mobile1api}}|
|*apiVer*|{{v1}}|
|*Auth*|Mobile 1 member session ({{POST /mobile1api/v1/mobilemembersession}}) via {{MobileBaseRequestTest}}|
|*Stream*|{{MOBILE_TYPE.MOBILE1}}|
|*Project*|{{api-test-automation/mobile/mobile1}}|
|*Reference*|Postman {{MSC-Mobile-app.postman_collection.json}}|

h3. Business Value

* Validates push notification token update contract for Mobile 1 flows
* Extends Mobile 1 automation coverage for push notification endpoints
* Enables CI regression for push token update API after releases",,Automation for Jira,Sunil Godiyal,,557058:f58131cb-b67d-43c7-b30d-6b58d40bd077,712020:cc420b1e-75ad-4809-a429-2b255ac56337,,,,,,,,,,,,,,,,,,,,,,,,,,,,,,,,,,,,,,,,ApprovalsCFValue{approvals=[]},,,,,,,,,,,,,,,,,,,,,,,,,,,,,,,,,,,,,,,,,,,,,,,,,,,{},,,,,,,,,,,,,,,,,,,,,,,,,,,,,,,,,,,,,,,,,,,,,,,,,,,,,,,,,,,,,,,,,,,,,,,,,,,,,,,,,,,,,,,,,,,,,,,,,0|i18pth:zzuy,,,,,,,,,,,,,,,,,,,,,,,,,,,,,,,,,,,,,,,,,,,AMSQUAD Sprint 26.12 7/22-8/04,,,7/29/2026 0:00,,2,,,,,,,,,,,,,,,,,,,,,,,,,,,,,,,09:51.6,10415_*:*_1_*:*_143657_*|*_3_*:*_1_*:*_0_*|*_10409_*:*_1_*:*_1956558_*|*_10000_*:*_1_*:*_518177280,"29/Jul/26 9:09 AM;557058:f58131cb-b67d-43c7-b30d-6b58d40bd077;Sub-task QA-1514 was updated:
  • Status: In Progress
  ","29/Jul/26 9:09 AM;557058:f58131cb-b67d-43c7-b30d-6b58d40bd077;Sub-task QA-1515 was updated:
  • Status: In Progress
  ","29/Jul/26 9:10 AM;557058:f58131cb-b67d-43c7-b30d-6b58d40bd077;Sub-task QA-1516 was updated:
  • Status: In Progress
  ","29/Jul/26 9:10 AM;557058:f58131cb-b67d-43c7-b30d-6b58d40bd077;Sub-task QA-1517 was updated:
  • Status: In Progress
  ","29/Jul/26 9:10 AM;557058:f58131cb-b67d-43c7-b30d-6b58d40bd077;Sub-task QA-1518 was updated:
  • Status: In Progress
  ","31/Jul/26 9:10 AM;557058:f58131cb-b67d-43c7-b30d-6b58d40bd077;Sub-task QA-1514 was updated:
  • Status: Done
  ","31/Jul/26 9:11 AM;557058:f58131cb-b67d-43c7-b30d-6b58d40bd077;Sub-task QA-1515 was updated:
  • Status: Done
  ","31/Jul/26 9:11 AM;557058:f58131cb-b67d-43c7-b30d-6b58d40bd077;Sub-task QA-1516 was updated:
  • Status: Done
  ","31/Jul/26 9:11 AM;557058:f58131cb-b67d-43c7-b30d-6b58d40bd077;Sub-task QA-1517 was updated:
  • Status: Done
  ","31/Jul/26 9:11 AM;557058:f58131cb-b67d-43c7-b30d-6b58d40bd077;Sub-task QA-1518 was updated:
  • Status: Done
  ",,,,,,,,,,,,,,,,,,,,,,,,,320810,QA-796,Unite MSC Test Automation,Done,7/31/2026 9:11
[UNITE-MSC][Mobile1][API Automation] Automate POST mobilememberpushnotificationtokens Endpoint,QA-1449,347989,Story,Done,QA,QA Automation,software,Timothy Kaufman,6418909f67102fc717c0b0d8,"{quote}Automation & Performance Testing Center of Excellence 


Tracks test strategy, execution, CI results, risk mitigation, and engineering dashboards.  


Project lead: Swapnil Patil (Functional) | Timothy Kaufman (JIRA Admin){quote}",https://confluence.ascensus.com/pages/viewpage.action?pageId=315559619,Low,Done,Sunil Godiyal,712020:cc420b1e-75ad-4809-a429-2b255ac56337,Sunil Godiyal,712020:cc420b1e-75ad-4809-a429-2b255ac56337,Sunil Godiyal,712020:cc420b1e-75ad-4809-a429-2b255ac56337,7/23/2026 8:37,7/29/2026 9:08,,7/29/2026 9:06,,AMSQUAD Sprint 26.12,7/29/2026 0:00,0,QA-Board-View,Regression,unite-msc,,,,"Add automated coverage for the Mobile 1 (MSC / BFF) API:

{noformat}POST {{baseUrl}}/{{apiApp}}/{{apiVer}}/mobilememberpushnotificationtokens{noformat}

*Resolved path (Mobile 1):*

{noformat}POST /mobile1api/v1/mobilememberpushnotificationtokens{noformat}

||Item||Detail||
|*Method*|POST|
|*Base URL*|{{mobile-authentication-uri}} (e.g. {{https://unite-bff-wtn.qc4.unite529.com}})|
|*apiApp*|{{mobile1api}}|
|*apiVer*|{{v1}}|
|*Auth*|Mobile 1 member session ({{POST /mobile1api/v1/mobilemembersession}}) via {{MobileBaseRequestTest}}|
|*Stream*|{{MOBILE_TYPE.MOBILE1}}|
|*Project*|{{api-test-automation/mobile/mobile1}}|
|*Reference*|Postman {{MSC-Mobile-app.postman_collection.json}}|

h3. Business Value

* Validates push notification token registration contract for Mobile 1 flows
* Extends Mobile 1 automation coverage for push notification endpoints
* Enables CI regression for push token creation API after releases",,Automation for Jira,Sunil Godiyal,,557058:f58131cb-b67d-43c7-b30d-6b58d40bd077,712020:cc420b1e-75ad-4809-a429-2b255ac56337,,,,,,,,,,,,,,,,,,,,,,,,,,,,,,,,,,,,,,,,ApprovalsCFValue{approvals=[]},,,,,,,,,,,,,,,,,,,,,,,,,,,,,,,,,,,,,,,,,,,,,,,,,,,{},,,,,,,,,,,,,,,,,,,,,,,,,,,,,,,,,,,,,,,,,,,,,,,,,,,,,,,,,,,,,,,,,,,,,,,,,,,,,,,,,,,,,,,,,,,,,,,,,0|i18pth:zzt,,,,,,,,,,,,,,,,,,,,,,,,,,,,,,,,,,,,,,,,,,,AMSQUAD Sprint 26.12 7/22-8/04,,,7/28/2026 0:00,,2,,,,,,,,,,,,,,,,,,,,,,,,,,,,,,,15:01.0,10415_*:*_1_*:*_79978287_*|*_3_*:*_1_*:*_0_*|*_10409_*:*_1_*:*_1953263_*|*_10000_*:*_1_*:*_355863702,"28/Jul/26 10:15 AM;557058:f58131cb-b67d-43c7-b30d-6b58d40bd077;Sub-task QA-1483 was updated:
  • Status: In Progress
  ","28/Jul/26 10:15 AM;557058:f58131cb-b67d-43c7-b30d-6b58d40bd077;Sub-task QA-1482 was updated:
  • Status: In Progress
  ","28/Jul/26 10:15 AM;557058:f58131cb-b67d-43c7-b30d-6b58d40bd077;Sub-task QA-1484 was updated:
  • Status: In Progress
  ","28/Jul/26 10:15 AM;557058:f58131cb-b67d-43c7-b30d-6b58d40bd077;Sub-task QA-1485 was updated:
  • Status: In Progress
  ","28/Jul/26 10:15 AM;557058:f58131cb-b67d-43c7-b30d-6b58d40bd077;Sub-task QA-1486 was updated:
  • Status: In Progress
  ","29/Jul/26 9:07 AM;557058:f58131cb-b67d-43c7-b30d-6b58d40bd077;Sub-task QA-1483 was updated:
  • Status: Done
  ","29/Jul/26 9:08 AM;557058:f58131cb-b67d-43c7-b30d-6b58d40bd077;Sub-task QA-1482 was updated:
  • Status: Done
  ","29/Jul/26 9:08 AM;557058:f58131cb-b67d-43c7-b30d-6b58d40bd077;Sub-task QA-1484 was updated:
  • Status: Done
  ","29/Jul/26 9:08 AM;557058:f58131cb-b67d-43c7-b30d-6b58d40bd077;Sub-task QA-1485 was updated:
  • Status: Done
  ","29/Jul/26 9:08 AM;557058:f58131cb-b67d-43c7-b30d-6b58d40bd077;Sub-task QA-1486 was updated:
  • Status: Done
  ",,,,,,,,,,,,,,,,,,,,,,,,,320810,QA-796,Unite MSC Test Automation,Done,7/29/2026 9:06
[UNITE-MSC][Mobile1]- GET - mobile member devices -deviceUuid ,QA-1448,347988,Story,Done,QA,QA Automation,software,Timothy Kaufman,6418909f67102fc717c0b0d8,"{quote}Automation & Performance Testing Center of Excellence 


Tracks test strategy, execution, CI results, risk mitigation, and engineering dashboards.  


Project lead: Swapnil Patil (Functional) | Timothy Kaufman (JIRA Admin){quote}",https://confluence.ascensus.com/pages/viewpage.action?pageId=315559619,Low,Done,Sunil Godiyal,712020:cc420b1e-75ad-4809-a429-2b255ac56337,Sunil Godiyal,712020:cc420b1e-75ad-4809-a429-2b255ac56337,Sunil Godiyal,712020:cc420b1e-75ad-4809-a429-2b255ac56337,7/23/2026 8:37,7/27/2026 11:50,,7/27/2026 8:59,,AMSQUAD Sprint 26.12,7/27/2026 0:00,0,unite-msc,,,,,,"Add automated coverage for the Mobile 1 (MSC / BFF) API:

{noformat}GET {{baseUrl}}/{{apiApp}}/{{apiVer}}/mobilememberdevices/{{deviceUuid}}{noformat}

*Resolved path (Mobile 1):*

{noformat}GET /mobile1api/v1/mobilememberdevices/{deviceUuid}{noformat}

||Item||Detail||
|*Method*|GET|
|*Base URL*|{{mobile-authentication-uri}} (e.g. {{https://unite-bff-wtn.qc4.unite529.com}})|
|*apiApp*|{{mobile1api}}|
|*apiVer*|{{v1}}|
|*Path param*|{{deviceUuid}} — unique device identifier|
|*Auth*|Mobile 1 member session ({{POST /mobile1api/v1/mobilemembersession}}) via {{MobileBaseRequestTest}}|
|*Stream*|{{MOBILE_TYPE.MOBILE1}}|
|*Project*|{{api-test-automation/mobile/mobile1}}|
|*Reference*|Postman {{MSC-Mobile-app.postman_collection.json}}|

h3. Business Value

* Validates device retrieval contract for Mobile 1 flows
* Extends Mobile 1 automation coverage for device management endpoints
* Enables CI regression for device lookup API after releases",,Automation for Jira,Sunil Godiyal,,557058:f58131cb-b67d-43c7-b30d-6b58d40bd077,712020:cc420b1e-75ad-4809-a429-2b255ac56337,,,,,,,,,,,,,,,,,,,,,,,,,,,,,,,,,,,,,,,,ApprovalsCFValue{approvals=[]},,,,,,,,,,,,,,,,,,,,,,,,,,,,,,,,,,,,,,,,,,,,,,,,,,,{},,,,,,,,,,,,,,,,,,,,,,,,,,,,,,,,,,,,,,,,,,,,,,,,,,,,,,,,,,,,,,,,,,,,,,,,,,,,,,,,,,,,,,,,,,,,,,,,,0|i18pt7:,,,,,,,,,,,,,,,,,,,,,,,,,,,,,,,,,,,,,,,,,,,AMSQUAD Sprint 26.12 7/22-8/04,,,,,2,,,,,,,,,,,,,,,,,,,,,,,,,,,,,,,47:46.1,10415_*:*_1_*:*_5873870_*|*_10409_*:*_1_*:*_1948677_*|*_10000_*:*_1_*:*_79183603_*|*_11552_*:*_1_*:*_0,"24/Jul/26 8:47 AM;557058:f58131cb-b67d-43c7-b30d-6b58d40bd077;Sub-task QA-1452 was updated:
  • Status: Done
  ","24/Jul/26 8:47 AM;557058:f58131cb-b67d-43c7-b30d-6b58d40bd077;Sub-task QA-1453 was updated:
  • Status: Done
  ","24/Jul/26 8:48 AM;557058:f58131cb-b67d-43c7-b30d-6b58d40bd077;Sub-task QA-1456 was updated:
  • Status: Done
  ","24/Jul/26 8:48 AM;557058:f58131cb-b67d-43c7-b30d-6b58d40bd077;Sub-task QA-1454 was updated:
  • Status: Done
  ","24/Jul/26 8:48 AM;557058:f58131cb-b67d-43c7-b30d-6b58d40bd077;Sub-task QA-1455 was updated:
  • Status: Done
  ",,,,,,,,,,,,,,,,,,,,,,,,,,,,,,320810,QA-796,Unite MSC Test Automation,Done,7/27/2026 8:59
[UNITE-MSC][Mobile1] - POST - mobile member devices - deviceUuid,QA-1447,347987,Story,Done,QA,QA Automation,software,Timothy Kaufman,6418909f67102fc717c0b0d8,"{quote}Automation & Performance Testing Center of Excellence 


Tracks test strategy, execution, CI results, risk mitigation, and engineering dashboards.  


Project lead: Swapnil Patil (Functional) | Timothy Kaufman (JIRA Admin){quote}",https://confluence.ascensus.com/pages/viewpage.action?pageId=315559619,Low,Done,Sunil Godiyal,712020:cc420b1e-75ad-4809-a429-2b255ac56337,Sunil Godiyal,712020:cc420b1e-75ad-4809-a429-2b255ac56337,Sunil Godiyal,712020:cc420b1e-75ad-4809-a429-2b255ac56337,7/23/2026 8:37,7/27/2026 12:04,,7/27/2026 12:03,,AMSQUAD Sprint 26.12,7/27/2026 0:00,0,unite-msc,,,,,,"Add automated coverage for the Mobile 1 (MSC / BFF) API:

{noformat}POST {{baseUrl}}/{{apiApp}}/{{apiVer}}/mobilememberdevices/{{deviceUuid}}{noformat}

*Resolved path (Mobile 1):*

{noformat}POST /mobile1api/v1/mobilememberdevices/{deviceUuid}{noformat}

||Item||Detail||
|*Method*|POST|
|*Base URL*|{{mobile-authentication-uri}} (e.g. {{https://unite-bff-wtn.qc4.unite529.com}})|
|*apiApp*|{{mobile1api}}|
|*apiVer*|{{v1}}|
|*Path param*|{{deviceUuid}} — unique device identifier|
|*Auth*|Mobile 1 member session ({{POST /mobile1api/v1/mobilemembersession}}) via {{MobileBaseRequestTest}}|
|*Stream*|{{MOBILE_TYPE.MOBILE1}}|
|*Project*|{{api-test-automation/mobile/mobile1}}|
|*Reference*|Postman {{MSC-Mobile-app.postman_collection.json}}|

h3. Business Value

* Validates device registration contract for Mobile 1 flows
* Extends Mobile 1 automation coverage for device management endpoints
* Enables CI regression for device registration API after releases",,Automation for Jira,Sunil Godiyal,,557058:f58131cb-b67d-43c7-b30d-6b58d40bd077,712020:cc420b1e-75ad-4809-a429-2b255ac56337,,,,,,,,,,,,,,,,,,,,,,,,,,,,,,,,,,,,,,,,ApprovalsCFValue{approvals=[]},,,,,,,,,,,,,,,,,,,,,,,,,,,,,,,,,,,,,,,,,,,,,,,,,,,{},,,,,,,,,,,,,,,,,,,,,,,,,,,,,,,,,,,,,,,,,,,,,,,,,,,,,,,,,,,,,,,,,,,,,,,,,,,,,,,,,,,,,,,,,,,,,,,,,0|i18pt8:,,,,,,,,,,,,,,,,,,,,,,,,,,,,,,,,,,,,,,,,,,,AMSQUAD Sprint 26.12 7/22-8/04,,,7/27/2026 0:00,,2,,,,,,,,,,,,,,,,,,,,,,,,,,,,,,,00:26.9,10415_*:*_1_*:*_256976686_*|*_3_*:*_1_*:*_0_*|*_10409_*:*_1_*:*_1934610_*|*_10000_*:*_1_*:*_88009947,"27/Jul/26 9:00 AM;557058:f58131cb-b67d-43c7-b30d-6b58d40bd077;Sub-task QA-1457 was updated:
  • Status: In Progress
  ","27/Jul/26 9:00 AM;557058:f58131cb-b67d-43c7-b30d-6b58d40bd077;Sub-task QA-1458 was updated:
  • Status: In Progress
  ","27/Jul/26 9:00 AM;557058:f58131cb-b67d-43c7-b30d-6b58d40bd077;Sub-task QA-1459 was updated:
  • Status: In Progress
  ","27/Jul/26 9:00 AM;557058:f58131cb-b67d-43c7-b30d-6b58d40bd077;Sub-task QA-1460 was updated:
  • Status: In Progress
  ","27/Jul/26 9:00 AM;557058:f58131cb-b67d-43c7-b30d-6b58d40bd077;Sub-task QA-1461 was updated:
  • Status: In Progress
  ","27/Jul/26 12:03 PM;557058:f58131cb-b67d-43c7-b30d-6b58d40bd077;Sub-task QA-1457 was updated:
  • Status: Done
  ","27/Jul/26 12:04 PM;557058:f58131cb-b67d-43c7-b30d-6b58d40bd077;Sub-task QA-1458 was updated:
  • Status: Done
  ","27/Jul/26 12:04 PM;557058:f58131cb-b67d-43c7-b30d-6b58d40bd077;Sub-task QA-1459 was updated:
  • Status: Done
  ","27/Jul/26 12:04 PM;557058:f58131cb-b67d-43c7-b30d-6b58d40bd077;Sub-task QA-1460 was updated:
  • Status: Done
  ","27/Jul/26 12:04 PM;557058:f58131cb-b67d-43c7-b30d-6b58d40bd077;Sub-task QA-1461 was updated:
  • Status: Done
  ",,,,,,,,,,,,,,,,,,,,,,,,,320810,QA-796,Unite MSC Test Automation,Done,7/27/2026 12:03
[UNITE-MSC][Mobile1][API Automation] Automate POST requestPhoneNumberAuthentication Endpoint,QA-1433,347651,Story,Done,QA,QA Automation,software,Timothy Kaufman,6418909f67102fc717c0b0d8,"{quote}Automation & Performance Testing Center of Excellence 


Tracks test strategy, execution, CI results, risk mitigation, and engineering dashboards.  


Project lead: Swapnil Patil (Functional) | Timothy Kaufman (JIRA Admin){quote}",https://confluence.ascensus.com/pages/viewpage.action?pageId=315559619,Low,Done,Sunil Godiyal,712020:cc420b1e-75ad-4809-a429-2b255ac56337,Sunil Godiyal,712020:cc420b1e-75ad-4809-a429-2b255ac56337,Sunil Godiyal,712020:cc420b1e-75ad-4809-a429-2b255ac56337,7/22/2026 9:31,7/27/2026 11:52,,7/24/2026 7:05,,AMSQUAD Sprint 26.12,7/24/2026 0:00,0,QA-Board-View,Regression,unite-msc,,,,"Add automated coverage for the Mobile 1 (MSC / BFF) API:

{noformat}POST {{baseUrl}}/{{apiApp}}/{{apiVer}}/requestPhoneNumberAuthentication{noformat}

*Resolved path (Mobile 1):*

{noformat}POST /mobile1api/v1/requestPhoneNumberAuthentication{noformat}

||Item||Detail||
|*Method*|POST|
|*Base URL*|{{mobile-authentication-uri}} (e.g. {{https://unite-bff-wtn.qc4.unite529.com}})|
|*apiApp*|{{mobile1api}}|
|*apiVer*|{{v1}}|
|*Auth*|Mobile 1 member session ({{POST /mobile1api/v1/mobilemembersession}}) via {{MobileBaseRequestTest}}|
|*Stream*|{{MOBILE_TYPE.MOBILE1}}|
|*Project*|{{api-test-automation/mobile/mobile1}}|
|*Reference*|{{Mobile1AuthenticationTest}}, {{MobileBaseRequestTest}}, Postman {{MSC-Mobile-app.postman_collection.json}}|

h3. Business Value

* Validates phone number authentication request contract for Mobile 1 flows
* Extends Mobile 1 automation coverage for authentication endpoints
* Enables CI regression for phone number authentication API after releases",,Automation for Jira,Sunil Godiyal,,557058:f58131cb-b67d-43c7-b30d-6b58d40bd077,712020:cc420b1e-75ad-4809-a429-2b255ac56337,,,,,,,,,,,,,,,,,,,,,,,,,,,,,,,,,,,,,,,,ApprovalsCFValue{approvals=[]},,,,,,,,,,,,,,,,,,,,,,,,,,,,,,,,,,,,,,,,,,,,,,,,,,,{},,,,,,,,,,,,,,,,,,,,,,,,,,,,,,,,,,,,,,,,,,,,,,,,,,,,,,,,,,,,,,,,,,,,,,,,,,,,,,,,,,,,,,,,,,,,,,,,,0|i18pt6:,,,,,,,,,,,,,,,,,,,,,,,,,,,,,,,,,,,,,,,,,,,AMSQUAD Sprint 26.12 7/22-8/04,,,,,2,,,,,,,,,,,,,,,,,,,,,,,,,,,,,,,14:40.6,10415_*:*_1_*:*_80956349_*|*_10409_*:*_1_*:*_24965_*|*_10000_*:*_1_*:*_817575_*|*_11552_*:*_1_*:*_0,"23/Jul/26 8:14 AM;557058:f58131cb-b67d-43c7-b30d-6b58d40bd077;Sub-task QA-1434 was updated:
  • Status: In Progress
  ","23/Jul/26 8:14 AM;557058:f58131cb-b67d-43c7-b30d-6b58d40bd077;Sub-task QA-1436 was updated:
  • Status: In Progress
  ","23/Jul/26 8:15 AM;557058:f58131cb-b67d-43c7-b30d-6b58d40bd077;Sub-task QA-1438 was updated:
  • Status: In Progress
  ","24/Jul/26 7:05 AM;557058:f58131cb-b67d-43c7-b30d-6b58d40bd077;Sub-task QA-1434 was updated:
  • Status: Done
  ","24/Jul/26 7:05 AM;557058:f58131cb-b67d-43c7-b30d-6b58d40bd077;Sub-task QA-1435 was updated:
  • Status: Done
  ","24/Jul/26 7:05 AM;557058:f58131cb-b67d-43c7-b30d-6b58d40bd077;Sub-task QA-1436 was updated:
  • Status: Done
  ","24/Jul/26 7:05 AM;557058:f58131cb-b67d-43c7-b30d-6b58d40bd077;Sub-task QA-1437 was updated:
  • Status: Done
  ","24/Jul/26 7:06 AM;557058:f58131cb-b67d-43c7-b30d-6b58d40bd077;Sub-task QA-1438 was updated:
  • Status: Done
  ",,,,,,,,,,,,,,,,,,,,,,,,,,,320810,QA-796,Unite MSC Test Automation,Done,7/24/2026 7:05
[UNITE-MSC][Mobile1] Owner profile PUT — integration vertical slice with reversible field strategy (module only),QA-1400,345361,Story,Done,QA,QA Automation,software,Timothy Kaufman,6418909f67102fc717c0b0d8,"{quote}Automation & Performance Testing Center of Excellence 


Tracks test strategy, execution, CI results, risk mitigation, and engineering dashboards.  


Project lead: Swapnil Patil (Functional) | Timothy Kaufman (JIRA Admin){quote}",https://confluence.ascensus.com/pages/viewpage.action?pageId=315559619,Medium,Done,Sunil Godiyal,712020:cc420b1e-75ad-4809-a429-2b255ac56337,Sunil Godiyal,712020:cc420b1e-75ad-4809-a429-2b255ac56337,Sunil Godiyal,712020:cc420b1e-75ad-4809-a429-2b255ac56337,7/16/2026 8:27,7/21/2026 9:01,,7/21/2026 9:01,,AMSQUAD Sprint 26.11,7/21/2026 0:00,0,mobile1,mutating,owner,unite-msc,,,"

## User story
As a QA automation engineer, I want a PUT test for Mobile 1 owner profile with cleanup or reversible fields, so that owner updates are validated without leaving shared accounts in a bad state.

## Endpoint
| Method | Path |
|---|---|
| PUT | `/mobile1api/v1/mobileowner` |

## Risk
Updates shared account data. **Module suite preferred**; include in master only with documented cleanup.

## Technical approach

* PUT with automation-owned or reversible fields
* Optional GET owner read-back after PUT
* Restore original values in test teardown or exclude from master suite

## Dependencies

* C-01

## Acceptance criteria
1. Given automation-owned or reversible fields on QC4, when PUT `/mobile1api/v1/mobileowner` runs, then HTTP 200 is returned and response contract assertions pass.
2. Given a cleanup strategy is required, when GET owner runs after PUT, then account state is restored or the test is excluded from the master regression suite with documented reason.

## Reference

* Dinesh API Endpoints - Mobile1; legacy owner update features",,Automation for Jira,,,557058:f58131cb-b67d-43c7-b30d-6b58d40bd077,,,,,,,,,,,,,,,,,,,,,,,,,,,,,,,,,,,,,,,,,ApprovalsCFValue{approvals=[]},,,,,,,,,,,,,,,,,,,,,,,,,,,,,,,,,,,,,,,,,,,,,,,,,,,{},,,,,,,,,,,,,,,,,,,,,,,,,,,,,,,,,,,,,,,,,,,,,,,,,,,,,,,,,,,,,,,,,,,,,,,,,,,,,,,,,,,,,,,,,,,,,,,,,0|i18cfp:zx,,,,,,,,,,,,,,,,,,,,,,,,,,,,,,,,,,,,,,,,,,,AMSQUAD Sprint 26.11 7/08-7/21,,,7/20/2026 0:00,,3,,,,,,,,,,,,,,,,,,,,,,,,,,,,,,,55:24.4,10415_*:*_2_*:*_21981565_*|*_3_*:*_1_*:*_70968_*|*_10409_*:*_1_*:*_2213570_*|*_10000_*:*_1_*:*_330864785_*|*_10420_*:*_1_*:*_0,"20/Jul/26 11:55 AM;557058:f58131cb-b67d-43c7-b30d-6b58d40bd077;Sub-task QA-1414 was updated:
  • Status: Done
  ","20/Jul/26 11:56 AM;557058:f58131cb-b67d-43c7-b30d-6b58d40bd077;Sub-task QA-1417 was updated:
  • Status: Done
  ","20/Jul/26 11:56 AM;557058:f58131cb-b67d-43c7-b30d-6b58d40bd077;Sub-task QA-1415 was updated:
  • Status: Done
  ","20/Jul/26 11:56 AM;557058:f58131cb-b67d-43c7-b30d-6b58d40bd077;Sub-task QA-1416 was updated:
  • Status: Done
  ","20/Jul/26 11:57 AM;557058:f58131cb-b67d-43c7-b30d-6b58d40bd077;Sub-task QA-1418 was updated:
  • Status: Done
  ","20/Jul/26 11:58 AM;557058:f58131cb-b67d-43c7-b30d-6b58d40bd077;Sub-task QA-1419 was updated:
  • Status: Done
  ",,,,,,,,,,,,,,,,,,,,,,,,,,,,,320810,QA-796,Unite MSC Test Automation,Done,7/21/2026 9:01
[UNITE-MSC][Mobile1] Bank info routing lookup — discovery and integration vertical slice (read-only),QA-1399,345360,Story,Done,QA,QA Automation,software,Timothy Kaufman,6418909f67102fc717c0b0d8,"{quote}Automation & Performance Testing Center of Excellence 


Tracks test strategy, execution, CI results, risk mitigation, and engineering dashboards.  


Project lead: Swapnil Patil (Functional) | Timothy Kaufman (JIRA Admin){quote}",https://confluence.ascensus.com/pages/viewpage.action?pageId=315559619,Medium,Done,Sunil Godiyal,712020:cc420b1e-75ad-4809-a429-2b255ac56337,Sunil Godiyal,712020:cc420b1e-75ad-4809-a429-2b255ac56337,Sunil Godiyal,712020:cc420b1e-75ad-4809-a429-2b255ac56337,7/16/2026 8:24,7/17/2026 10:46,,7/17/2026 10:45,,AMSQUAD Sprint 26.11,7/17/2026 0:00,0,bank,mobile1,read-only,unite-msc,,,"h2. Issue details

* *Issue type:* Story
* *Priority:* P2
* *Story points:* 3
* *Sprint:* 26.13
* *Labels:* `unite-msc`, `mobile1`, `bank`, `read-only`
* *Component:* QA Automation

h2. User story

As a QA automation engineer, I want an automated GET test for bank information by routing number, so that read-only bank lookup is validated and safe for master regression.

h2. Endpoint

||*Method*||*Path*||
|GET|/mobile1api/v1/mobilebankinfobyroutingnum/{routingNum}|

h2. Risk

Read-only — safe for master regression (no shared data mutation).

h2. Technical approach

* Known routing number fixture for QC4 (align with Postman / Dinesh inventory)
* L3 POJO assertions on bank info fields (name, routing number, etc.)
* OKD + NMD suite blocks where applicable

h2. Dependencies

* C-01 (shared auth patterns)

h2. Acceptance criteria

# Given a known routing number fixture on QC4, when GET /mobile1api/v1/mobilebankinfobyroutingnum/{routingNum} runs, then HTTP 200 is returned and bank info fields match stable L3 assertions.

h2. Reference

* Postman Mobile 1 collections; Dinesh API Endpoints - Mobile1
* Related Mobile 2 banks work: mobile2.banks.MobileBanksRequestTest (separate API surface)",,Automation for Jira,,,557058:f58131cb-b67d-43c7-b30d-6b58d40bd077,,,,,,,,,,,,,,,,,,,,,,,,,,,,,,,,,,,,,,,,,ApprovalsCFValue{approvals=[]},,,,,,,,,,,,,,,,,,,,,,,,,,,,,,,,,,,,,,,,,,,,,,,,,,,{},,,,,,,,,,,,,,,,,,,,,,,,,,,,,,,,,,,,,,,,,,,,,,,,,,,,,,,,,,,,,,,,,,,,,,,,,,,,,,,,,,,,,,,,,,,,,,,,,0|i18cfp:w,,,,,,,,,,,,,,,,,,,,,,,,,,,,,,,,,,,,,,,,,,,AMSQUAD Sprint 26.11 7/08-7/21,,,7/17/2026 0:00,,2,,,,,,,,,4821708b-58a1-45f9-93f1-fe52c0da32a7,QA Automation,,,,,,,,,,,,,,,,,,,,,45:25.8,10415_*:*_1_*:*_90623_*|*_3_*:*_1_*:*_0_*|*_10409_*:*_1_*:*_824_*|*_10000_*:*_1_*:*_91769030,"17/Jul/26 10:45 AM;557058:f58131cb-b67d-43c7-b30d-6b58d40bd077;Sub-task QA-1406 was updated:
  • Status: Done
  ","17/Jul/26 10:45 AM;557058:f58131cb-b67d-43c7-b30d-6b58d40bd077;Sub-task QA-1407 was updated:
  • Status: Done
  ","17/Jul/26 10:45 AM;557058:f58131cb-b67d-43c7-b30d-6b58d40bd077;Sub-task QA-1408 was updated:
  • Status: Done
  ","17/Jul/26 10:46 AM;557058:f58131cb-b67d-43c7-b30d-6b58d40bd077;Sub-task QA-1409 was updated:
  • Status: Done
  ","17/Jul/26 10:46 AM;557058:f58131cb-b67d-43c7-b30d-6b58d40bd077;Sub-task QA-1410 was updated:
  • Status: Done
  ",,,,,,,,,,,,,,,,,,,,,,,,,,,,,,320810,QA-796,Unite MSC Test Automation,Done,7/17/2026 10:45
[UNITE-MSC][Mobile2] Banks GET - mobile banks by ID (OKD + NMD),QA-1386,345035,Story,Done,QA,QA Automation,software,Timothy Kaufman,6418909f67102fc717c0b0d8,"{quote}Automation & Performance Testing Center of Excellence 


Tracks test strategy, execution, CI results, risk mitigation, and engineering dashboards.  


Project lead: Swapnil Patil (Functional) | Timothy Kaufman (JIRA Admin){quote}",https://confluence.ascensus.com/pages/viewpage.action?pageId=315559619,Medium,Done,Sunil Godiyal,712020:cc420b1e-75ad-4809-a429-2b255ac56337,Sunil Godiyal,712020:cc420b1e-75ad-4809-a429-2b255ac56337,Sunil Godiyal,712020:cc420b1e-75ad-4809-a429-2b255ac56337,7/15/2026 6:44,7/17/2026 9:53,,7/17/2026 9:53,,AMSQUAD Sprint 26.11,7/17/2026 0:00,0,QA-Board-View,Regression,unite-msc,,,,"[UNITE-MSC][Mobile2] Banks POST - planId, GET - DomesticBanks filter (OKD + NMD) — integration vertical slice (QC4 deployment gate)

*Acceptance criteria:*

* ≥1 integration-tagged scenario passes QC4 ({{-Pmobile-ms-integration}})
* Extent report generated under {{target/mobile-ms-report/}}
* No hardcoded secrets; uses shared auth profile
* MR merged with Swapnil review",,Automation for Jira,Sunil Godiyal,,557058:f58131cb-b67d-43c7-b30d-6b58d40bd077,712020:cc420b1e-75ad-4809-a429-2b255ac56337,,,,,,,,,,,,,,,,,,,,,,,,,,,,,,,,,,,,,,,,ApprovalsCFValue{approvals=[]},,,,,,,,,,,,,,,,,,,,,,,,,,,,,,,,,,,,,,,,,,,,,,,,,,,{},,,,,,,,,,,,,,,,,,,,,,,,,,,,,,,,,,,,,,,,,,,,,,,,,,,,,,,,,,,,,,,,,,,,,,,,,,,,,,,,,,,,,,,,,,,,,,,,,0|i18cfo:zr,,,,,,,,,,,,,,,,,,,,,,,,,,,,,,,,,,,,,,,,,,,AMSQUAD Sprint 26.11 7/08-7/21,,,,,5,,,,,,,,,,,,,,,,,,,,,,,,,,,,,,,20:08.6,10415_*:*_1_*:*_80243424_*|*_10409_*:*_1_*:*_13385_*|*_10000_*:*_1_*:*_139418_*|*_11552_*:*_1_*:*_0,"15/Jul/26 10:20 AM;557058:f58131cb-b67d-43c7-b30d-6b58d40bd077;Sub-task QA-1387 was updated:
  • Status: In Progress
  ","15/Jul/26 10:20 AM;557058:f58131cb-b67d-43c7-b30d-6b58d40bd077;Sub-task QA-1388 was updated:
  • Status: In Progress
  ","15/Jul/26 10:21 AM;557058:f58131cb-b67d-43c7-b30d-6b58d40bd077;Sub-task QA-1391 was updated:
  • Status: In Progress
  ","15/Jul/26 10:21 AM;557058:f58131cb-b67d-43c7-b30d-6b58d40bd077;Sub-task QA-1389 was updated:
  • Status: In Progress
  ","15/Jul/26 10:21 AM;557058:f58131cb-b67d-43c7-b30d-6b58d40bd077;Sub-task QA-1392 was updated:
  • Status: In Progress
  ","15/Jul/26 10:22 AM;557058:f58131cb-b67d-43c7-b30d-6b58d40bd077;Sub-task QA-1390 was updated:
  • Status: In Progress
  ","16/Jul/26 5:05 AM;557058:f58131cb-b67d-43c7-b30d-6b58d40bd077;Sub-task QA-1387 was updated:
  • Status: Done
  ","16/Jul/26 5:05 AM;557058:f58131cb-b67d-43c7-b30d-6b58d40bd077;Sub-task QA-1388 was updated:
  • Status: Done
  ","16/Jul/26 5:06 AM;557058:f58131cb-b67d-43c7-b30d-6b58d40bd077;Sub-task QA-1391 was updated:
  • Status: Done
  ","16/Jul/26 5:06 AM;557058:f58131cb-b67d-43c7-b30d-6b58d40bd077;Sub-task QA-1389 was updated:
  • Status: Done
  ","16/Jul/26 5:06 AM;557058:f58131cb-b67d-43c7-b30d-6b58d40bd077;Sub-task QA-1392 was updated:
  • Status: Done
  ","16/Jul/26 5:06 AM;557058:f58131cb-b67d-43c7-b30d-6b58d40bd077;Sub-task QA-1390 was updated:
  • Status: Done
  ",,,,,,,,,,,,,,,,,,,,,,,320810,QA-796,Unite MSC Test Automation,Done,7/17/2026 9:53
"[UNITE-MSC][Mobile2] Banks GET-by-id, PUT/DELETE banks — discovery and integration vertical slice (OKD + NMD)",QA-1310,343064,Story,Done,QA,QA Automation,software,Timothy Kaufman,6418909f67102fc717c0b0d8,"{quote}Automation & Performance Testing Center of Excellence 


Tracks test strategy, execution, CI results, risk mitigation, and engineering dashboards.  


Project lead: Swapnil Patil (Functional) | Timothy Kaufman (JIRA Admin){quote}",https://confluence.ascensus.com/pages/viewpage.action?pageId=315559619,Low,Done,Sunil Godiyal,712020:cc420b1e-75ad-4809-a429-2b255ac56337,Swapnil Patil,6357f972fc0cc7a600ae8914,Swapnil Patil,6357f972fc0cc7a600ae8914,7/8/2026 11:28,7/15/2026 8:51,,7/15/2026 8:50,,AMSQUAD Sprint 26.11,7/15/2026 0:00,0,QA-Board-View,Regression,unite-msc,,,,"*Current state:* Postman + Dinesh document GET by id; canonical has list GET and POST only ({{MobileBanksRequestTest}}).

*In scope:* 

* New test method or class; POJO mapping; L3 assertions; module + master wiring; OKD + NMD.
* PUT/DELETE banks; SQL reconciliation.

*Acceptance criteria:*

* Given an eligible automation account with at least one bank, when GET {{/mobile2api/v1/mobilebanks/{id}}} is called with a valid bank id from GET list, then response is 200 and bank fields match contract assertions.
* Given test is implemented, when master regression runs on QC4, then GET-by-id is included for OKD and NMD.

*Evidence:* Dinesh {{API Endpoints - Mobile2}} row Banks GET-by-id; Postman {{GET mobilebanks/{id}}}.",,Automation for Jira,Swapnil Patil,,557058:f58131cb-b67d-43c7-b30d-6b58d40bd077,6357f972fc0cc7a600ae8914,,,,,,,,,,,,,,,,,,,,,,,,,,,,,,,,,,,,,,,,ApprovalsCFValue{approvals=[]},,,,,,,,,,,,,,,,,,,,,,,,,,,,,,,,,,,,,,,,,,,,,,,,,,,{},,,,,,,,,,,,,,,,,,,,,,,,,,,,,,,,,,,,,,,,,,,,,,,,,,,,,,,,,,,,,,,,,,,,,,,,,,,,,,,,,,,,,,,,,,,,,,,,,0|i18cfo:,,,,,,,,,,,,,,,,,,,,,,,,,,,,,,,,,,,,,,,,,,,AMSQUAD Sprint 26.11 7/08-7/21,,,7/15/2026 0:00,,3,,,,,,,,,,,,,,,,,,,,,,,,,,,,,,,56:06.7,10415_*:*_1_*:*_520799620_*|*_3_*:*_1_*:*_0_*|*_10409_*:*_1_*:*_816_*|*_10000_*:*_1_*:*_73282233,"10/Jul/26 8:56 AM;557058:f58131cb-b67d-43c7-b30d-6b58d40bd077;Sub-task QA-1330 was updated:
  • Status: In Progress
  ","15/Jul/26 8:49 AM;557058:f58131cb-b67d-43c7-b30d-6b58d40bd077;Sub-task QA-1329 was updated:
  • Status: Done
  ","15/Jul/26 8:49 AM;557058:f58131cb-b67d-43c7-b30d-6b58d40bd077;Sub-task QA-1331 was updated:
  • Status: Done
  ","15/Jul/26 8:49 AM;557058:f58131cb-b67d-43c7-b30d-6b58d40bd077;Sub-task QA-1332 was updated:
  • Status: Done
  ","15/Jul/26 8:50 AM;557058:f58131cb-b67d-43c7-b30d-6b58d40bd077;Sub-task QA-1333 was updated:
  • Status: Done
  ","15/Jul/26 8:50 AM;557058:f58131cb-b67d-43c7-b30d-6b58d40bd077;Sub-task QA-1334 was updated:
  • Status: Done
  ","15/Jul/26 8:51 AM;557058:f58131cb-b67d-43c7-b30d-6b58d40bd077;Sub-task QA-1330 was updated:
  • Status: Done
  ",,,,,,,,,,,,,,,,,,,,,,,,,,,,320810,QA-796,Unite MSC Test Automation,Done,7/15/2026 8:50
[UNITE-MSC][Mobile2][Spike] IDP login flow — NMD plan auth path and downstream endpoint reuse,QA-1276,341483,Spike,Done,QA,QA Automation,software,Timothy Kaufman,6418909f67102fc717c0b0d8,"{quote}Automation & Performance Testing Center of Excellence 


Tracks test strategy, execution, CI results, risk mitigation, and engineering dashboards.  


Project lead: Swapnil Patil (Functional) | Timothy Kaufman (JIRA Admin){quote}",https://confluence.ascensus.com/pages/viewpage.action?pageId=315559619,Low,Done,Sunil Godiyal,712020:cc420b1e-75ad-4809-a429-2b255ac56337,Swapnil Patil,6357f972fc0cc7a600ae8914,Swapnil Patil,6357f972fc0cc7a600ae8914,7/2/2026 9:37,7/8/2026 9:59,,7/8/2026 9:59,,AMSQUAD Sprint 26.10,7/8/2026 0:00,0,QA-Board-View,Regression,,,,,"*Problem (one line):* Mobile2 tests today use NON_IDP auth ({{okdirect}}). NMD and similar plans need IDP login. Mobile 1 already has the PKCE path in {{MobileBaseRequestTest}} — this spike proves it for Mobile2 so dashboard/activity tests can reuse the same JWT pattern.

*Goal:* Document the full IDP login sequence for NMD on QC4 → prove JWT → prove one Mobile2 GET (dashboard) → assess reuse for activity and other endpoints.

*Key references already in repo:*

* {{MobileBaseRequestTest.java}} — PKCE when {{idpEnabled: true}}
* {{MobileServerClient}} — {{/mobilemembersession}}, {{/idptokenexchange}}, {{/mobilememberidptoken}}
* {{user/qc4/nmdirect.json}} — NMD fixture ({{idpEnabled: true}}, not yet in suites)
* Postman: {{Mobile Endpoints (w- IDP Session).postman_collection.json}}

*AC (7 bullets):* Auth path doc → NMD IDP login on QC4 → one Mobile2 GET green → property/fixture checklist → reuse table → blockers in RAID → follow-up Story drafted",,Automation for Jira,Swapnil Patil,,557058:f58131cb-b67d-43c7-b30d-6b58d40bd077,6357f972fc0cc7a600ae8914,,,,,,,,,,,,,,,,,,,,,,,,,,,,,,,,,,,,,,,,ApprovalsCFValue{approvals=[]},,,,,,,,,,,,,,,,,,,,,,,,,,,,,,,,,,,,,,,,,,,,,,,,,,,{},,,,,,,,,,,,,,,,,,,,,,,,,,,,,,,,,,,,,,,,,,,,,,,,,,,,,,,,,,,,,,,,,,,,,,,,,,,,,,,,,,,,,,,,,,,,,,,,,0|i1861x:,,,,,,,,,,,,,,,,,,,,,,,,,,,,,,,,,,,,,,,,,,,AMSQUAD Sprint 26.10 6/24-7/07,,,,,2,,,,,,,,,4821708b-58a1-45f9-93f1-fe52c0da32a7,QA Automation,,,,,,,,,,,,,,,,,,,,,56:46.7,10415_*:*_1_*:*_88459942_*|*_3_*:*_1_*:*_0_*|*_10409_*:*_1_*:*_748_*|*_10000_*:*_1_*:*_343021973,"08/Jul/26 9:56 AM;557058:f58131cb-b67d-43c7-b30d-6b58d40bd077;Sub-task QA-1300 was updated:
  • Status: Done
  ","08/Jul/26 9:57 AM;557058:f58131cb-b67d-43c7-b30d-6b58d40bd077;Sub-task QA-1303 was updated:
  • Status: Done
  ","08/Jul/26 9:58 AM;557058:f58131cb-b67d-43c7-b30d-6b58d40bd077;Sub-task QA-1302 was updated:
  • Status: Done
  ","08/Jul/26 9:59 AM;557058:f58131cb-b67d-43c7-b30d-6b58d40bd077;Sub-task QA-1301 was updated:
  • Status: Done
  ","08/Jul/26 9:59 AM;557058:f58131cb-b67d-43c7-b30d-6b58d40bd077;Sub-task QA-1304 was updated:
  • Status: Done
  ",,,,,,,,,,,,,,,,,,,,,,,,,,,,,,320810,QA-796,Unite MSC Test Automation,Done,7/8/2026 9:59
[UNITE-MSC][Mobile2] Banks POST — integrate & E-E Testing of Banks Post call in QC4 for OKD plan,QA-1212,339117,Story,Done,QA,QA Automation,software,Timothy Kaufman,6418909f67102fc717c0b0d8,"{quote}Automation & Performance Testing Center of Excellence 


Tracks test strategy, execution, CI results, risk mitigation, and engineering dashboards.  


Project lead: Swapnil Patil (Functional) | Timothy Kaufman (JIRA Admin){quote}",https://confluence.ascensus.com/pages/viewpage.action?pageId=315559619,Medium,Done,Sunil Godiyal,712020:cc420b1e-75ad-4809-a429-2b255ac56337,Swapnil Patil,6357f972fc0cc7a600ae8914,Swapnil Patil,6357f972fc0cc7a600ae8914,6/23/2026 17:57,6/29/2026 7:19,,6/29/2026 7:19,,AMSQUAD Sprint 26.10,6/29/2026 0:00,0,QA-Board-View,Regression,unite-msc,,,,"[UNITE-MSC][Mobile2] Banks — integration vertical slice (POST baseline) (QC4 deployment gate)

*Acceptance criteria:*

* ≥1 integration-tagged scenario passes QC4 ({{-Pmobile-ms-integration}})
* Extent report generated under {{target/mobile-ms-report/}}
* No hardcoded secrets; uses shared auth profile
* MR merged with Swapnil review",,Automation for Jira,Swapnil Patil,,557058:f58131cb-b67d-43c7-b30d-6b58d40bd077,6357f972fc0cc7a600ae8914,,,,,,,,,,,,,,,,,,,,,,,,,,,,,,,QA Automation,,,,,,,,,ApprovalsCFValue{approvals=[]},,,,,,,,,,,,,,,,,,,,,,,,,,,,,,,,,,,,,,,,,,,,,,,,,,,{},,,,,,,,,,,,,,,,,,,,,,,,,,,,,,,,,,,,,,,,,,,,,,,,,,,,,,,,,,,,,,,,,,,,,,,,,,,,,,,,,,,,,,,,,,,,,,,,,0|i180g7:,,,,,,,,,,,,,,,,,,,,,,,,,,,,,,,,,,,,,,,,,,,AMSQUAD Sprint 26.10 6/24-7/07,,,6/26/2026 0:00,,1,,,,,,,,,4821708b-58a1-45f9-93f1-fe52c0da32a7,QA Automation,,,,,,,,,,,,,,,,,,,,,32:54.5,10415_*:*_1_*:*_169144463_*|*_3_*:*_1_*:*_0_*|*_10409_*:*_1_*:*_23468_*|*_10000_*:*_1_*:*_56153520,"26/Jun/26 8:32 AM;557058:f58131cb-b67d-43c7-b30d-6b58d40bd077;Sub-task QA-1213 was updated:
  • Status: In Progress
  ","26/Jun/26 8:33 AM;557058:f58131cb-b67d-43c7-b30d-6b58d40bd077;Sub-task QA-1214 was updated:
  • Status: In Progress
  ","26/Jun/26 8:33 AM;557058:f58131cb-b67d-43c7-b30d-6b58d40bd077;Sub-task QA-1215 was updated:
  • Status: In Progress
  ","26/Jun/26 8:33 AM;557058:f58131cb-b67d-43c7-b30d-6b58d40bd077;Sub-task QA-1216 was updated:
  • Status: In Progress
  ","29/Jun/26 7:19 AM;557058:f58131cb-b67d-43c7-b30d-6b58d40bd077;Sub-task QA-1213 was updated:
  • Status: Done
  ","29/Jun/26 7:19 AM;557058:f58131cb-b67d-43c7-b30d-6b58d40bd077;Sub-task QA-1214 was updated:
  • Status: Done
  ","29/Jun/26 7:19 AM;557058:f58131cb-b67d-43c7-b30d-6b58d40bd077;Sub-task QA-1215 was updated:
  • Status: Done
  ","29/Jun/26 7:19 AM;557058:f58131cb-b67d-43c7-b30d-6b58d40bd077;Sub-task QA-1216 was updated:
  • Status: Done
  ",,,,,,,,,,,,,,,,,,,,,,,,,,,320810,QA-796,Unite MSC Test Automation,Done,6/29/2026 7:19
[UNITE-MSC][Mobile2] Banks — integration vertical slice (POST baseline) and QC4 gate,QA-1164,338113,Story,Done,QA,QA Automation,software,Timothy Kaufman,6418909f67102fc717c0b0d8,"{quote}Automation & Performance Testing Center of Excellence 


Tracks test strategy, execution, CI results, risk mitigation, and engineering dashboards.  


Project lead: Swapnil Patil (Functional) | Timothy Kaufman (JIRA Admin){quote}",https://confluence.ascensus.com/pages/viewpage.action?pageId=315559619,Medium,Done,Sunil Godiyal,712020:cc420b1e-75ad-4809-a429-2b255ac56337,Sunil Godiyal,712020:cc420b1e-75ad-4809-a429-2b255ac56337,Sunil Godiyal,712020:cc420b1e-75ad-4809-a429-2b255ac56337,6/18/2026 12:16,6/24/2026 9:33,,6/24/2026 9:08,,AMSQUAD Sprint 26.09,6/23/2026 0:00,0,QA-Board-View,Regression,unite-msc,,,,"[UNITE-MSC][Mobile2] Banks — integration vertical slice (POST baseline) (QC4 deployment gate)

*Acceptance criteria:*

* ≥1 integration-tagged scenario passes QC4 ({{-Pmobile-ms-integration}})
* Extent report generated under {{target/mobile-ms-report/}}
* No hardcoded secrets; uses shared auth profile
* MR merged with Swapnil review",,Automation for Jira,Sunil Godiyal,,557058:f58131cb-b67d-43c7-b30d-6b58d40bd077,712020:cc420b1e-75ad-4809-a429-2b255ac56337,,,,,,,,,,,,,,,,,,,,,,,,,,,,,,,QA Automation,,,,,,,,,ApprovalsCFValue{approvals=[]},,,,,,,,,,,,,,,,,,,,,,,,,,,,,,,,,,,,,,,,,,,,,,,,,,,{},,,,,,,,,,,,,,,,,,,,,,,,,,,,,,,,,,,,,,,,,,,,,,,,,,,,,,,,,,,,,,,,,,,,,,,,,,,,,,,,,,,,,,,,,,,,,,,,,0|i16z95:fi,,,,,,,,,,,,,,,,,,,,,,,,,,,,,,,,,,,,,,,,,,,AMSQUAD Sprint 26.09 6/10-6/23,AMSQUAD Sprint 26.10 6/24-7/07,,6/22/2026 0:00,,3,,,,,,,,,4821708b-58a1-45f9-93f1-fe52c0da32a7,QA Automation,,,,,,,,,,,,,,,,,,,,,48:57.5,10415_*:*_2_*:*_334084024_*|*_3_*:*_3_*:*_118296119_*|*_10409_*:*_1_*:*_34832_*|*_10000_*:*_2_*:*_79655_*|*_10001_*:*_1_*:*_54396558,"22/Jun/26 8:48 AM;557058:f58131cb-b67d-43c7-b30d-6b58d40bd077;Sub-task QA-1165 was updated:
  • Status: In Progress
  ","22/Jun/26 8:49 AM;557058:f58131cb-b67d-43c7-b30d-6b58d40bd077;Sub-task QA-1166 was updated:
  • Status: In Progress
  ","22/Jun/26 8:49 AM;557058:f58131cb-b67d-43c7-b30d-6b58d40bd077;Sub-task QA-1167 was updated:
  • Status: In Progress
  ","22/Jun/26 8:49 AM;557058:f58131cb-b67d-43c7-b30d-6b58d40bd077;Sub-task QA-1168 was updated:
  • Status: In Progress
  ","22/Jun/26 8:49 AM;557058:f58131cb-b67d-43c7-b30d-6b58d40bd077;Sub-task QA-1169 was updated:
  • Status: In Progress
  ",23/Jun/26 3:55 AM;712020:cc420b1e-75ad-4809-a429-2b255ac56337;End point is giving 500 error. I am facing this since last night. Still its not working. Blocker for me to complete it,"23/Jun/26 10:17 AM;557058:f58131cb-b67d-43c7-b30d-6b58d40bd077;Sub-task QA-1165 was updated:
  • Status: Done
  ","23/Jun/26 10:22 AM;557058:f58131cb-b67d-43c7-b30d-6b58d40bd077;Sub-task QA-1166 was updated:
  • Status: Done
  ","23/Jun/26 10:23 AM;557058:f58131cb-b67d-43c7-b30d-6b58d40bd077;Sub-task QA-1169 was updated:
  • Status: Done
  ","23/Jun/26 10:23 AM;557058:f58131cb-b67d-43c7-b30d-6b58d40bd077;Sub-task QA-1168 was updated:
  • Status: Done
  ","23/Jun/26 5:57 PM;557058:f58131cb-b67d-43c7-b30d-6b58d40bd077;Sub-task QA-1167 was updated:
  • Status: Done
  ","24/Jun/26 9:05 AM;557058:f58131cb-b67d-43c7-b30d-6b58d40bd077;Sub-task QA-1167 was updated:
  • Status: In Progress
  ","24/Jun/26 9:09 AM;557058:f58131cb-b67d-43c7-b30d-6b58d40bd077;Sub-task QA-1167 was updated:
  • Status: Done
  ",,,,,,,,,,,,,,,,,,,,,,320810,QA-796,Unite MSC Test Automation,Done,6/24/2026 9:08
[UNITE-MSC][Mobile2] Investment — discovery and integration vertical slice,QA-1070,336188,Story,Done,QA,QA Automation,software,Timothy Kaufman,6418909f67102fc717c0b0d8,"{quote}Automation & Performance Testing Center of Excellence 


Tracks test strategy, execution, CI results, risk mitigation, and engineering dashboards.  


Project lead: Swapnil Patil (Functional) | Timothy Kaufman (JIRA Admin){quote}",https://confluence.ascensus.com/pages/viewpage.action?pageId=315559619,Medium,Done,Sunil Godiyal,712020:cc420b1e-75ad-4809-a429-2b255ac56337,Swapnil Patil,6357f972fc0cc7a600ae8914,Swapnil Patil,6357f972fc0cc7a600ae8914,6/10/2026 11:29,7/1/2026 8:26,,7/1/2026 8:26,,AMSQUAD Sprint 26.10,7/1/2026 0:00,0,QA-Board-View,Regression,unite-msc,,,," [UNITE-MSC][Mobile2] ****** — discovery spike and legacy coverage matrix

*Acceptance criteria:*

* Legacy repo + Postman evidence inventoried
* Coverage matrix: migrate / exclude / park with Dev sign-off
* Postman vs framework comparison notes for ≥1 happy path",,Automation for Jira,Swapnil Patil,,557058:f58131cb-b67d-43c7-b30d-6b58d40bd077,6357f972fc0cc7a600ae8914,,,,,,,,,,,,,,,,,,,,,,,,,,,,,,,QA Automation,,,,,,,,,ApprovalsCFValue{approvals=[]},,,,,,,,,,,,,,,,,,,,,,,,,,,,,,,,,,,,,,,,,,,,,,,,,,,{},,,,,,,,,,,,,,,,,,,,,,,,,,,,,,,,,,,,,,,,,,,,,,,,,,,,,,,,,,,,,,,,,,,,,,,,,,,,,,,,,,,,,,,,,,,,,,,,,0|i180gc:wr,,,,,,,,,,,,,,,,,,,,,,,,,,,,,,,,,,,,,,,,,,,AMSQUAD Sprint 26.10 6/24-7/07,,,6/30/2026 0:00,,3,,,,,,,,,4821708b-58a1-45f9-93f1-fe52c0da32a7,QA Automation,,,,,,,,,,,,,,,,,,,,,01:19.2,10415_*:*_1_*:*_341916671_*|*_3_*:*_1_*:*_87824631_*|*_10409_*:*_1_*:*_17116318_*|*_10000_*:*_1_*:*_1356465319_*|*_11552_*:*_1_*:*_0,"30/Jun/26 8:01 AM;557058:f58131cb-b67d-43c7-b30d-6b58d40bd077;Sub-task QA-1253 was updated:
  • Status: In Progress
  ","30/Jun/26 8:01 AM;557058:f58131cb-b67d-43c7-b30d-6b58d40bd077;Sub-task QA-1252 was updated:
  • Status: Done
  ","30/Jun/26 8:01 AM;557058:f58131cb-b67d-43c7-b30d-6b58d40bd077;Sub-task QA-1251 was updated:
  • Status: Done
  ","01/Jul/26 8:25 AM;557058:f58131cb-b67d-43c7-b30d-6b58d40bd077;Sub-task QA-1253 was updated:
  • Status: Done
  ",,,,,,,,,,,,,,,,,,,,,,,,,,,,,,,320810,QA-796,Unite MSC Test Automation,Done,7/1/2026 8:26
[UNITE-MSC][Mobile2] Transaction History — discovery and integration vertical slice,QA-1068,336186,Story,Done,QA,QA Automation,software,Timothy Kaufman,6418909f67102fc717c0b0d8,"{quote}Automation & Performance Testing Center of Excellence 


Tracks test strategy, execution, CI results, risk mitigation, and engineering dashboards.  


Project lead: Swapnil Patil (Functional) | Timothy Kaufman (JIRA Admin){quote}",https://confluence.ascensus.com/pages/viewpage.action?pageId=315559619,Medium,Done,Sunil Godiyal,712020:cc420b1e-75ad-4809-a429-2b255ac56337,Swapnil Patil,6357f972fc0cc7a600ae8914,Swapnil Patil,6357f972fc0cc7a600ae8914,6/10/2026 11:29,7/2/2026 6:22,,7/2/2026 6:21,,AMSQUAD Sprint 26.10,7/2/2026 0:00,0,QA-Board-View,Regression,unite-msc,,,," [UNITE-MSC][Mobile2] ****** — discovery spike and legacy coverage matrix

*Acceptance criteria:*

* Legacy repo + Postman evidence inventoried
* Coverage matrix: migrate / exclude / park with Dev sign-off
* Postman vs framework comparison notes for ≥1 happy path",,Automation for Jira,Swapnil Patil,,557058:f58131cb-b67d-43c7-b30d-6b58d40bd077,6357f972fc0cc7a600ae8914,,,,,,,,,,,,,,,,,,,,,,,,,,,,,,,QA Automation,,,,,,,,,ApprovalsCFValue{approvals=[]},,,,,,,,,,,,,,,,,,,,,,,,,,,,,,,,,,,,,,,,,,,,,,,,,,,{},,,,,,,,,,,,,,,,,,,,,,,,,,,,,,,,,,,,,,,,,,,,,,,,,,,,,,,,,,,,,,,,,,,,,,,,,,,,,,,,,,,,,,,,,,,,,,,,,0|i180gc:wv,,,,,,,,,,,,,,,,,,,,,,,,,,,,,,,,,,,,,,,,,,,AMSQUAD Sprint 26.10 6/24-7/07,,,7/1/2026 0:00,,3,,,,,,,,,4821708b-58a1-45f9-93f1-fe52c0da32a7,QA Automation,,,,,,,,,,,,,,,,,,,,,28:30.8,10415_*:*_1_*:*_89305240_*|*_3_*:*_1_*:*_0_*|*_10409_*:*_1_*:*_17143673_*|*_10000_*:*_1_*:*_1699336370,"01/Jul/26 8:28 AM;557058:f58131cb-b67d-43c7-b30d-6b58d40bd077;Sub-task QA-1257 was updated:
  • Status: In Progress
  ","01/Jul/26 8:28 AM;557058:f58131cb-b67d-43c7-b30d-6b58d40bd077;Sub-task QA-1258 was updated:
  • Status: In Progress
  ","01/Jul/26 8:28 AM;557058:f58131cb-b67d-43c7-b30d-6b58d40bd077;Sub-task QA-1261 was updated:
  • Status: In Progress
  ","02/Jul/26 6:21 AM;557058:f58131cb-b67d-43c7-b30d-6b58d40bd077;Sub-task QA-1257 was updated:
  • Status: Done
  ","02/Jul/26 6:21 AM;557058:f58131cb-b67d-43c7-b30d-6b58d40bd077;Sub-task QA-1258 was updated:
  • Status: Done
  ","02/Jul/26 6:21 AM;557058:f58131cb-b67d-43c7-b30d-6b58d40bd077;Sub-task QA-1259 was updated:
  • Status: Done
  ","02/Jul/26 6:22 AM;557058:f58131cb-b67d-43c7-b30d-6b58d40bd077;Sub-task QA-1260 was updated:
  • Status: Done
  ","02/Jul/26 6:22 AM;557058:f58131cb-b67d-43c7-b30d-6b58d40bd077;Sub-task QA-1261 was updated:
  • Status: Done
  ",,,,,,,,,,,,,,,,,,,,,,,,,,,320810,QA-796,Unite MSC Test Automation,Done,7/2/2026 6:21
[UNITE-MSC][Mobile2] Mobile Stackup — discovery and integration vertical slice,QA-1067,336185,Story,Done,QA,QA Automation,software,Timothy Kaufman,6418909f67102fc717c0b0d8,"{quote}Automation & Performance Testing Center of Excellence 


Tracks test strategy, execution, CI results, risk mitigation, and engineering dashboards.  


Project lead: Swapnil Patil (Functional) | Timothy Kaufman (JIRA Admin){quote}",https://confluence.ascensus.com/pages/viewpage.action?pageId=315559619,Medium,Done,Sunil Godiyal,712020:cc420b1e-75ad-4809-a429-2b255ac56337,Swapnil Patil,6357f972fc0cc7a600ae8914,Swapnil Patil,6357f972fc0cc7a600ae8914,6/10/2026 11:29,7/6/2026 8:53,,7/6/2026 8:53,,AMSQUAD Sprint 26.10,7/6/2026 0:00,0,QA-Board-View,Regression,unite-msc,,,," [UNITE-MSC][Mobile2] ****** — discovery spike and legacy coverage matrix

*Acceptance criteria:*

* Legacy repo + Postman evidence inventoried
* Coverage matrix: migrate / exclude / park with Dev sign-off
* Postman vs framework comparison notes for ≥1 happy path",,Automation for Jira,Swapnil Patil,,557058:f58131cb-b67d-43c7-b30d-6b58d40bd077,6357f972fc0cc7a600ae8914,,,,,,,,,,,,,,,,,,,,,,,,,,,,,,,QA Automation,,,,,,,,,ApprovalsCFValue{approvals=[]},,,,,,,,,,,,,,,,,,,,,,,,,,,,,,,,,,,,,,,,,,,,,,,,,,,{},,,,,,,,,,,,,,,,,,,,,,,,,,,,,,,,,,,,,,,,,,,,,,,,,,,,,,,,,,,,,,,,,,,,,,,,,,,,,,,,,,,,,,,,,,,,,,,,,0|i180gc:x,,,,,,,,,,,,,,,,,,,,,,,,,,,,,,,,,,,,,,,,,,,AMSQUAD Sprint 26.10 6/24-7/07,,,,,3,,,,,,,,,4821708b-58a1-45f9-93f1-fe52c0da32a7,QA Automation,,,,,,,,,,,,,,,,,,,,,23:02.3,10415_*:*_1_*:*_7945906_*|*_10409_*:*_1_*:*_17160503_*|*_10000_*:*_1_*:*_1865279740_*|*_11552_*:*_1_*:*_0,"02/Jul/26 6:23 AM;557058:f58131cb-b67d-43c7-b30d-6b58d40bd077;Sub-task QA-1262 was updated:
  • Status: In Progress
  ","02/Jul/26 6:23 AM;557058:f58131cb-b67d-43c7-b30d-6b58d40bd077;Sub-task QA-1263 was updated:
  • Status: In Progress
  ","02/Jul/26 6:23 AM;557058:f58131cb-b67d-43c7-b30d-6b58d40bd077;Sub-task QA-1264 was updated:
  • Status: In Progress
  ","02/Jul/26 6:23 AM;557058:f58131cb-b67d-43c7-b30d-6b58d40bd077;Sub-task QA-1265 was updated:
  • Status: In Progress
  ","02/Jul/26 6:23 AM;557058:f58131cb-b67d-43c7-b30d-6b58d40bd077;Sub-task QA-1266 was updated:
  • Status: In Progress
  ","02/Jul/26 8:36 AM;557058:f58131cb-b67d-43c7-b30d-6b58d40bd077;Sub-task QA-1262 was updated:
  • Status: Done
  ","02/Jul/26 8:36 AM;557058:f58131cb-b67d-43c7-b30d-6b58d40bd077;Sub-task QA-1263 was updated:
  • Status: Done
  ","02/Jul/26 8:36 AM;557058:f58131cb-b67d-43c7-b30d-6b58d40bd077;Sub-task QA-1264 was updated:
  • Status: Done
  ","02/Jul/26 8:37 AM;557058:f58131cb-b67d-43c7-b30d-6b58d40bd077;Sub-task QA-1265 was updated:
  • Status: Done
  ","02/Jul/26 8:39 AM;557058:f58131cb-b67d-43c7-b30d-6b58d40bd077;Sub-task QA-1266 was updated:
  • Status: Done
  ",,,,,,,,,,,,,,,,,,,,,,,,,320810,QA-796,Unite MSC Test Automation,Done,7/6/2026 8:53
[UNITE-MSC][Mobile2] Banks — integration vertical slice (GET baseline) and QC4 gate,QA-1063,336178,Story,Done,QA,QA Automation,software,Timothy Kaufman,6418909f67102fc717c0b0d8,"{quote}Automation & Performance Testing Center of Excellence 


Tracks test strategy, execution, CI results, risk mitigation, and engineering dashboards.  


Project lead: Swapnil Patil (Functional) | Timothy Kaufman (JIRA Admin){quote}",https://confluence.ascensus.com/pages/viewpage.action?pageId=315559619,Medium,Done,Sunil Godiyal,712020:cc420b1e-75ad-4809-a429-2b255ac56337,Swapnil Patil,6357f972fc0cc7a600ae8914,Swapnil Patil,6357f972fc0cc7a600ae8914,6/10/2026 11:24,6/18/2026 12:09,,6/18/2026 12:09,,AMSQUAD Sprint 26.09,6/18/2026 0:00,0,QA-Board-View,Regression,unite-msc,,,,"[UNITE-MSC][Mobile2] Activities — integration vertical slice (QC4 deployment gate)

*Acceptance criteria:*

* ≥1 integration-tagged scenario passes QC4 ({{-Pmobile-ms-integration}})
* Extent report generated under {{target/mobile-ms-report/}}
* No hardcoded secrets; uses shared auth profile
* MR merged with Swapnil review",,Automation for Jira,Swapnil Patil,,557058:f58131cb-b67d-43c7-b30d-6b58d40bd077,6357f972fc0cc7a600ae8914,,,,,,,,,,,,,,,,,,,,,,,,,,,,,,,QA Automation,,,,,,,,,ApprovalsCFValue{approvals=[]},,,,,,,,,,,,,,,,,,,,,,,,,,,,,,,,,,,,,,,,,,,,,,,,,,,{},,,,,,,,,,,,,,,,,,,,,,,,,,,,,,,,,,,,,,,,,,,,,,,,,,,,,,,,,,,,,,,,,,,,,,,,,,,,,,,,,,,,,,,,,,,,,,,,,0|i16z95:f,,,,,,,,,,,,,,,,,,,,,,,,,,,,,,,,,,,,,,,,,,,AMSQUAD Sprint 26.09 6/10-6/23,,,6/15/2026 0:00,,5,,,,,,,,,4821708b-58a1-45f9-93f1-fe52c0da32a7,QA Automation,,,,,,,,,,,,,,,,,,,,,02:50.5,3_*:*_1_*:*_274314541_*|*_10409_*:*_1_*:*_155960_*|*_10000_*:*_1_*:*_419309032_*|*_11552_*:*_1_*:*_0,"15/Jun/26 9:02 AM;557058:f58131cb-b67d-43c7-b30d-6b58d40bd077;Sub-task QA-1118 was updated:
  • Status: In Progress
  ","15/Jun/26 9:02 AM;557058:f58131cb-b67d-43c7-b30d-6b58d40bd077;Sub-task QA-1114 was updated:
  • Status: In Progress
  ","15/Jun/26 9:03 AM;557058:f58131cb-b67d-43c7-b30d-6b58d40bd077;Sub-task QA-1115 was updated:
  • Status: In Progress
  ","15/Jun/26 9:03 AM;557058:f58131cb-b67d-43c7-b30d-6b58d40bd077;Sub-task QA-1116 was updated:
  • Status: In Progress
  ","15/Jun/26 9:03 AM;557058:f58131cb-b67d-43c7-b30d-6b58d40bd077;Sub-task QA-1117 was updated:
  • Status: In Progress
  ","18/Jun/26 12:07 PM;557058:f58131cb-b67d-43c7-b30d-6b58d40bd077;Sub-task QA-1114 was updated:
  • Status: Done
  ","18/Jun/26 12:07 PM;557058:f58131cb-b67d-43c7-b30d-6b58d40bd077;Sub-task QA-1115 was updated:
  • Status: Done
  ","18/Jun/26 12:07 PM;557058:f58131cb-b67d-43c7-b30d-6b58d40bd077;Sub-task QA-1116 was updated:
  • Status: Done
  ","18/Jun/26 12:07 PM;557058:f58131cb-b67d-43c7-b30d-6b58d40bd077;Sub-task QA-1117 was updated:
  • Status: Done
  ","18/Jun/26 12:07 PM;557058:f58131cb-b67d-43c7-b30d-6b58d40bd077;Sub-task QA-1118 was updated:
  • Status: Done
  ",,,,,,,,,,,,,,,,,,,,,,,,,320810,QA-796,Unite MSC Test Automation,Done,6/18/2026 12:09
[UNITE-MSC][Mobile2] Banks — discovery spike and legacy coverage matrix,QA-1062,336177,Story,Done,QA,QA Automation,software,Timothy Kaufman,6418909f67102fc717c0b0d8,"{quote}Automation & Performance Testing Center of Excellence 


Tracks test strategy, execution, CI results, risk mitigation, and engineering dashboards.  


Project lead: Swapnil Patil (Functional) | Timothy Kaufman (JIRA Admin){quote}",https://confluence.ascensus.com/pages/viewpage.action?pageId=315559619,Medium,Done,Sunil Godiyal,712020:cc420b1e-75ad-4809-a429-2b255ac56337,Swapnil Patil,6357f972fc0cc7a600ae8914,Swapnil Patil,6357f972fc0cc7a600ae8914,6/10/2026 11:24,6/23/2026 9:07,,6/23/2026 9:07,,AMSQUAD Sprint 26.09,6/23/2026 0:00,0,QA-Board-View,Regression,unite-msc,,,," [UNITE-MSC][Mobile2] Activities — discovery spike and legacy coverage matrix

*Acceptance criteria:*

* Legacy repo + Postman evidence inventoried
* Coverage matrix: migrate / exclude / park with Dev sign-off
* Postman vs framework comparison notes for ≥1 happy path",,Automation for Jira,Swapnil Patil,,557058:f58131cb-b67d-43c7-b30d-6b58d40bd077,6357f972fc0cc7a600ae8914,,,,,,,,,,,,,,,,,,,,,,,,,,,,,,,QA Automation,,,,,,,,,ApprovalsCFValue{approvals=[]},,,,,,,,,,,,,,,,,,,,,,,,,,,,,,,,,,,,,,,,,,,,,,,,,,,{},,,,,,,,,,,,,,,,,,,,,,,,,,,,,,,,,,,,,,,,,,,,,,,,,,,,,,,,,,,,,,,,,,,,,,,,,,,,,,,,,,,,,,,,,,,,,,,,,0|i16z95:d8r,,,,,,,,,,,,,,,,,,,,,,,,,,,,,,,,,,,,,,,,,,,AMSQUAD Sprint 26.09 6/10-6/23,,,6/22/2026 0:00,,3,,,,,,,,,4821708b-58a1-45f9-93f1-fe52c0da32a7,QA Automation,,,,,,,,,,,,,,,,,,,,,54:20.6,3_*:*_2_*:*_72868_*|*_10409_*:*_1_*:*_172937_*|*_10000_*:*_1_*:*_1028627040_*|*_10420_*:*_1_*:*_1127677,"23/Jun/26 8:54 AM;557058:f58131cb-b67d-43c7-b30d-6b58d40bd077;Sub-task QA-1177 was updated:
  • Status: Done
  ","23/Jun/26 8:54 AM;557058:f58131cb-b67d-43c7-b30d-6b58d40bd077;Sub-task QA-1178 was updated:
  • Status: Done
  ","23/Jun/26 8:54 AM;557058:f58131cb-b67d-43c7-b30d-6b58d40bd077;Sub-task QA-1179 was updated:
  • Status: Done
  ",,,,,,,,,,,,,,,,,,,,,,,,,,,,,,,,320810,QA-796,Unite MSC Test Automation,Done,6/23/2026 9:07
"[UNITE-MSC Setup] Investigate on existing Unite MSc Project, setup , Get postman setup locally, API Framework KT",QA-965,331665,Spike,Done,QA,QA Automation,software,Timothy Kaufman,6418909f67102fc717c0b0d8,"{quote}Automation & Performance Testing Center of Excellence 


Tracks test strategy, execution, CI results, risk mitigation, and engineering dashboards.  


Project lead: Swapnil Patil (Functional) | Timothy Kaufman (JIRA Admin){quote}",https://confluence.ascensus.com/pages/viewpage.action?pageId=315559619,Medium,Done,Sunil Godiyal,712020:cc420b1e-75ad-4809-a429-2b255ac56337,Swapnil Patil,6357f972fc0cc7a600ae8914,Swapnil Patil,6357f972fc0cc7a600ae8914,5/27/2026 9:28,6/10/2026 9:08,,6/10/2026 3:52,,AMSQUAD Sprint 26.08,6/10/2026 0:00,0,PerformanceTesting,QA-Board-View,Regression,,,,"* Objective:  
Investigate existing Legacy Login Flow JMeter scripts and estimate the effort and timeline (ETA) to create the required test cases (TCs).
* Scope:
** Identify and review all current JMeter scripts related to the Legacy Login Flow.
** Assess script coverage against current business and technical requirements.
** Evaluate script maintainability, reusability, and alignment with existing performance testing standards.
** Define the list of new/updated JMeter test cases needed for the Legacy Login Flow.
** Provide a clear ETA and effort estimate for creating or updating these test cases.
* Activities:
** Collect and catalog existing Legacy Login Flow JMeter scripts from the repository/tooling used by the team.
** Analyze current parameterization, correlation, assertions, and data dependencies in the scripts.
** Map existing scripts to functional flows (e.g., valid login, invalid login, lockout, password reset entry points, etc.).
** Identify gaps in coverage, broken/obsolete flows, and any environment or data constraints.
** Validate compatibility of current scripts with the latest application version and test environments.
** Estimate effort to:
*** Fix or refactor existing scripts (if needed).
*** Create new JMeter scripts/TCS for uncovered scenarios.
*** Set up test data and configurations.
** Document findings, risks, assumptions, and final ETA.
* Deliverables:
** Inventory of existing Legacy Login Flow JMeter scripts and their current status (working/needs-fix/obsolete).
** Gap analysis of current vs. required test coverage for the Legacy Login Flow.
** Proposed list of JMeter test cases (TCs) to be created or updated.
** ETA and effort breakdown (e.g., person-days per task) for creating/updating TCs.
** Short recommendation note on next steps (e.g., prioritization, ownership, and any dependencies).
* Out of Scope:
** Execution of full performance test cycles using the new TCs.
** Non-Legacy Login flows or unrelated services, unless explicitly identified as dependencies.

If you share any existing acceptance criteria or definition of done for spikes, I can tailor this description to match your team’s template.",,Automation for Jira,Swapnil Patil,,557058:f58131cb-b67d-43c7-b30d-6b58d40bd077,6357f972fc0cc7a600ae8914,,,,,,,,,,,,,,,,,,,,,,,,,,,,,,,QA Automation,,,,,,,,,ApprovalsCFValue{approvals=[]},,,,,,,,,,,,,,,,,,,,,,,,,,,,,,,,,,,,,,,,,,,,,,,,,,,{},,,,,,,,,,,,,,,,,,,,,,,,,,,,,,,,,,,,,,,,,,,,,,,,,,,,,,,,,,,,,,,,,,,,,,,,,,,,,,,,,,,,,,,,,,,,,,,,,0|i15w2a:3r,,,,,,,,,,,,,,,,,,,,,,,,,,,,,,,,,,,,,,,,,,,AMSQUAD Sprint 26.08 5/27-6/10,,,,,3,,,,,,,,,4821708b-58a1-45f9-93f1-fe52c0da32a7,QA Automation,,,,,,,,,,,,,,,,,,,,,00:36.0,10415_*:*_1_*:*_13407099_*|*_3_*:*_1_*:*_0_*|*_10409_*:*_1_*:*_16406_*|*_10000_*:*_1_*:*_778783217,"03/Jun/26 10:00 AM;557058:f58131cb-b67d-43c7-b30d-6b58d40bd077;Sub-task QA-965 ([UNITE-MSC Setup] Investigate on existing Unite MSc Project, setup , Get postman setup locally, API Framework KT) was updated:
     • Status: To Do
     • Latest comment:  ",,,,,,,,,,,,,,,,,,,,,,,,,,,,,,,,,,320810,QA-796,Unite MSC Test Automation,Done,6/10/2026 3:52
[V2][CSR][Management] CSR Action - Fee,QA-958,331653,Story,Done,QA,QA Automation,software,Timothy Kaufman,6418909f67102fc717c0b0d8,"{quote}Automation & Performance Testing Center of Excellence 


Tracks test strategy, execution, CI results, risk mitigation, and engineering dashboards.  


Project lead: Swapnil Patil (Functional) | Timothy Kaufman (JIRA Admin){quote}",https://confluence.ascensus.com/pages/viewpage.action?pageId=315559619,Low,Done,Sunil Godiyal,712020:cc420b1e-75ad-4809-a429-2b255ac56337,Sunil Godiyal,712020:cc420b1e-75ad-4809-a429-2b255ac56337,Sunil Godiyal,712020:cc420b1e-75ad-4809-a429-2b255ac56337,5/27/2026 9:17,6/10/2026 9:09,,6/5/2026 13:31,,AMSQUAD Sprint 26.08,6/5/2026 0:00,0,,,,,,,<Please provide the description text you want on the story.>,,Automation for Jira,Sunil Godiyal,,557058:f58131cb-b67d-43c7-b30d-6b58d40bd077,712020:cc420b1e-75ad-4809-a429-2b255ac56337,,,,,,,,,,,,,,,,,,,,,,,,,,,,,,,,,,,,,,,,ApprovalsCFValue{approvals=[]},,,,,,,,,,,,,,,,,,,,,,,,,,,,,,,,,,,,,,,,,,,,,,,,,,,{},,,,,,,,,,,,,,,,,,,,,,,,,,,,,,,,,,,,,,,,,,,,,,,,,,,,,,,,,,,,,,,,,,,,,,,,,,,,,,,,,,,,,,,,,,,,,,,,,0|i176k5:y,,,,,,,,,,,,,,,,,,,,,,,,,,,,,,,,,,,,,,,,,,,AMSQUAD Sprint 26.08 5/27-6/10,,,6/5/2026 0:00,,2,,,,,,,,,,,,,,,,,,,,,,,,,,,,,,,55:45.4,3_*:*_1_*:*_11561012_*|*_10409_*:*_1_*:*_232719_*|*_10000_*:*_1_*:*_776040807_*|*_11552_*:*_1_*:*_0,"05/Jun/26 8:55 AM;557058:f58131cb-b67d-43c7-b30d-6b58d40bd077;Sub-task QA-958 ([V2][CSR][Management] CSR Action - Fee) was updated:
     • Status: In Progress
     • Latest comment:  ",,,,,,,,,,,,,,,,,,,,,,,,,,,,,,,,,,225845,QA-3,"Update regression test plan for Unite, Universal",Done,6/5/2026 13:31
[V2][CSR][Management] CSR Action - Multiple Contribution,QA-941,331620,Story,Done,QA,QA Automation,software,Timothy Kaufman,6418909f67102fc717c0b0d8,"{quote}Automation & Performance Testing Center of Excellence 


Tracks test strategy, execution, CI results, risk mitigation, and engineering dashboards.  


Project lead: Swapnil Patil (Functional) | Timothy Kaufman (JIRA Admin){quote}",https://confluence.ascensus.com/pages/viewpage.action?pageId=315559619,Medium,Done,Sunil Godiyal,712020:cc420b1e-75ad-4809-a429-2b255ac56337,Sunil Godiyal,712020:cc420b1e-75ad-4809-a429-2b255ac56337,Sunil Godiyal,712020:cc420b1e-75ad-4809-a429-2b255ac56337,5/27/2026 7:33,6/10/2026 9:09,,6/5/2026 8:56,,AMSQUAD Sprint 26.08,6/5/2026 0:00,0,,,,,,,"As a QA Automation Engineer, I want to automate the CSR Action - Multiple Contribution feature so that all contribution types, fields, and workflows are validated end-to-end through automated regression tests, ensuring accuracy and reducing manual effort.

Acceptance Criteria:

# Review the CSR Multiple Contribution screen and identify all test cases
# Create or update test data for all Multiple Contribution scenarios
# Automate the Multiple Contribution feature file with step definitions
# Add database validation for Multiple Contribution entries
# Tag scenarios and integrate into the regression suite",,Automation for Jira,Sunil Godiyal,,557058:f58131cb-b67d-43c7-b30d-6b58d40bd077,712020:cc420b1e-75ad-4809-a429-2b255ac56337,,,,,,,,,,,,,,,,,,,,,,,,,,,,,,,,,,,"# Review the CSR Multiple Contribution screen and identify all test cases
# Create or update test data for all Multiple Contribution scenarios
# Automate the Multiple Contribution feature file with step definitions
# Add database validation for Multiple Contribution entries
# Tag scenarios and integrate into the regression suite",,,,,ApprovalsCFValue{approvals=[]},,,,,,,,,,,,,,,,,,,,,,,,,,,,,,,,,,,,,,,,,,,,,,,,,,,{},,,,,,,,,,,,,,,,,,,,,,,,,,,,,,,,,,,,,,,,,,,,,,,,,,,,,,,,,,,,,,,,,,,,,,,,,,,,,,,,,,,,,,,,,,,,,,,,,0|i176k5:x,,,,,,,,,,,,,,,,,,,,,,,,,,,,,,,,,,,,,,,,,,,AMSQUAD Sprint 26.08 5/27-6/10,,,6/5/2026 0:00,,2,,,,,,,,,,,,,,,,,,,,,,,,,,,,,,,54:05.1,10415_*:*_1_*:*_179368396_*|*_3_*:*_1_*:*_24295_*|*_10409_*:*_1_*:*_441778132_*|*_10000_*:*_1_*:*_161346370_*|*_11552_*:*_1_*:*_0,"05/Jun/26 8:54 AM;557058:f58131cb-b67d-43c7-b30d-6b58d40bd077;Sub-task QA-941 ([V2][CSR][Management] CSR Action - Multiple Contribution) was updated:
     • Status: Refinement
     • Latest comment:  ",,,,,,,,,,,,,,,,,,,,,,,,,,,,,,,,,,225845,QA-3,"Update regression test plan for Unite, Universal",Done,6/5/2026 8:56
[V2][CSR][Management] CSR Action - Single Contribution,QA-912,330491,Story,Done,QA,QA Automation,software,Timothy Kaufman,6418909f67102fc717c0b0d8,"{quote}Automation & Performance Testing Center of Excellence 


Tracks test strategy, execution, CI results, risk mitigation, and engineering dashboards.  


Project lead: Swapnil Patil (Functional) | Timothy Kaufman (JIRA Admin){quote}",https://confluence.ascensus.com/pages/viewpage.action?pageId=315559619,Medium,Done,Sunil Godiyal,712020:cc420b1e-75ad-4809-a429-2b255ac56337,Sunil Godiyal,712020:cc420b1e-75ad-4809-a429-2b255ac56337,Sunil Godiyal,712020:cc420b1e-75ad-4809-a429-2b255ac56337,5/21/2026 9:20,6/10/2026 9:08,,6/5/2026 8:56,,AMSQUAD Sprint 26.08,6/5/2026 0:00,0,,,,,,,"As a QA Automation Engineer, I want to automate the CSR Action - Single Contribution feature so that all contribution types, fields, and workflows are validated end-to-end through automated regression tests, ensuring accuracy and reducing manual effort.

Acceptance Criteria:

# Review the CSR Single Contribution screen and identify all test cases
# Create or update test data for all Single Contribution scenarios
# Automate the Single Contribution feature file with step definitions
# Add database validation for Single Contribution entries
# Tag scenarios and integrate into the regression suite
# Sync to Jenkins and validate in Stage 1
# Link to qTest and update documentation",,Automation for Jira,Sunil Godiyal,,557058:f58131cb-b67d-43c7-b30d-6b58d40bd077,712020:cc420b1e-75ad-4809-a429-2b255ac56337,,,,,,,,,,,,,,,,,,,,,,,,,,,,,,,,,,,,,,,,ApprovalsCFValue{approvals=[]},,,,,,,,,,,,,,,,,,,,,,,,,,,,,,,,,,,,,,,,,,,,,,,,,,,{},,,,,,,,,,,,,,,,,,,,,,,,,,,,,,,,,,,,,,,,,,,,,,,,,,,,,,,,,,,,,,,,,,,,,,,,,,,,,,,,,,,,,,,,,,,,,,,,,0|i15w2a:x,,,,,,,,,,,,,,,,,,,,,,,,,,,,,,,,,,,,,,,,,,,AMSQUAD Sprint 26.08 5/27-6/10,,,6/5/2026 0:00,,2,,,,,,,,,,,,,,,,,,,,,,,,,,,,,,,52:27.0,3_*:*_1_*:*_114477_*|*_10409_*:*_2_*:*_8671028_*|*_10000_*:*_2_*:*_1285701860_*|*_11552_*:*_1_*:*_0,"05/Jun/26 8:52 AM;557058:f58131cb-b67d-43c7-b30d-6b58d40bd077;Sub-task QA-912 ([V2][CSR][Management] CSR Action - Single Contribution) was updated:
     • Status: To Do
     • Latest comment:  ",,,,,,,,,,,,,,,,,,,,,,,,,,,,,,,,,,225845,QA-3,"Update regression test plan for Unite, Universal",Done,6/5/2026 8:56
"[V2][Profile maint.][CSR Profile Maintenance] – Trust contact, interested party & Authorize Agent - test case review, validation & Regression",QA-840,323363,Story,Done,QA,QA Automation,software,Timothy Kaufman,6418909f67102fc717c0b0d8,"{quote}Automation & Performance Testing Center of Excellence 


Tracks test strategy, execution, CI results, risk mitigation, and engineering dashboards.  


Project lead: Swapnil Patil (Functional) | Timothy Kaufman (JIRA Admin){quote}",https://confluence.ascensus.com/pages/viewpage.action?pageId=315559619,Low,Done,Sunil Godiyal,712020:cc420b1e-75ad-4809-a429-2b255ac56337,Swapnil Patil,6357f972fc0cc7a600ae8914,Swapnil Patil,6357f972fc0cc7a600ae8914,5/13/2026 9:28,5/18/2026 6:30,,5/18/2026 6:30,,AMSQUAD Sprint 26.07,5/18/2026 0:00,0,,,,,,,,,Swapnil Patil,,,6357f972fc0cc7a600ae8914,,,,,,,,,,,,,,,,,,,,,,,,,,,,,,,,,,,,,,,,,ApprovalsCFValue{approvals=[]},,,,,,,,,,,,,,,,,,,,,,,,,,,,,,,,,,,,,,,,,,,,,,,,,,,{},,,,,,,,,,,,,,,,,,,,,,,,,,,,,,,,,,,,,,,,,,,,,,,,,,,,,,,,,,,,,,,,,,,,,,,,,,,,,,,,,,,,,,,,,,,,,,,,,0|i15w2m:,,,,,,,,,,,,,,,,,,,,,,,,,,,,,,,,,,,,,,,,,,,AMSQUAD Sprint 26.07 5/13-5/27,,,5/14/2026 0:00,,2,,,,,,,,,,,,,,,,,,,,,,,,,,,,,,,,10415_*:*_1_*:*_3903_*|*_3_*:*_1_*:*_76349273_*|*_10409_*:*_1_*:*_24842_*|*_10000_*:*_1_*:*_91477962_*|*_10420_*:*_1_*:*_0,,,,,,,,,,,,,,,,,,,,,,,,,,,,,,,,,,,225845,QA-3,"Update regression test plan for Unite, Universal",Done,5/18/2026 6:30
[V2][CSR][Spike] CSR Maintenance Screen — regression gap analysis + matrix,QA-837,323316,Spike,Done,QA,QA Automation,software,Timothy Kaufman,6418909f67102fc717c0b0d8,"{quote}Automation & Performance Testing Center of Excellence 


Tracks test strategy, execution, CI results, risk mitigation, and engineering dashboards.  


Project lead: Swapnil Patil (Functional) | Timothy Kaufman (JIRA Admin){quote}",https://confluence.ascensus.com/pages/viewpage.action?pageId=315559619,Low,Done,Sunil Godiyal,712020:cc420b1e-75ad-4809-a429-2b255ac56337,Swapnil Patil,6357f972fc0cc7a600ae8914,Swapnil Patil,6357f972fc0cc7a600ae8914,5/13/2026 8:37,5/26/2026 13:11,,5/26/2026 11:26,,AMSQUAD Sprint 26.07,5/26/2026 0:00,0,CSR,QA-Board-View,Regression,,,,"* *As a* QA automation engineer  
* *I want* an inventory of *CSR Maintenance* UI tabs vs automated coverage  
* *So that* missing tabs become sized Stories (*S2605-07* family)

*Scope*

* *Portal:* CSR only. *Stack:* V2.  
* Align to backlog intent *QA-S-V2-011* in {{docs/jira-governance/backlog/stories.md}}.

*Research questions*

# Which automated tests exist today for CSR maintenance (feature files, suites)?
# Which Maintenance *tabs/sections* exist in the app (SME walkthrough)?
# Coverage matrix: tab → scenario → tag → suite/job.
# Do existing tests still pass / stable on Stage 1?
# Multi-plan: are analyzed items included in regression suites?

*Deliverables*

* Coverage matrix + list of missing tabs + *proposed Story titles* per gap row.  
* Links to evidence: e.g. KB {{jira-export.csv}} references *PersonalInformation.feature*, *Profile Maintenance*, {{stage1-csr-acct-maintenance}} report paths (use current internal report base URL).

*Acceptance Criteria (GWT)*

{noformat}Scenario: Matrix complete
  Given CSR Maintenance is enumerated by tab
  When the spike is closed
  Then each tab is marked Covered Partial Covered or Gap with file references or N/A

Scenario: Stability sample
  Given existing maintenance automation exists
  When a sample regression run executes on Stage 1
  Then pass or fail is recorded with job or report link{noformat}

*Definition of Done*

* Findings attached; PO/QA Lead acknowledgment comment optional.  
* List of Jira Story candidates for gaps (titles only).",,Sunil Godiyal,Swapnil Patil,,712020:cc420b1e-75ad-4809-a429-2b255ac56337,6357f972fc0cc7a600ae8914,,,,,,,,,,,,,,,,,,,,,,,,,,,,,,,,,,,,,,,,ApprovalsCFValue{approvals=[]},,,,,,,,,,,,,,,,,,,,,,,,,,,,,,,,,,,,,,,,,,,,,,,,,,,{},,,,,,,,,,,,,,,,,,,,,,,,,,,,,,,,,,,,,,,,,,,,,,,,,,,,,,,,,,,,,,,,,,,,,,,,,,,,,,,,,,,,,,,,,,,,,,,,,0|i15w2x:zx,,,,,,,,,,,,,,,,,,,,,,,,,,,,,,,,,,,,,,,,,,,AMSQUAD Sprint 26.07 5/13-5/27,,,,,2,,,,,,,,,4821708b-58a1-45f9-93f1-fe52c0da32a7,QA Automation,,,,,,,,,,,,,,,,,,,,,30:42.2,10415_*:*_1_*:*_434688431_*|*_3_*:*_1_*:*_0_*|*_10409_*:*_1_*:*_13748_*|*_10000_*:*_1_*:*_690219792,"21/May/26 8:30 AM;712020:cc420b1e-75ad-4809-a429-2b255ac56337;Below are the details of GAP analysis:

|CSR Actions|Automation Availability|Plans Covered|Added in Regression|
|Single   contribution|Yes|MID|Yes|
|Multiple   contributions|Yes|No|No|
|Ugift   contribution|Yes|OHD
NYB
NYD|Yes|
|Withdrawal|Yes|NYD
NYA
NYB|Yes|
|Transfer|Yes|NYB
NYD
RIA
NYD|Yes|
|Plan   transfer / rollover|No|No|No|
|Fee|Yes|NYD
NYA
NYB|Yes|
|Share   adjustment / Conversion in|Yes|NYD
NYB|Yes|
|Reversal|No|No|No|
|Principal   update|No|No|No|
|YTD   Bucket Adjustment|No|No|No|
|Open   a new account|No|No|No|",,,,,,,,,,,,,,,,,,,,,,,,,,,,,,,,,,225845,QA-3,"Update regression test plan for Unite, Universal",Done,5/26/2026 11:26
[V2][Profile maint.] CSR Profile Maintenance – Interested Parties - Plan Coverage,QA-803,321008,Story,Done,QA,QA Automation,software,Timothy Kaufman,6418909f67102fc717c0b0d8,"{quote}Automation & Performance Testing Center of Excellence 


Tracks test strategy, execution, CI results, risk mitigation, and engineering dashboards.  


Project lead: Swapnil Patil (Functional) | Timothy Kaufman (JIRA Admin){quote}",https://confluence.ascensus.com/pages/viewpage.action?pageId=315559619,Low,Done,Sunil Godiyal,712020:cc420b1e-75ad-4809-a429-2b255ac56337,Sunil Godiyal,712020:cc420b1e-75ad-4809-a429-2b255ac56337,Sunil Godiyal,712020:cc420b1e-75ad-4809-a429-2b255ac56337,5/6/2026 7:43,5/13/2026 9:29,,5/13/2026 9:29,,AMSQUAD Sprint 26.06,5/13/2026 0:00,0,csrprofile,regression,,,,,"Automate CSR workflows for updating Interested Party information across multiple plans

Plans: NYA, NYD, NYB, COD

Automation Work:

* Feature: InterestedParty.feature
* Tags: @regression, @dailyrun",,Sunil Godiyal,,,712020:cc420b1e-75ad-4809-a429-2b255ac56337,,,,,,,,,,,,,,,,,,,,,,,,,,,,,,,,,,,,,,,,,ApprovalsCFValue{approvals=[]},,,,,,,,,,,,,,,,,,,,,,,,,,,,,,,,,,,,,,,,,,,,,,,,,,,{},,,,,,,,,,,,,,,,,,,,,,,,,,,,,,,,,,,,,,,,,,,,,,,,,,,,,,,,,,,,,,,,,,,,,,,,,,,,,,,,,,,,,,,,,,,,,,,,,0|i160aw:,,,,,,,,,,,,,,,,,,,,,,,,,,,,,,,,,,,,,,,,,,,AMSQUAD Sprint 26.06 4/29-5/12,,,5/12/2026 0:00,,2,,,,,,,,,,,,,,,,,,,,,,,,,,,,,,,,10415_*:*_1_*:*_264537381_*|*_3_*:*_1_*:*_0_*|*_10409_*:*_1_*:*_125146_*|*_10000_*:*_2_*:*_258694512,,,,,,,,,,,,,,,,,,,,,,,,,,,,,,,,,,,225845,QA-3,"Update regression test plan for Unite, Universal",Done,5/13/2026 9:29
[V2][Profile maint.]CSR Profile Maintenance – Authorize Agent - Plan Coverage,QA-792,320728,Story,Done,QA,QA Automation,software,Timothy Kaufman,6418909f67102fc717c0b0d8,"{quote}Automation & Performance Testing Center of Excellence 


Tracks test strategy, execution, CI results, risk mitigation, and engineering dashboards.  


Project lead: Swapnil Patil (Functional) | Timothy Kaufman (JIRA Admin){quote}",https://confluence.ascensus.com/pages/viewpage.action?pageId=315559619,Medium,Done,Sunil Godiyal,712020:cc420b1e-75ad-4809-a429-2b255ac56337,Sunil Godiyal,712020:cc420b1e-75ad-4809-a429-2b255ac56337,Sunil Godiyal,712020:cc420b1e-75ad-4809-a429-2b255ac56337,5/5/2026 8:33,5/13/2026 9:29,,5/13/2026 9:29,,AMSQUAD Sprint 26.06,5/13/2026 0:00,0,memprofile,regression,,,,,"Automate CSR workflows for authorize agent across multiple plans

Plans: COD/NYD

Automation Work:

* Features → AuthorizeAgent.feature
* Tags → @regression, @dailyrun",,Sunil Godiyal,,,712020:cc420b1e-75ad-4809-a429-2b255ac56337,,,,,,,,,,,,,,,,,,,,,,,,,,,,,,,,,,,,"DoR:

* Existing Prime v2 feature validated for UI compatibility.
* Mock validation data and retry logic configured.

DoD:

* CSR can successfully authorize agent.
* Retry logic implemented for overlay or modal failures.
* 100% pass rate in Stage 1 execution.",,,,,ApprovalsCFValue{approvals=[]},,,,,,,,,,,,,,,,,,,,,,,,,,,,,,,,,,,,,,,,,,,,,,,,,,,{},,,,,,,,,,,,,,,,,,,,,,,,,,,,,,,,,,,,,,,,,,,,,,,,,,,,,,,,,,,,,,,,,,,,,,,,,,,,,,,,,,,,,,,,,,,,,,,,,0|i127i3:0dn9,,,,,,,,,,,,,,,,,,,,,,,,,,,,,,,,,,,,,,,,,,,AMSQUAD Sprint 26.06 4/29-5/12,,,,,3,,,,,,,,,,,,,,,,,,,,,,,,,,,,,,,,10415_*:*_1_*:*_74313865_*|*_10409_*:*_1_*:*_2226128_*|*_10000_*:*_1_*:*_173141805_*|*_10420_*:*_1_*:*_0,,,,,,,,,,,,,,,,,,,,,,,,,,,,,,,,,,,225845,QA-3,"Update regression test plan for Unite, Universal",Done,5/13/2026 9:29
[V2][Profile maint.] Member Profile Maintenance – Trusted Contact - Plan Coverage,QA-743,319168,Story,Done,QA,QA Automation,software,Timothy Kaufman,6418909f67102fc717c0b0d8,"{quote}Automation & Performance Testing Center of Excellence 


Tracks test strategy, execution, CI results, risk mitigation, and engineering dashboards.  


Project lead: Swapnil Patil (Functional) | Timothy Kaufman (JIRA Admin){quote}",https://confluence.ascensus.com/pages/viewpage.action?pageId=315559619,Low,Done,Sunil Godiyal,712020:cc420b1e-75ad-4809-a429-2b255ac56337,Sunil Godiyal,712020:cc420b1e-75ad-4809-a429-2b255ac56337,Sunil Godiyal,712020:cc420b1e-75ad-4809-a429-2b255ac56337,4/30/2026 8:09,5/13/2026 9:30,,5/13/2026 9:30,,AMSQUAD Sprint 26.06,5/13/2026 0:00,0,csrprofile,regression,,,,,"Automate Member workflows for managing Trusted Contact information across multiple plans.

*Plans:* COD/NYD

*Automation Work*

* Feature file: {{TrustedContact.feature}}
* Tags: {{@regression}}, {{@dailyrun}}

*Scope*

* Validate Prime v2 Trusted Contact UI behavior across listed plans
* Ensure automation handles overlays/modals reliably (retry logic)
* Execute in Stage 1 and achieve green run",,Sunil Godiyal,,,712020:cc420b1e-75ad-4809-a429-2b255ac56337,,,,,,,,,,,,,,,,,,,,,,,,,,,,,,,,,,,,"*Definition of Ready (DoR)*

* Existing Prime v2 feature validated for UI compatibility.
* Mock validation data and Trusted Contact form configurations verified.

*Definition of Done (DoD)*

* Member can successfully add, update, and delete Trusted Contact information.
* Retry logic implemented for overlay or modal failures.
* 100% pass rate in Stage 1 execution.",,,,,ApprovalsCFValue{approvals=[]},,,,,,,,,,,,,,,,,,,,,,,,,,,,,,,,,,,,,,,,,,,,,,,,,,,{},,,,,,,,,,,,,,,,,,,,,,,,,,,,,,,,,,,,,,,,,,,,,,,,,,,,,,,,,,,,,,,,,,,,,,,,,,,,,,,,,,,,,,,,,,,,,,,,,0|i160a4:,,,,,,,,,,,,,,,,,,,,,,,,,,,,,,,,,,,,,,,,,,,AMSQUAD Sprint 26.06 4/29-5/12,,,5/13/2026 0:00,,2,,,,,,,,,,,,,,,,,,,,,,,,,,,,,,,,3_*:*_1_*:*_0_*|*_10409_*:*_2_*:*_556248439_*|*_10000_*:*_2_*:*_571747238,,,,,,,,,,,,,,,,,,,,,,,,,,,,,,,,,,,225845,QA-3,"Update regression test plan for Unite, Universal",Done,5/13/2026 9:30
[V2][Profile maint.]CSR Profile Maintenance – Payroll Deduction - Plan Coverage,QA-729,319074,Story,Done,QA,QA Automation,software,Timothy Kaufman,6418909f67102fc717c0b0d8,"{quote}Automation & Performance Testing Center of Excellence 


Tracks test strategy, execution, CI results, risk mitigation, and engineering dashboards.  


Project lead: Swapnil Patil (Functional) | Timothy Kaufman (JIRA Admin){quote}",https://confluence.ascensus.com/pages/viewpage.action?pageId=315559619,Medium,Done,Sunil Godiyal,712020:cc420b1e-75ad-4809-a429-2b255ac56337,Sunil Godiyal,712020:cc420b1e-75ad-4809-a429-2b255ac56337,Sunil Godiyal,712020:cc420b1e-75ad-4809-a429-2b255ac56337,4/30/2026 4:25,5/8/2026 17:37,,5/8/2026 5:51,,AMSQUAD Sprint 26.06,5/8/2026 0:00,0,MemProfile,Regression,,,,,"Automate CSR workflows for updating payroll deduction across multiple plans

*Plans:* COD/NYD

*Automation Work:*
Features → {{PayrollDeduction.feature}}
Tags → {{@regression}}, {{@dailyrun}}",,Sunil Godiyal,,,712020:cc420b1e-75ad-4809-a429-2b255ac56337,,,,,,,,,,,,,,,,,,,,,,,,,,,,,,,,,,,,"* *DoR:*
** Existing Prime v2 feature validated for UI compatibility.
** Mock validation data and retry logic configured.
* *DoD:*
** CSR can successfully update payroll deduction.
** Retry logic implemented for overlay or modal failures.
** 100% pass rate in Stage 1 execution.",,,,,ApprovalsCFValue{approvals=[]},,,,,,,,,,,,,,,,,,,,,,,,,,,,,,,,,,,,,,,,,,,,,,,,,,,{},,,,,,,,,,,,,,,,,,,,,,,,,,,,,,,,,,,,,,,,,,,,,,,,,,,,,,,,,,,,,,,,,,,,,,,,,,,,,,,,,,,,,,,,,,,,,,,,,0|i127i3:0dn,,,,,,,,,,,,,,,,,,,,,,,,,,,,,,,,,,,,,,,,,,,AMSQUAD Sprint 26.06 4/29-5/12,,,5/7/2026 0:00,,2,,,,,,,,,,,,,,,,,,,,,,,,,,,,,,,,10415_*:*_1_*:*_173401612_*|*_3_*:*_1_*:*_707717_*|*_10409_*:*_2_*:*_18068776_*|*_10000_*:*_2_*:*_430700261_*|*_10420_*:*_1_*:*_0,,,,,,,,,,,,,,,,,,,,,,,,,,,,,,,,,,,225845,QA-3,"Update regression test plan for Unite, Universal",Done,5/8/2026 5:51
"[V2][Profile Update] CSR Profile update - research to find the gaps in current regression VS CSR Profile tab, add missing funtionality",QA-609,313407,Spike,Done,QA,QA Automation,software,Timothy Kaufman,6418909f67102fc717c0b0d8,"{quote}Automation & Performance Testing Center of Excellence 


Tracks test strategy, execution, CI results, risk mitigation, and engineering dashboards.  


Project lead: Swapnil Patil (Functional) | Timothy Kaufman (JIRA Admin){quote}",https://confluence.ascensus.com/pages/viewpage.action?pageId=315559619,Low,Done,Sunil Godiyal,712020:cc420b1e-75ad-4809-a429-2b255ac56337,Swapnil Patil,6357f972fc0cc7a600ae8914,Swapnil Patil,6357f972fc0cc7a600ae8914,4/14/2026 10:07,5/11/2026 8:12,,4/27/2026 8:39,,AMSQUAD Sprint 26.05,4/27/2026 0:00,0,QA-Board-View,Regression,,,,,,,Sunil Godiyal,Swapnil Patil,,712020:cc420b1e-75ad-4809-a429-2b255ac56337,6357f972fc0cc7a600ae8914,,,,,,,,,,,,,,,,,,,,,,,,,,,,,,,,,,,,,,,,ApprovalsCFValue{approvals=[]},,,,,,,,,,,,,,,,,,,,,,,,,,,,,,,,,,,,,,,,,,,,,,,,,,,{},,,,,,,,,,,,,,,,,,,,,,,,,,,,,,,,,,,,,,,,,,,,,,,,,,,,,,,,,,,,,,,,,,,,,,,,,,,,,,,,,,,,,,,,,,,,,,,,,0|i127i3:0001r,,,,,,,,,,,,,,,,,,,,,,,,,,,,,,,,,,,,,,,,,,,AMSQUAD Sprint 26.05 4/15-4/28,,,,,2,,,,,,,,,4821708b-58a1-45f9-93f1-fe52c0da32a7,QA Automation,,,,,,,,,,,,,,,,,,,,,16:15.6,10415_*:*_1_*:*_2656723_*|*_3_*:*_1_*:*_0_*|*_10409_*:*_1_*:*_579_*|*_10000_*:*_1_*:*_602695825,"21/Apr/26 10:16 AM;712020:cc420b1e-75ad-4809-a429-2b255ac56337;Analysis done for this scenario.

|ABLE[ CSR - RIB, NYB, COB, PAB ] - Functions|CSR - Functions|MEMBER - Functions|In Automation Pack|
|Profile|Profile|Profile|PersonalInformation.feature|
|Bank Information|Bank Information|Bank Information|BankInformation.feature|
|Payroll Deduction|Payroll Deduction|Payroll Direct Deposit|PayrollDeduction.feature|
|Delivery Preferences|Delivery Preferences|Delivery Preferences|DeliveryPreference.feature|
|Password & Security Features [ !NYB]|Password & Security Features|Password & Security Features|SecurityQuestions.feature|
|Statements, Confirms & Tax Forms|Statements, Confirms & Tax Forms|Statements, Confirms & Tax Forms| |
| |Beneficiaries|Beneficiaries|Beneficiary.feature|
| |Successors|Successors| |
| |Authorized Agents|Authorized Agents|AuthorizedAgent.feature|
|Interested Parties|Interested Parties|Interested Parties|InterestedParty.feature|
| |Trusted Contact|Trusted Contact|TrustedContact.feature|
|Additional Authorized Individuals| | |AdditionalAuthorizedIndividual.feature|
|Authorized Individual| | |AuthorizedIndividual.feature|
| | | |EntityLinkUnlink.feature|
| | | |NYBAuthorizedIndividual.feature|",,,,,,,,,,,,,,,,,,,,,,,,,,,,,,,,,,225845,QA-3,"Update regression test plan for Unite, Universal",Done,4/27/2026 8:39
Member Profile Maintenance – Beneficiaries (Add/Edit/Delete) (Multi-Plan Expansion),QA-594,311996,Story,Done,QA,QA Automation,software,Timothy Kaufman,6418909f67102fc717c0b0d8,"{quote}Automation & Performance Testing Center of Excellence 


Tracks test strategy, execution, CI results, risk mitigation, and engineering dashboards.  


Project lead: Swapnil Patil (Functional) | Timothy Kaufman (JIRA Admin){quote}",https://confluence.ascensus.com/pages/viewpage.action?pageId=315559619,Medium,Done,Sunil Godiyal,712020:cc420b1e-75ad-4809-a429-2b255ac56337,Sunil Godiyal,712020:cc420b1e-75ad-4809-a429-2b255ac56337,Sunil Godiyal,712020:cc420b1e-75ad-4809-a429-2b255ac56337,4/9/2026 9:56,4/14/2026 4:53,,4/14/2026 4:53,,AMSQUAD Sprint 26.04,4/14/2026 0:00,0,MemProfile,Regression,,,,,"Automate beneficiary add/edit/delete operations under Member profile maintenance for multi supported plans.

*Automation Work:*
Feature → {{Beneficiary.feature}}
Tags → {{@regression}}, {{@dailyrun}}",,Sunil Godiyal,,,712020:cc420b1e-75ad-4809-a429-2b255ac56337,,,,,,,,,,,,,,,,,,,,,,,,,,,,,,,,QA Automation,,,,"* *DoR:*
** All required test data (routing/account numbers) available.
* *DoD:*
** Add/Edit/Delete operations succeed across all plans.
** DB reflects updates within sync window.
** Member validation ",,,,,ApprovalsCFValue{approvals=[]},,,,,,,,,,,,,,,,,,,,,,,,,,,,,,,,,,,,,,,,,,,,,,,,,,,{},,,,,,,,,,,,,,,,,,,,,,,,,,,,,,,,,,,,,,,,,,,,,,,,,,,,,,,,,,,,,,,,,,,,,,,,,,,,,,,,,,,,,,,,,,,,,,,,,0|i153hd:i,,,,,,,,,,,,,,,,,,,,,,,,,,,,,,,,,,,,,,,,,,,AMSQUAD Sprint 26.04 4/1-4/14,,,4/9/2026 0:00,,5,,,,,,,,,,,,,,,,,,,,,,,,,,,,,,,,3_*:*_1_*:*_0_*|*_10409_*:*_1_*:*_90712_*|*_10000_*:*_1_*:*_1343703,14/Apr/26 4:53 AM;712020:cc420b1e-75ad-4809-a429-2b255ac56337;Tasks completed successfully.,,,,,,,,,,,,,,,,,,,,,,,,,,,,,,,,,,225845,QA-3,"Update regression test plan for Unite, Universal",Done,4/14/2026 4:53
Transfer – UI Automation Regression Execution & Stabilization (CSR + Member),QA-494,303711,Story,Done,QA,QA Automation,software,Timothy Kaufman,6418909f67102fc717c0b0d8,"{quote}Automation & Performance Testing Center of Excellence 


Tracks test strategy, execution, CI results, risk mitigation, and engineering dashboards.  


Project lead: Swapnil Patil (Functional) | Timothy Kaufman (JIRA Admin){quote}",https://confluence.ascensus.com/pages/viewpage.action?pageId=315559619,Low,Done,Sunil Godiyal,712020:cc420b1e-75ad-4809-a429-2b255ac56337,Sunil Godiyal,712020:cc420b1e-75ad-4809-a429-2b255ac56337,Sunil Godiyal,712020:cc420b1e-75ad-4809-a429-2b255ac56337,3/11/2026 10:06,4/8/2026 8:18,,4/7/2026 13:26,,AMSQUAD Sprint 26.04,,0,QA-Board-View,Regression,,,,,"h2. Purpose

Deliver reliable *execution* and *stabilization* of UI automation for *Transfer* flows in both *CSR* and *Member* contexts, aligned with the Transfer epic (QA-493). Reduce noise from flaky or environment-driven failures so daily regression signal is trustworthy.

h2. Scope

* *In:*
** Execute Transfer-related UI regression for *CSR* and *Member* on agreed environment(s) (e.g. Stage 1).
** Triage failures: *product defect* vs *automation* vs *data* vs *environment* vs *intermittent/flaky*.
** Address stabilization: test fixes, waits/locators, data hygiene, or documented quarantine with PO/Tech Lead approval where appropriate.
** Correlate results with *qTest* (Test Cycle / Test Run IDs) and *Unite* daily report output where the team standard requires it.
* *Out:*
** New Transfer *product* features (belongs in separate Stories).
** Performance/load testing (separate Story/Epic unless explicitly in scope).

h2. Context

Parent epic QA-493 covers end-to-end UI automation tuning and execution for Transfer. This Story focuses on *running* those suites consistently, *stabilizing* flaky cases, and *closing the loop* with evidence (reports, qTest, brief summary in comments).

h2. Evidence & links (fill as you execute)

* Unite regression reports (folder per run day): [http://seleniumhubnt2:8081/reports/unite/?C=M;O=D|http://seleniumhubnt2:8081/reports/unite/?C=M;O=D]
* qTest: PRIME / frontoffice *csr* (and member) cycles — map Transfer test cases to CL-*/TR-* from daily PDFs.
* Confluence: Link *Product requirements* when available (field on Story).

h2. Dependencies

* Stable Stage 1 (or target env) for Transfer CSR + Member.
* Test data and accounts for Transfer scenarios — owner: [NEED_INPUT|https://confluence.ascensus.com/pages/createpage.action?spaceKey=GSSD&title=NEED_INPUT&linkCreation=true&fromPageId=380113162&atl_token=2e94ee8703609088b5a8a11bd28040de886ffffc].
* Any suite XML / job names for Prime V2 Transfer modules — document in first sub-task.

h2. Definition of Done (summary)

See *Acceptance Criteria* below; all AC satisfied, sub-tasks closed or moved to follow-up with explicit parent comment.",,,,,,,,,,,,,,,,,,,,,,,,,,,,,,,,,,,,,QA Automation,,,,"* [ ] *Coverage identified:* Documented list of _CSR Transfer_ and _Member Transfer_ automated scenarios (or suite XML / feature paths) in a Story comment or linked doc; mapped to qTest cycle(s) where applicable.
* [ ] *CSR execution:* At least one _full_ scheduled (or agreed) regression run for CSR Transfer paths completed; link to Unite report folder for that date + TestNG/Surefire link if applicable.
* [ ] *Member execution:* At least one _full_ scheduled (or agreed) regression run for Member Transfer paths completed; same evidence pattern as CSR.
* [ ] *Failure triage log:* For each failure in scope, Story comment (or table) records: date, test name, TR-/CL- id if available, category (Defect / Flaky / Data / Env / Unknown), and owner for follow-up.
* [ ] *Stabilization applied:* Known flaky or brittle cases either _fixed_ (merged) or _explicitly quarantined_ with approval note (PO/Tech Lead) — no silent ignores.
* [ ] *Post-stabilization check:* Re-run of affected Transfer CSR + Member subset (or full suite per team norm) shows _no unresolved_ P1/P2 failures attributable to automation stability for Transfer.
* [ ] *Stakeholder visibility:* Short summary comment on QA-494: pass rate trend, open defects (Jira keys), and link to latest Unite day folder.",,,,,ApprovalsCFValue{approvals=[]},,,,,,,,,,,,,,,,,,,,,,,,,,,,,,,,,,,,,,,,,,,,,,,,,,,{},,,,,,,,,,,,,,,,,,,,,,,,,,,,,,,,,,,,,,,,,,,,,,,,,,,,,,,,,,,,,,,,,,,,,,,,,,,,,,,,,,,,,,,,,,,,,,,,,0|i11a9t:i,,,,,,,,,,,,,,,,,,,,,,,,,,,,,,,,,,,,,,,,,,,AMSQUAD Sprint 26.04 4/1-4/14,,,4/7/2026 0:00,,5,,,,,,,,,7beaaa17-8ac1-438b-ba0b-b71e7f6ebaae,Automation Squad,,,,,,,,,,,,,,,,,,,,,,10415_*:*_1_*:*_437616820_*|*_3_*:*_2_*:*_1217771928_*|*_10409_*:*_2_*:*_767055_*|*_10000_*:*_2_*:*_154242126_*|*_10420_*:*_2_*:*_533540852,,,,,,,,,,,,,,,,,,,,,,,,,,,,,,,,,,,303681,QA-493,Transfer Feature – End-to-End UI automation test case tuning and execution,Done,4/7/2026 13:26
[V2][MEM Profile Update] Member Portal - Account & Doc Maintenance – Negative & Validation Scenarios (Profile & Bank Info),QA-184,269783,Story,Done,QA,QA Automation,software,Timothy Kaufman,6418909f67102fc717c0b0d8,"{quote}Automation & Performance Testing Center of Excellence 


Tracks test strategy, execution, CI results, risk mitigation, and engineering dashboards.  


Project lead: Swapnil Patil (Functional) | Timothy Kaufman (JIRA Admin){quote}",https://confluence.ascensus.com/pages/viewpage.action?pageId=315559619,Low,Done,Sunil Godiyal,712020:cc420b1e-75ad-4809-a429-2b255ac56337,Swapnil Patil,6357f972fc0cc7a600ae8914,Swapnil Patil,6357f972fc0cc7a600ae8914,10/26/2025 20:44,4/28/2026 16:41,,4/28/2026 16:41,,AMSQUAD Sprint 26.05,4/28/2026 0:00,0,MemProfile,Regression,,,,,"Add validation and negative coverage for Member > Profile modules (Personal, Contact, Bank Info) for plan CO*D*.

*Plans:* MID/NYD

*Automation Work:*
Extend Member features with invalid Examples (invalid DOB, duplicate email, blank fields).
Tags → {{@regression}}, {{@dailyrun}}",,Swapnil Patil,,,6357f972fc0cc7a600ae8914,,,,,,,,,,,,,,,,,,,,,,,,,,,,,,,,QA Automation,,,,"* *DoR:*
** Negative data matrix approved and reviewed.
* *DoD:*
** Each invalid input returns the correct error message.
** UI handles invalid entries gracefully with no crashes.
** Execution stable for all negative examples.",,,,,ApprovalsCFValue{approvals=[]},,,,,,,,,,,,,,,,,,,,,,,,,,,,,,,,,,,,,,,,,,,,,,,,,,,{},,,,,,,,,,,,,,,,,,,,,,,,,,,,,,,,,,,,,,,,,,,,,,,,,,,,,,,,,,,,,,,,,,,,,,,,,,,,,,,,,,,,,,,,,,,,,,,,,0|i153ih:v,,,,,,,,,,,,,,,,,,,,,,,,,,,,,,,,,,,,,,,,,,,AMSQUAD Sprint 26.05 4/15-4/28,,,4/28/2026 0:00,,3,,,,,,,,,,,,,,,,,,,,,,,,,,,,,,,,10415_*:*_1_*:*_511093854_*|*_3_*:*_1_*:*_5180_*|*_10409_*:*_2_*:*_10440115081_*|*_10000_*:*_2_*:*_4896079129_*|*_10420_*:*_1_*:*_0,,,,,,,,,,,,,,,,,,,,,,,,,,,,,,,,,,,225845,QA-3,"Update regression test plan for Unite, Universal",Done,4/28/2026 16:41
Member Profile Update – Bank Information (Positive Flow),QA-183,269781,Story,Done,QA,QA Automation,software,Timothy Kaufman,6418909f67102fc717c0b0d8,"{quote}Automation & Performance Testing Center of Excellence 


Tracks test strategy, execution, CI results, risk mitigation, and engineering dashboards.  


Project lead: Swapnil Patil (Functional) | Timothy Kaufman (JIRA Admin){quote}",https://confluence.ascensus.com/pages/viewpage.action?pageId=315559619,Low,Done,Sunil Godiyal,712020:cc420b1e-75ad-4809-a429-2b255ac56337,Swapnil Patil,6357f972fc0cc7a600ae8914,Swapnil Patil,6357f972fc0cc7a600ae8914,10/26/2025 20:42,4/9/2026 8:23,,4/9/2026 8:23,,AMSQUAD Sprint 26.04,4/9/2026 0:00,0,MemProfile,Regression,,,,,"Automate Member > Profile > Bank Info module for adding, editing, and deleting bank accounts for one plan(MND)

*Plans:* MND

*Automation Work:*
Feature → {{MemberProfile_BankInfo.feature}}
Tags → {{@regression}}, {{@dailyrun}}",,Sunil Godiyal,Swapnil Patil,,712020:cc420b1e-75ad-4809-a429-2b255ac56337,6357f972fc0cc7a600ae8914,,,,,,,,,,,,,,,,,,,,,,,,,,,,,,,QA Automation,,,,"* *DoR:*
** Valid test data (routing/account info) available.
** Member bank module accessibility confirmed.
* *DoD:*
** Add/Edit/Delete operations work successfully.
** Changes reflected in backend and CSR portal.
** No stale element or timeout errors in Prime v3 run.",,,,,ApprovalsCFValue{approvals=[]},,,,,,,,,,,,,,,,,,,,,,,,,,,,,,,,,,,,,,,,,,,,,,,,,,,{},,,,,,,,,,,,,,,,,,,,,,,,,,,,,,,,,,,,,,,,,,,,,,,,,,,,,,,,,,,,,,,,,,,,,,,,,,,,,,,,,,,,,,,,,,,,,,,,,0|i11a9s:,,,,,,,,,,,,,,,,,,,,,,,,,,,,,,,,,,,,,,,,,,,AMSQUAD Sprint 26.04 4/1-4/14,,,4/7/2026 0:00,,5,,,,,,,,,,,,,,,,,,,,,,,,,,,,,,,23:31.7,3_*:*_1_*:*_0_*|*_10409_*:*_2_*:*_10440034493_*|*_10000_*:*_2_*:*_3616115569,09/Apr/26 8:23 AM;712020:cc420b1e-75ad-4809-a429-2b255ac56337;All sub tasks completed and code committed to repository.,,,,,,,,,,,,,,,,,,,,,,,,,,,,,,,,,,225845,QA-3,"Update regression test plan for Unite, Universal",Done,4/9/2026 8:23
Member Profile Update – Personal & Contact Information (Positive Flow),QA-182,269779,Story,Done,QA,QA Automation,software,Timothy Kaufman,6418909f67102fc717c0b0d8,"{quote}Automation & Performance Testing Center of Excellence 


Tracks test strategy, execution, CI results, risk mitigation, and engineering dashboards.  


Project lead: Swapnil Patil (Functional) | Timothy Kaufman (JIRA Admin){quote}",https://confluence.ascensus.com/pages/viewpage.action?pageId=315559619,Low,Done,Sunil Godiyal,712020:cc420b1e-75ad-4809-a429-2b255ac56337,Swapnil Patil,6357f972fc0cc7a600ae8914,Swapnil Patil,6357f972fc0cc7a600ae8914,10/26/2025 20:41,4/8/2026 8:18,,4/8/2026 7:58,,AMSQUAD Sprint 26.04,,0,MemProfile,Regression,,,,,"Automate Member > Profile > Personal and Contact Info updates (name, address, phone, email) for one plan (*COD*) to validate end-to-end update propagation.

*Plans:* COD (Direct Plan)

*Automation Work:*
Feature → {{MemberProfile_PersonalContact.feature}}
Tags → {{@regression}}, {{@dailyrun}}",,Sunil Godiyal,Swapnil Patil,,712020:cc420b1e-75ad-4809-a429-2b255ac56337,6357f972fc0cc7a600ae8914,,,,,,,,,,,,,,,,,,,,,,,,,,,,,,,QA Automation,,,,"* *DoR:*
** Member credentials and plan verified.
** Access path for “Profile → Personal & Contact” confirmed.
* *DoD:*
** Member can successfully edit and save info.
** Updated data reflected in CSR portal and DB.
** Page saves without UI validation errors.",,,,,ApprovalsCFValue{approvals=[]},,,,,,,,,,,,,,,,,,,,,,,,,,,,,,,,,,,,,,,,,,,,,,,,,,,{},,,,,,,,,,,,,,,,,,,,,,,,,,,,,,,,,,,,,,,,,,,,,,,,,,,,,,,,,,,,,,,,,,,,,,,,,,,,,,,,,,,,,,,,,,,,,,,,,0|i11a9r:,,,,,,,,,,,,,,,,,,,,,,,,,,,,,,,,,,,,,,,,,,,AMSQUAD Sprint 26.04 4/1-4/14,,,4/2/2026 0:00,,5,,,,,,,,,,,,,,,,,,,,,,,,,,,,,,,58:02.3,3_*:*_2_*:*_575153412_*|*_10409_*:*_2_*:*_10438529257_*|*_10000_*:*_3_*:*_3059492413_*|*_11552_*:*_1_*:*_0,08/Apr/26 7:58 AM;712020:cc420b1e-75ad-4809-a429-2b255ac56337;All sub tasks completed,,,,,,,,,,,,,,,,,,,,,,,,,,,,,,,,,,225845,QA-3,"Update regression test plan for Unite, Universal",Done,4/8/2026 7:58
[V2][Profile Update] CSR Profile Maintenance – Flakiness Stabilization (All Modules),QA-181,269777,Story,Done,QA,QA Automation,software,Timothy Kaufman,6418909f67102fc717c0b0d8,"{quote}Automation & Performance Testing Center of Excellence 


Tracks test strategy, execution, CI results, risk mitigation, and engineering dashboards.  


Project lead: Swapnil Patil (Functional) | Timothy Kaufman (JIRA Admin){quote}",https://confluence.ascensus.com/pages/viewpage.action?pageId=315559619,Low,Done,Sunil Godiyal,712020:cc420b1e-75ad-4809-a429-2b255ac56337,Swapnil Patil,6357f972fc0cc7a600ae8914,Swapnil Patil,6357f972fc0cc7a600ae8914,10/26/2025 20:39,5/21/2026 8:23,,5/21/2026 8:23,,AMSQUAD Sprint 26.07,5/21/2026 0:00,0,CSRProfile,Regression,,,,,"Stabilize flakiness and intermittent failures across all CSR modules by enhancing waits, element locators, and session handling.

fix otherwise replace with other plan, handle exceptions & missing cases

*Plans:* All CSR plans (IDP, Non IDP, UE enabled, Legacy & High yield plans)

*Automation Work:*
Target modules → Personal Info, Bank Info, Security Questions
Tags → {{@regression}}, {{@dailyrun}}",,Swapnil Patil,,,6357f972fc0cc7a600ae8914,,,,,,,,,,,,,,,,,,,,,,,,,,,,,,,,QA Automation,,,,"* *DoR:*
** Flaky scenarios identified and documented.
* *DoD:*
** Test stability ≥ 98% success rate across nightly runs.
** Logs validated to ensure no blank page or stale element errors.",,,,,ApprovalsCFValue{approvals=[]},,,,,,,,,,,,,,,,,,,,,,,,,,,,,,,,,,,,,,,,,,,,,,,,,,,{},,,,,,,,,,,,,,,,,,,,,,,,,,,,,,,,,,,,,,,,,,,,,,,,,,,,,,,,,,,,,,,,,,,,,,,,,,,,,,,,,,,,,,,,,,,,,,,,,0|i15w2j:,,,,,,,,,,,,,,,,,,,,,,,,,,,,,,,,,,,,,,,,,,,AMSQUAD Sprint 26.07 5/13-5/27,,,5/20/2026 0:00,,2,,,,,,,,,,,,,,,,,,,,,,,,,,,,,,,,10415_*:*_1_*:*_429289877_*|*_3_*:*_1_*:*_90373791_*|*_10409_*:*_2_*:*_10440403565_*|*_10000_*:*_2_*:*_6880544582_*|*_11552_*:*_1_*:*_0,,,,,,,,,,,,,,,,,,,,,,,,,,,,,,,,,,,225845,QA-3,"Update regression test plan for Unite, Universal",Done,5/21/2026 8:23
[V2][Profile maint.] CSR Profile Maintenance – Security Questions & Delivery Preferences - Plan Coverage,QA-179,269773,Story,Done,QA,QA Automation,software,Timothy Kaufman,6418909f67102fc717c0b0d8,"{quote}Automation & Performance Testing Center of Excellence 


Tracks test strategy, execution, CI results, risk mitigation, and engineering dashboards.  


Project lead: Swapnil Patil (Functional) | Timothy Kaufman (JIRA Admin){quote}",https://confluence.ascensus.com/pages/viewpage.action?pageId=315559619,Low,Done,Sunil Godiyal,712020:cc420b1e-75ad-4809-a429-2b255ac56337,Swapnil Patil,6357f972fc0cc7a600ae8914,Swapnil Patil,6357f972fc0cc7a600ae8914,10/26/2025 20:36,5/8/2026 17:36,,5/7/2026 9:13,,AMSQUAD Sprint 26.06,5/7/2026 0:00,0,CSRProfile,Regression,,,,,"Automate CSR workflows for updating security questions and delivery preferences across multiple plans

*Plans:* NYD, KSD, NYB, ILB

*Automation Work:*
Features → {{SecurityQuestions.feature}}, {{DeliveryPreference.feature}}
Tags → {{@regression}}, {{@dailyrun}}",,Swapnil Patil,,,6357f972fc0cc7a600ae8914,,,,,,,,,,,,,,,,,,,,,,,,,,,,,,,,QA Automation,,,,"* *DoR:*
** Existing Prime v2 feature validated for UI compatibility.
** Mock validation data and retry logic configured.
* *DoD:*
** CSR can successfully update security questions and delivery options.
** Retry logic implemented for overlay or modal failures.
** 100% pass rate in Stage 1 execution.",,,,,ApprovalsCFValue{approvals=[]},,,,,,,,,,,,,,,,,,,,,,,,,,,,,,,,,,,,,,,,,,,,,,,,,,,{},,,,,,,,,,,,,,,,,,,,,,,,,,,,,,,,,,,,,,,,,,,,,,,,,,,,,,,,,,,,,,,,,,,,,,,,,,,,,,,,,,,,,,,,,,,,,,,,,0|i127i3:0dm,,,,,,,,,,,,,,,,,,,,,,,,,,,,,,,,,,,,,,,,,,,AMSQUAD Sprint 26.06 4/29-5/12,,,5/5/2026 0:00,,3,,,,,,,,,,,,,,,,,,,,,,,,,,,,,,,,10415_*:*_2_*:*_90089397_*|*_3_*:*_2_*:*_24829_*|*_10409_*:*_2_*:*_10440585683_*|*_10000_*:*_3_*:*_5930358479_*|*_10420_*:*_1_*:*_0,,,,,,,,,,,,,,,,,,,,,,,,,,,,,,,,,,,225845,QA-3,"Update regression test plan for Unite, Universal",Done,5/7/2026 9:13
[V2][Profile Update] CSR Profile Maintenance – Beneficiaries (Add/Edit/Delete) (Multi-Plan Expansion),QA-178,269771,Story,Done,QA,QA Automation,software,Timothy Kaufman,6418909f67102fc717c0b0d8,"{quote}Automation & Performance Testing Center of Excellence 


Tracks test strategy, execution, CI results, risk mitigation, and engineering dashboards.  


Project lead: Swapnil Patil (Functional) | Timothy Kaufman (JIRA Admin){quote}",https://confluence.ascensus.com/pages/viewpage.action?pageId=315559619,Low,Done,Sunil Godiyal,712020:cc420b1e-75ad-4809-a429-2b255ac56337,Swapnil Patil,6357f972fc0cc7a600ae8914,Swapnil Patil,6357f972fc0cc7a600ae8914,10/26/2025 20:34,5/11/2026 8:12,,4/29/2026 9:16,,AMSQUAD Sprint 26.05,4/29/2026 0:00,0,CSRProfile,Regression,,,,,"Automate beneficiary add/edit/delete operations under CSR profile maintenance for multi supported plans.

*Plans:* NYD, NYA, NYB or other plans

*Automation Work:*
Feature → {{Beneficiary.feature}}
Tags → {{@regression}}, {{@dailyrun}}",,Swapnil Patil,,,6357f972fc0cc7a600ae8914,,,,,,,,,,,,,,,,,,,,,,,,,,,,,,,,QA Automation,,,,"* *DoR:*
** All required test data (routing/account numbers) available.
** Feature reviewed for Prime v3 locator updates.
* *DoD:*
** Add/Edit/Delete operations succeed across all plans.
** DB reflects updates within sync window.
** CSR validation and qTest report pass with zero unhandled errors.",,,,,ApprovalsCFValue{approvals=[]},,,,,,,,,,,,,,,,,,,,,,,,,,,,,,,,,,,,,,,,,,,,,,,,,,,{},,,,,,,,,,,,,,,,,,,,,,,,,,,,,,,,,,,,,,,,,,,,,,,,,,,,,,,,,,,,,,,,,,,,,,,,,,,,,,,,,,,,,,,,,,,,,,,,,0|i153ig:,,,,,,,,,,,,,,,,,,,,,,,,,,,,,,,,,,,,,,,,,,,AMSQUAD Sprint 26.05 4/15-4/28,,,4/28/2026 0:00,,3,,,,,,,,,,,,,,,,,,,,,,,,,,,,,,,,10415_*:*_1_*:*_34751605_*|*_3_*:*_1_*:*_5247846_*|*_10409_*:*_2_*:*_10440714337_*|*_10000_*:*_2_*:*_5407196460_*|*_10420_*:*_1_*:*_0,,,,,,,,,,,,,,,,,,,,,,,,,,,,,,,,,,,225845,QA-3,"Update regression test plan for Unite, Universal",Done,4/29/2026 9:16
[V2/V3/PerfTesting][Daily][Platform Support] Daily regression review & triage — V2 + V3 + Perf Testing,QA-1606,350329,Story,To Do,QA,QA Automation,software,Timothy Kaufman,6418909f67102fc717c0b0d8,"{quote}Automation & Performance Testing Center of Excellence 


Tracks test strategy, execution, CI results, risk mitigation, and engineering dashboards.  


Project lead: Swapnil Patil (Functional) | Timothy Kaufman (JIRA Admin){quote}",https://confluence.ascensus.com/pages/viewpage.action?pageId=315559619,Low,,Swapnil Patil,6357f972fc0cc7a600ae8914,Swapnil Patil,6357f972fc0cc7a600ae8914,Swapnil Patil,6357f972fc0cc7a600ae8914,8/5/2026 9:35,8/6/2026 9:07,8/5/2026 9:35,,,AMSQUAD Sprint 26.11,,0,AutomatedTesting,QA-Board-View,Regression,Regression_Testing,,,"Every business day at *7:30 AM* (local to offshore), perform a *daily health check* of the *Prime V2* and *Prime V3* regression jobs that finished overnight.
Tasks include: review *qTest* executions and *TestNG* reports, scan failures *by module*, reproduce locally or run a focused re-execution to confirm legitimacy, and communicate results.

* *If all green:* post a short status update to the team channel.
* *If failures:* email the Project Lead (Swapnil) following the bug-handling guidelines with the required evidence (plan, module, test case(s), exception, logs/screenshots, links). Swapnil will open/route defects.

*Goal:* Provide a reliable, single source of truth each morning on regression health (V2 + V3), with actionable failure details.

*Linked Docs:*

* *Bug Handling Process:* [https://confluence.ascensus.com/pages/viewpage.action?pageId=326751557|https://confluence.ascensus.com/pages/viewpage.action?pageId=326751557]
* *TestNG (V2) Report Index:* [http://seleniumhubnt2:8081/reports/unite/?C=M;O=D|http://seleniumhubnt2:8081/reports/unite/?C=M;O=D]
* *V3 Pipelines (TestNG inside job artifacts):* [https://gitlab.com/ascensus-gs/products/depot/qa-automation/prime-test-automation/-/pipeline_schedules|https://gitlab.com/ascensus-gs/products/depot/qa-automation/prime-test-automation/-/pipeline_schedules]
* *qTest Portal (Project 90985):* [https://ascensus.qtestnet.com/p/90985/portal/project#tab=testexecution|https://ascensus.qtestnet.com/p/90985/portal/project#tab=testexecution]



h2. Reporting Templates (copy/paste)

h3. A) Teams/Slack – *All Green*

{noformat}
Prime Version2
	stage1-acct-overview: <Pass/Fail> | Reason/Comment: <failures due to falkiness, so all look good>
	stage1-contributions: <Pass/Fail> | Reason/Comment: <failures due to falkiness, so all look good>
	stage1-csr-acct-main: <Pass/Fail> | Reason/Comment: <failures due to falkiness, so all look good>
	stage1-enrollments	: <Pass/Fail> | Reason/Comment: <failures due to falkiness, so all look good>
	stage1-sardine-regre: <Pass/Fail> | Reason/Comment: <failures due to falkiness, so all look good>
	stage1-web-login	: <Pass/Fail> | Reason/Comment: <failures due to falkiness, so all look good>
	stage1-web-registrat: <Pass/Fail> | Reason/Comment: <failures due to falkiness, so all look good>
	stage1-withdrawals	: <Pass/Fail> | Reason/Comment: <failures due to falkiness, so all look good>

Prime Version 3
	universal-enrollment-stage1	: <Pass/Fail> | Reason/Comment: <failures due to falkiness, so all look good>
	idp-login-stage1			: <Pass/Fail> | Reason/Comment: <failures due to falkiness, so all look good>
    Unite						: <Pass/Fail> | Reason/Comment: <failures due to falkiness, so all look good>

Overall Comment/Note: 
{noformat}

h3. B) Teams/Slack – *With Failures (pending confirmation)*

{noformat}⚠️Daily Regression: 

Prime Version2
	Module: stage1-acct-overview
	Plan: 
	Report Link:
	Exception Link:
	Screenshot link:
	Reason for failure: 

Prime Version 3
	Module: stage1-acct-overview
	Plan: 
	Report Link:
	Exception Link:
	Screenshot link:
	Reason for failure: 

Overall Comment/Note: 

Action: Reproducing locally to confirm. Will email details if legit.{noformat}",,Swapnil Patil,,,6357f972fc0cc7a600ae8914,,,,,,,,,,,,,,,,,,,,,,,,,,,,,,,,QA Automation,,,,"* A triage pass is completed *every business day at 7:30 AM* for *both V2 and V3*.
* Each module (Login, Web Reg, Enrollment, Contributions, Withdrawals, Profile/Acct Maint., Balance, Entity if present) is reviewed in the TestNG/qTest results.
* Any *failure* is verified by *local rerun or targeted re-execution*; false alarms are filtered out.
* Communication is sent:
** *Pass:* concise Teams/Slack message with run IDs and pass rate.
** *Fail:* *email* to PL with all required fields (see template below).
* A daily *comment* is added to this story (or subtask) with the outcome + links.
* Time is *logged* (actual time spent) to this story/subtasks.",,,,,ApprovalsCFValue{approvals=[]},,,,,,,,,,,,,,,,,,,,,,,,,,,,,,,,,,,,,,,,,,,,,,,,,,,{},,,,,,,,,,,,,,,,,,,,,,,,,,,,,,,,,,,,,,,,,,,,,,,,,,,,,,,,,,,,,,,,,,,,,,All 529 Plans,All ABLE Plans,,,,,,,,,,,,,,,,,,,,,,,,,,0|i19796:,,,,,,,,,,,,,,,,,,,,,,,,,,,,,,,,,,,,,,,,,,,AMSQUAD Sprint 26.13 8/05-8/18,,,7/1/2026 0:00,,3,,,,,,,,,4821708b-58a1-45f9-93f1-fe52c0da32a7,QA Automation,,,,,,,,,,,,,,,,,,,,,,,,,,,,,,,,,,,,,,,,,,,,,,,,,,,,,,,,,313677,QA-623,Platform Support — AMSQUAD Sprint Q2 26.05 onwards,To Do,8/5/2026 9:35
"[UNITE-MSC][Mobile2][Validation] All business features — coverage matrix, L1–L4 validation, execution evidence, and sign-off package",QA-1553,349647,Story,Done,QA,QA Automation,software,Timothy Kaufman,6418909f67102fc717c0b0d8,"{quote}Automation & Performance Testing Center of Excellence 


Tracks test strategy, execution, CI results, risk mitigation, and engineering dashboards.  


Project lead: Swapnil Patil (Functional) | Timothy Kaufman (JIRA Admin){quote}",https://confluence.ascensus.com/pages/viewpage.action?pageId=315559619,Low,Done,Swapnil Patil,6357f972fc0cc7a600ae8914,Swapnil Patil,6357f972fc0cc7a600ae8914,Swapnil Patil,6357f972fc0cc7a600ae8914,7/31/2026 14:07,8/5/2026 8:34,8/5/2026 8:34,8/5/2026 8:34,,AMSQUAD Sprint 26.12,8/5/2026 0:00,0,MobileAutomation,QA-Board-View,Regression,unite-msc,,,"Mobile 2 API automation is *complete at 24/25 business endpoints* (96%) per Jul 23 scope alignment. One harness endpoint ({{GET mobilemembers/{planId}/{username}}}) is excluded by design (smoke only). Canonical TestNG tests exist on {{main}} across all business feature areas. *This story* validates the full Mobile 2 program — not new implementation. Individual feature stories (Activities, Banks, Content, etc.) cover coding; this story covers *end-to-end validation, matrix accuracy, L1–L4 evidence, and leadership sign-off*.

*Feature areas to validate:*

||Area||KB reference||
|Dashboard|{{mobile2-api-db-validation/docs/02-features/mobiledashboard/}}|
|YTD Summary|{{02-features/}} (mobileytdsummary)|
|Banks|{{02-features/mobilebank/}}|
|Contribution|{{02-features/mobilecontribution/}}|
|Content|{{02-features/contentservice/}}|
|Activity|{{02-features/mobileactivity/}}|
|Investment|{{02-features/investment/}}|
|Balance Trends|{{02-features/mobileBalanceTrend/}}|
|Transaction History|{{02-features/mobileTransactionHistory/}}|
|Performance|{{02-features/mobilePerformance/}}|
|Stackup|{{02-features/mobileStackup/}}|
|UGift|{{02-features/mobileugift/}}|
|Plan Selection|{{02-features/planselection/}}|
|E2E|{{02-features/e2e/}}|

*In scope:*

* Per-feature validation: test on main, suite wired, last execution evidence, KB overview reviewed
* Coverage matrix vs {{mappings/endpoint-registry.yaml}}
* L1–L4 validation evidence (HTTP, contract, schema, business assertions) — not L5 SQL
* Stage 1 execution sample when auth path is healthy
* Sign-off package refresh ({{Mobile-2-API-Automation-Sign-Off}} template)
* Gap log with linked follow-up stories for any failing area
* Update {{mobile2-api-db-validation/STATUS.md}}

*Out of scope:*

* New endpoint implementation
* L5 SQL API–DB full program
* Performance load testing (separate track)
* Modifying BFF/microservice source code

----



h2. Acceptance Criteria

* Coverage matrix completed for all Mobile 2 business features: endpoint, area, test class, suite link, status, last run, notes
* 24/25 business endpoints verified on main with canonical tests; harness exclusion documented
* Each feature area above has KB {{overview.md}} reviewed and STATUS.md updated
* L1–L4 sign-off bar documented (global or per-feature with exceptions noted)
* At least one Stage 1 execution evidence linked (report URL, date, pass/fail summary)
* Sign-off package generated or refreshed (DOCX/PDF) for leadership/SME review
* Gaps requiring new stories listed and linked in Jira — no silent failures
* Does not duplicate QA-987 Dashboard work or QA-1053

----



h2. Definition of Done

* All acceptance criteria met with matrix, sign-off doc, and execution links in Jira
* Leadership can treat Mobile 2 as validated at L1–L4 bar based on published evidence
* {{STATUS.md}} reflects validated state for every in-scope feature area
* Story closed with sign-off artifact path and coverage matrix path in Jira commen",,Automation for Jira,Swapnil Patil,,557058:f58131cb-b67d-43c7-b30d-6b58d40bd077,6357f972fc0cc7a600ae8914,,,,,,,,,,,,,,,,,,,,,,,,,,,,,,,,,,,,,,,,ApprovalsCFValue{approvals=[]},,,,,,,,,,,,,,,,,,,,,,,,,,,,,,,,,,,,,,,,,,,,,,,,,,,{},,,,,,,,,,,,,,,,,,,,,,,,,,,,,,,,,,,,,,,,,,,,,,,,,,,,,,,,,,,,,,,,,,,,,,,,,,,,,,,,,,,,,,,,,,,,,,,,,0|i18pth:zzuzncx,,,,,,,,,,,,,,,,,,,,,,,,,,,,,,,,,,,,,,,,,,,AMSQUAD Sprint 26.12 7/22-8/04,,,7/31/2026 0:00,,2,,,,,,,,,4821708b-58a1-45f9-93f1-fe52c0da32a7,QA Automation,,,,,,,,,,,,,,,,,,,,,46:28.8,3_*:*_1_*:*_0_*|*_10409_*:*_1_*:*_61515_*|*_10000_*:*_1_*:*_9455475,"31/Jul/26 4:46 PM;557058:f58131cb-b67d-43c7-b30d-6b58d40bd077;Sub-task QA-1566 was updated:
  • Status: In Progress
  ","31/Jul/26 4:46 PM;557058:f58131cb-b67d-43c7-b30d-6b58d40bd077;Sub-task QA-1568 was updated:
  • Status: In Progress
  ","31/Jul/26 4:46 PM;557058:f58131cb-b67d-43c7-b30d-6b58d40bd077;Sub-task QA-1565 was updated:
  • Status: In Progress
  ","31/Jul/26 4:46 PM;557058:f58131cb-b67d-43c7-b30d-6b58d40bd077;Sub-task QA-1564 was updated:
  • Status: In Progress
  ","31/Jul/26 4:46 PM;557058:f58131cb-b67d-43c7-b30d-6b58d40bd077;Sub-task QA-1563 was updated:
  • Status: In Progress
  ","31/Jul/26 4:46 PM;557058:f58131cb-b67d-43c7-b30d-6b58d40bd077;Sub-task QA-1562 was updated:
  • Status: In Progress
  ","31/Jul/26 4:48 PM;557058:f58131cb-b67d-43c7-b30d-6b58d40bd077;Sub-task QA-1567 was updated:
  • Status: In Progress
  ","31/Jul/26 4:48 PM;557058:f58131cb-b67d-43c7-b30d-6b58d40bd077;Sub-task QA-1562 was updated:
  • Status: Done
  ","31/Jul/26 4:49 PM;557058:f58131cb-b67d-43c7-b30d-6b58d40bd077;Sub-task QA-1563 was updated:
  • Status: Done
  ","31/Jul/26 4:50 PM;557058:f58131cb-b67d-43c7-b30d-6b58d40bd077;Sub-task QA-1564 was updated:
  • Status: Done
  ","31/Jul/26 4:50 PM;557058:f58131cb-b67d-43c7-b30d-6b58d40bd077;Sub-task QA-1565 was updated:
  • Status: Done
  ","05/Aug/26 8:34 AM;557058:f58131cb-b67d-43c7-b30d-6b58d40bd077;Sub-task QA-1567 was updated:
  • Status: Done
  ","05/Aug/26 8:34 AM;557058:f58131cb-b67d-43c7-b30d-6b58d40bd077;Sub-task QA-1568 was updated:
  • Status: Done
  ","05/Aug/26 8:34 AM;557058:f58131cb-b67d-43c7-b30d-6b58d40bd077;Sub-task QA-1566 was updated:
  • Status: Done
  ",,,,,,,,,,,,,,,,,,,,,320810,QA-796,Unite MSC Test Automation,Done,8/5/2026 8:34
[UNITE-MSC][ENVP][CICD] Coordinate DevOps integration of Mobile 1/2 API suites into environment pipeline workflow,QA-1552,349646,Story,Done,QA,QA Automation,software,Timothy Kaufman,6418909f67102fc717c0b0d8,"{quote}Automation & Performance Testing Center of Excellence 


Tracks test strategy, execution, CI results, risk mitigation, and engineering dashboards.  


Project lead: Swapnil Patil (Functional) | Timothy Kaufman (JIRA Admin){quote}",https://confluence.ascensus.com/pages/viewpage.action?pageId=315559619,Low,Done,Swapnil Patil,6357f972fc0cc7a600ae8914,Swapnil Patil,6357f972fc0cc7a600ae8914,Swapnil Patil,6357f972fc0cc7a600ae8914,7/31/2026 14:05,8/5/2026 8:33,8/5/2026 8:33,8/5/2026 8:33,,AMSQUAD Sprint 26.12,8/5/2026 0:00,0,MobileAutomation,QA-Board-View,Regression,unite-msc,,,"*ENVP (Environment Pipeline)* per Epic *QA-600* and Aha *ACS-5289* requires packaged, runnable automation suites wired to CI with clear UI vs API labeling. Unite MSC Mobile 2 master regression targets *GitLab nightly* in {{api-test-automation}} (QA-1405 pattern). Mobile 1 suites are expanding. *DevOps implements* pipeline YAML and schedules; *this story* is QA coordination — requirements, job design review, validation runs, and runbook documentation.

*Purpose:* Get Mobile 1 and Mobile 2 API regression integrated into the ENVP/GitLab workflow so deployments can use MSC automation as a confidence gate.

*In scope:*

* DevOps partnership to add/adjust GitLab CI jobs in {{api-test-automation}} repo
* Mobile 2 job: {{scheduled_mobile2_master_regression}} — QC4 phase 1, Stage 1 phase 2 (Maven profiles {{mobile-ms-master-regression}}, {{acceptance-qc4}}, {{acceptance-stage1}})
* Mobile 1 job slot documented when master suite is ready ({{mobile1}} POM install pattern)
* Validate Maven commands, {{devopsProperties}}, {{gitlab.properties}}, secure files — no secrets in KB
* Surefire JUnit ingest, HTML report publishing, failure triage path documented
* ENVP workflow mapping — nightly vs post-deploy trigger, pass/fail gate, triage owner
* KB runbook update; align API vs UI taxonomy with UEPIPE ENVP stories

*Out of scope:*

* Authoring all pipeline YAML (DevOps)
* Universal Enrollment UI ENVP suite (UEPIPE-01)
* Sonar/Fortify/unit gates
* Modifying {{prime-test-automation}} Selenium nightly

*Reference:* {{leadership-updates/unite-msc/2026-07-17-leadership-update/jira-story-mobile2-nightly-gitlab.md}}, {{mobile2-api-db-validation/JIRA-story-mobile2-qc4-pipeline-dashboard.md}}

----



h2. Acceptance Criteria

* DevOps sub-task or linked ticket created with agreed job name, schedule, and Maven command for Mobile 2 master regression
* Phase 1 (QC4) job runs green at least once; JUnit and HTML report artifacts published in GitLab
* Phase 2 (Stage 1) approach documented — second Maven leg or separate schedule
* Mobile 1 pipeline slot documented (job stub or follow-on story linked)
* ENVP mapping doc completed: trigger (nightly vs post-deploy), pass/fail gate, triage owner
* KB runbook updated with pipeline URL, rerun criteria, and troubleshooting — no secrets committed
* Sample green build URL posted in QA-600 or QA-796 Jira comment
* Retry/flake policy referenced (UEPIPE-03 or team standard)

----



h2. Definition of Done

* All acceptance criteria met with GitLab pipeline URL and KB runbook path in Jira
* QA Automation can trigger Mobile 2 regression from GitLab without DevOps hand-holding for routine runs
* ENVP stakeholders can see where MSC API jobs fit in the deployment workflow
* Story closed with pipeline evidence attached or linked",,Automation for Jira,Swapnil Patil,,557058:f58131cb-b67d-43c7-b30d-6b58d40bd077,6357f972fc0cc7a600ae8914,,,,,,,,,,,,,,,,,,,,,,,,,,,,,,,,,,,,,,,,ApprovalsCFValue{approvals=[]},,,,,,,,,,,,,,,,,,,,,,,,,,,,,,,,,,,,,,,,,,,,,,,,,,,{},,,,,,,,,,,,,,,,,,,,,,,,,,,,,,,,,,,,,,,,,,,,,,,,,,,,,,,,,,,,,,,,,,,,,,,,,,,,,,,,,,,,,,,,,,,,,,,,,0|i18pth:zzuzncv,,,,,,,,,,,,,,,,,,,,,,,,,,,,,,,,,,,,,,,,,,,AMSQUAD Sprint 26.12 7/22-8/04,,,8/5/2026 0:00,,2,,,,,,,,,4821708b-58a1-45f9-93f1-fe52c0da32a7,QA Automation,,,,,,,,,,,,,,,,,,,,,51:32.2,10415_*:*_1_*:*_401929515_*|*_3_*:*_1_*:*_0_*|*_10409_*:*_1_*:*_212004_*|*_10000_*:*_1_*:*_9930443,"31/Jul/26 4:51 PM;557058:f58131cb-b67d-43c7-b30d-6b58d40bd077;Sub-task QA-1569 was updated:
  • Status: In Progress
  ","31/Jul/26 4:51 PM;557058:f58131cb-b67d-43c7-b30d-6b58d40bd077;Sub-task QA-1570 was updated:
  • Status: In Progress
  ","31/Jul/26 4:51 PM;557058:f58131cb-b67d-43c7-b30d-6b58d40bd077;Sub-task QA-1571 was updated:
  • Status: In Progress
  ","31/Jul/26 4:51 PM;557058:f58131cb-b67d-43c7-b30d-6b58d40bd077;Sub-task QA-1573 was updated:
  • Status: In Progress
  ","31/Jul/26 4:51 PM;557058:f58131cb-b67d-43c7-b30d-6b58d40bd077;Sub-task QA-1572 was updated:
  • Status: In Progress
  ","31/Jul/26 4:51 PM;557058:f58131cb-b67d-43c7-b30d-6b58d40bd077;Sub-task QA-1574 was updated:
  • Status: In Progress
  ","31/Jul/26 4:52 PM;557058:f58131cb-b67d-43c7-b30d-6b58d40bd077;Sub-task QA-1575 was updated:
  • Status: In Progress
  ","31/Jul/26 4:52 PM;557058:f58131cb-b67d-43c7-b30d-6b58d40bd077;Sub-task QA-1576 was updated:
  • Status: In Progress
  ","31/Jul/26 4:52 PM;557058:f58131cb-b67d-43c7-b30d-6b58d40bd077;Sub-task QA-1577 was updated:
  • Status: In Progress
  ","31/Jul/26 4:53 PM;557058:f58131cb-b67d-43c7-b30d-6b58d40bd077;Sub-task QA-1569 was updated:
  • Status: Done
  ","31/Jul/26 4:53 PM;557058:f58131cb-b67d-43c7-b30d-6b58d40bd077;Sub-task QA-1570 was updated:
  • Status: Done
  ","31/Jul/26 4:54 PM;557058:f58131cb-b67d-43c7-b30d-6b58d40bd077;Sub-task QA-1573 was updated:
  • Status: Done
  ","05/Aug/26 8:33 AM;557058:f58131cb-b67d-43c7-b30d-6b58d40bd077;Sub-task QA-1577 was updated:
  • Status: Done
  ","05/Aug/26 8:33 AM;557058:f58131cb-b67d-43c7-b30d-6b58d40bd077;Sub-task QA-1576 was updated:
  • Status: Done
  ","05/Aug/26 8:33 AM;557058:f58131cb-b67d-43c7-b30d-6b58d40bd077;Sub-task QA-1571 was updated:
  • Status: Done
  ","05/Aug/26 8:33 AM;557058:f58131cb-b67d-43c7-b30d-6b58d40bd077;Sub-task QA-1574 was updated:
  • Status: Done
  ","05/Aug/26 8:33 AM;557058:f58131cb-b67d-43c7-b30d-6b58d40bd077;Sub-task QA-1572 was updated:
  • Status: Done
  ","05/Aug/26 8:33 AM;557058:f58131cb-b67d-43c7-b30d-6b58d40bd077;Sub-task QA-1575 was updated:
  • Status: Done
  ",,,,,,,,,,,,,,,,,320810,QA-796,Unite MSC Test Automation,Done,8/5/2026 8:33
"[UNITE-MSC][Coordination] Cross-team alignment, coverage matrix validation, and leadership reporting for MSC API automation",QA-1551,349645,Story,Done,QA,QA Automation,software,Timothy Kaufman,6418909f67102fc717c0b0d8,"{quote}Automation & Performance Testing Center of Excellence 


Tracks test strategy, execution, CI results, risk mitigation, and engineering dashboards.  


Project lead: Swapnil Patil (Functional) | Timothy Kaufman (JIRA Admin){quote}",https://confluence.ascensus.com/pages/viewpage.action?pageId=315559619,Low,Done,Swapnil Patil,6357f972fc0cc7a600ae8914,Swapnil Patil,6357f972fc0cc7a600ae8914,Swapnil Patil,6357f972fc0cc7a600ae8914,7/31/2026 14:03,8/5/2026 8:32,,8/5/2026 8:32,,AMSQUAD Sprint 26.12,8/5/2026 0:00,0,MobileAutomation,QA-Board-View,Regression,unite-msc,,,"Unite MSC API automation spans *Mobile 2* (24/25 business endpoints implemented), *Mobile 1* (6/27 in progress), *Enrollment*, QC4 vs *Stage 1* hybrid environment strategy, API validation depth (L1–L4 vs optional L5 SQL), and nightly pipeline readiness (QA-1405). Technical implementation stories exist per endpoint area in the QA-796 backlog. *This story* is program-level coordination — not endpoint coding.

*Purpose:* Validate coverage matrices, align with dev SMEs, DevOps, and leadership (Rajib/Henry), resolve blockers, and keep KB and leadership artifacts current so all parties share one view of what is complete, in progress, blocked, and signed off.

*In scope:*

* Reconcile coverage matrix across sources: {{mobile2-api-db-validation/mappings/endpoint-registry.yaml}}, government-savings coverage registers, Jul 23 scope alignment deck ({{leadership-updates/unite-msc/2026-07-23-scope-alignment/}})
* Cross-team working sessions — dev (endpoint routing, IDP/OTP), DevOps (QC4 stability, pipeline), performance track
* Document QC4 vs Stage 1 hybrid strategy and known blockers ({{mobile2-api-db-validation/ISSUES/}})
* Align L1–L4 sign-off bar vs L5 SQL program decision with leadership
* Update {{mobile2-api-db-validation/STATUS.md}}, coverage maps, leadership pointers
* Mobile 2 sign-off certificate inputs; identify SME gaps
* Link related work (QA-1405, QA-615, QA-333) — do not duplicate existing board items (QA-987, QA-1053, etc.)

*Out of scope:*

* Writing new TestNG test classes (stream owner stories)
* Modifying UniteMSC application source repos
* Full L5 SQL API–DB program (separate leadership decision)

Unite MSC API automation spans *Mobile 2* (24/25 business endpoints implemented), *Mobile 1* (6/27 in progress), *Enrollment*, QC4 vs *Stage 1* hybrid environment strategy, API validation depth (L1–L4 vs optional L5 SQL), and nightly pipeline readiness (QA-1405). Technical implementation stories exist per endpoint area in the QA-796 backlog. *This story* is program-level coordination — not endpoint coding.

*Purpose:* Validate coverage matrices, align with dev SMEs, DevOps, and leadership (Rajib/Henry), resolve blockers, and keep KB and leadership artifacts current so all parties share one view of what is complete, in progress, blocked, and signed off.

*In scope:*

* Reconcile coverage matrix across sources: {{mobile2-api-db-validation/mappings/endpoint-registry.yaml}}, government-savings coverage registers, Jul 23 scope alignment deck ({{leadership-updates/unite-msc/2026-07-23-scope-alignment/}})
* Cross-team working sessions — dev (endpoint routing, IDP/OTP), DevOps (QC4 stability, pipeline), performance track
* Document QC4 vs Stage 1 hybrid strategy and known blockers ({{mobile2-api-db-validation/ISSUES/}})
* Align L1–L4 sign-off bar vs L5 SQL program decision with leadership
* Update {{mobile2-api-db-validation/STATUS.md}}, coverage maps, leadership pointers
* Mobile 2 sign-off certificate inputs; identify SME gaps
* Link related work (QA-1405, QA-615, QA-333) — do not duplicate existing board items (QA-987, QA-1053, etc.)

*Out of scope:*

* Writing new TestNG test classes (stream owner stories)
* Modifying UniteMSC application source repos
* Full L5 SQL API–DB program (separate leadership decision)

----



h2. Acceptance Criteria

* Coverage matrix published in KB: Mobile 2 endpoints × implementation status × last execution × owner × blocker
* Mobile 1 partial coverage (6/27) documented with full remaining endpoint list and dependencies
* L1–L4 vs L5 SQL validation position documented and aligned with Jul 23 leadership decisions
* QC4 vs Stage 1 hybrid strategy recorded with known blockers (IDP, auth path) and named owners
* Cross-team meeting outcomes captured — decisions logged in KB or {{09_DECISIONS_WORKLOG/}}
* No duplicate Jira created for items already on QA-796 board inventory
* Leadership-ready status summary updated with current MSC metrics and open risks
* Gaps found during matrix review have linked follow-up stories identified

----



h2. Definition of Done

* All acceptance criteria met with KB links in Jira
* Coverage matrix is the single agreed source for MSC automation status across Mobile 1 and Mobile 2
* Leadership can answer ""what is done, what is blocked, what is next"" from published artifacts without a live walkthrough
* Story closed with matrix path and decision log referenced in Jira comment",,Automation for Jira,Swapnil Patil,,557058:f58131cb-b67d-43c7-b30d-6b58d40bd077,6357f972fc0cc7a600ae8914,,,,,,,,,,,,,,,,,,,,,,,,,,,,,,,,,,,,,,,,ApprovalsCFValue{approvals=[]},,,,,,,,,,,,,,,,,,,,,,,,,,,,,,,,,,,,,,,,,,,,,,,,,,,{},,,,,,,,,,,,,,,,,,,,,,,,,,,,,,,,,,,,,,,,,,,,,,,,,,,,,,,,,,,,,,,,,,,,,,,,,,,,,,,,,,,,,,,,,,,,,,,,,0|i18pth:zzuzncr,,,,,,,,,,,,,,,,,,,,,,,,,,,,,,,,,,,,,,,,,,,AMSQUAD Sprint 26.12 7/22-8/04,,,,,2,,,,,,,,,4821708b-58a1-45f9-93f1-fe52c0da32a7,QA Automation,,,,,,,,,,,,,,,,,,,,,55:38.1,10415_*:*_1_*:*_401838882_*|*_10409_*:*_1_*:*_278530_*|*_10000_*:*_1_*:*_9947563_*|*_11552_*:*_1_*:*_0,"31/Jul/26 4:55 PM;557058:f58131cb-b67d-43c7-b30d-6b58d40bd077;Sub-task QA-1578 was updated:
  • Status: In Progress
  ","31/Jul/26 4:55 PM;557058:f58131cb-b67d-43c7-b30d-6b58d40bd077;Sub-task QA-1579 was updated:
  • Status: In Progress
  ","31/Jul/26 4:55 PM;557058:f58131cb-b67d-43c7-b30d-6b58d40bd077;Sub-task QA-1580 was updated:
  • Status: In Progress
  ","31/Jul/26 4:55 PM;557058:f58131cb-b67d-43c7-b30d-6b58d40bd077;Sub-task QA-1581 was updated:
  • Status: In Progress
  ","31/Jul/26 4:55 PM;557058:f58131cb-b67d-43c7-b30d-6b58d40bd077;Sub-task QA-1582 was updated:
  • Status: In Progress
  ","31/Jul/26 4:56 PM;557058:f58131cb-b67d-43c7-b30d-6b58d40bd077;Sub-task QA-1583 was updated:
  • Status: Refinement
  ","31/Jul/26 4:56 PM;557058:f58131cb-b67d-43c7-b30d-6b58d40bd077;Sub-task QA-1584 was updated:
  • Status: Refinement
  ","31/Jul/26 4:56 PM;557058:f58131cb-b67d-43c7-b30d-6b58d40bd077;Sub-task QA-1585 was updated:
  • Status: Refinement
  ","05/Aug/26 8:32 AM;557058:f58131cb-b67d-43c7-b30d-6b58d40bd077;Sub-task QA-1585 was updated:
  • Status: Done
  ","05/Aug/26 8:32 AM;557058:f58131cb-b67d-43c7-b30d-6b58d40bd077;Sub-task QA-1578 was updated:
  • Status: Done
  ","05/Aug/26 8:32 AM;557058:f58131cb-b67d-43c7-b30d-6b58d40bd077;Sub-task QA-1579 was updated:
  • Status: Done
  ","05/Aug/26 8:32 AM;557058:f58131cb-b67d-43c7-b30d-6b58d40bd077;Sub-task QA-1580 was updated:
  • Status: Done
  ","05/Aug/26 8:32 AM;557058:f58131cb-b67d-43c7-b30d-6b58d40bd077;Sub-task QA-1581 was updated:
  • Status: Done
  ","05/Aug/26 8:32 AM;557058:f58131cb-b67d-43c7-b30d-6b58d40bd077;Sub-task QA-1582 was updated:
  • Status: Done
  ","05/Aug/26 8:32 AM;557058:f58131cb-b67d-43c7-b30d-6b58d40bd077;Sub-task QA-1583 was updated:
  • Status: Done
  ","05/Aug/26 8:32 AM;557058:f58131cb-b67d-43c7-b30d-6b58d40bd077;Sub-task QA-1584 was updated:
  • Status: Done
  ",,,,,,,,,,,,,,,,,,,320810,QA-796,Unite MSC Test Automation,Done,8/5/2026 8:32
"[SYN-443][Coordination][Perf] Barcode return-mail API — requirements, cross-team alignment, env setup, and KB documentation",QA-1550,349644,Story,Done,QA,QA Automation,software,Timothy Kaufman,6418909f67102fc717c0b0d8,"{quote}Automation & Performance Testing Center of Excellence 


Tracks test strategy, execution, CI results, risk mitigation, and engineering dashboards.  


Project lead: Swapnil Patil (Functional) | Timothy Kaufman (JIRA Admin){quote}",https://confluence.ascensus.com/pages/viewpage.action?pageId=315559619,Low,Done,Swapnil Patil,6357f972fc0cc7a600ae8914,Swapnil Patil,6357f972fc0cc7a600ae8914,Swapnil Patil,6357f972fc0cc7a600ae8914,7/31/2026 14:02,8/5/2026 8:32,,8/5/2026 8:32,,AMSQUAD Sprint 26.12,8/5/2026 0:00,0,PerformanceTesting,QA-Board-View,Regression,,,,"Epic *SYN-443* (Returned Mail Barcode / Mailstop) requires performance evidence before production release confidence. *Priti* owns the technical story — JMeter/Taurus script execution and BlazeMeter runs. *This story* covers program coordination work: requirements gathering, cross-team alignment, environment setup support, and KB documentation so the team can execute and sign off without repeated discovery.

Stage 1 performance testing achieved *GO* on 2026-07-31 (30/45/60 scans/min, 0% meaningful error rate). This story accounts for the coordination and documentation that enabled that outcome and keeps artifacts current for handoff and future Jenkins regression.

*In scope:*

* Requirements gathering with Synergy dev (Suresh/Dattatraya) — API contract, curl, test data ({{tu_sent_mail}} barcode IDs)
* Environment strategy alignment with Rajib — QC4 as reference vs *Stage 1 as authoritative* sign-off environment
* Cross-team coordination — DevOps (client cert policy), Brenda (status cadence), leadership sign-off thread
* Environment setup support — Stage 1 PFX/passphrase via private channel; Postman collections for QC4 and Stage 1 committed to KB
* KB documentation under {{qa-automation-kb/BarcodeProject/}} — setup guides, smoke results, Priti handoff, perf results, meeting decisions, communications templates
* Sign-off coordination — GO recommendation, email drafts, artifact index
* Open items tracking ({{OPEN-ITEMS.md}})

*Out of scope:*

* JMeter/Taurus authoring and BlazeMeter execution (Priti's story)
* Jenkins job creation (separate backlog: {{jira/SYN-443-jenkins-regression.md}})
* Production load testing
* Functional Mailstop UI / Kofax scanner testing

*Key KB artifacts:* {{docs/PRITI-HANDOFF.md}}, {{docs/07-stage1-postman-cert-setup.md}}, {{docs/08-performance-test-results-and-handover.md}}, {{postman/SYN-443-Barcode-API.postman_collection.json}}, {{artifacts/unite-returnmail-put-stage1.csv}}",,Automation for Jira,Swapnil Patil,,557058:f58131cb-b67d-43c7-b30d-6b58d40bd077,6357f972fc0cc7a600ae8914,,,,,,,,,,,,,,,,,,,,,,,,,,,,,,,,,,,,,,,,ApprovalsCFValue{approvals=[]},,,,,,,,,,,,,,,,,,,,,,,,,,,,,,,,,,,,,,,,,,,,,,,,,,,{},,,,,,,,,,,,,,,,,,,,,,,,,,,,,,,,,,,,,,,,,,,,,,,,,,,,,,,,,,,,,,,,,,,,,,,,,,,,,,,,,,,,,,,,,,,,,,,,,0|i18pth:zzuznb,,,,,,,,,,,,,,,,,,,,,,,,,,,,,,,,,,,,,,,,,,,AMSQUAD Sprint 26.12 7/22-8/04,,,7/31/2026 0:00,,2,,,,,,,,,4821708b-58a1-45f9-93f1-fe52c0da32a7,QA Automation,,,,,,,,,,,,,,,,,,,,,13:18.6,3_*:*_1_*:*_9296775_*|*_10409_*:*_1_*:*_346666_*|*_10000_*:*_1_*:*_82192_*|*_10420_*:*_1_*:*_0,"31/Jul/26 4:13 PM;557058:f58131cb-b67d-43c7-b30d-6b58d40bd077;Sub-task QA-1554 was updated:
  • Status: In Progress
  ","31/Jul/26 4:13 PM;557058:f58131cb-b67d-43c7-b30d-6b58d40bd077;Sub-task QA-1555 was updated:
  • Status: In Progress
  ","31/Jul/26 4:13 PM;557058:f58131cb-b67d-43c7-b30d-6b58d40bd077;Sub-task QA-1556 was updated:
  • Status: In Progress
  ","31/Jul/26 4:13 PM;557058:f58131cb-b67d-43c7-b30d-6b58d40bd077;Sub-task QA-1557 was updated:
  • Status: In Progress
  ","31/Jul/26 4:42 PM;557058:f58131cb-b67d-43c7-b30d-6b58d40bd077;Sub-task QA-1558 was updated:
  • Status: In Progress
  ","31/Jul/26 4:42 PM;557058:f58131cb-b67d-43c7-b30d-6b58d40bd077;Sub-task QA-1559 was updated:
  • Status: In Progress
  ","31/Jul/26 4:42 PM;557058:f58131cb-b67d-43c7-b30d-6b58d40bd077;Sub-task QA-1560 was updated:
  • Status: In Progress
  ","31/Jul/26 4:43 PM;557058:f58131cb-b67d-43c7-b30d-6b58d40bd077;Sub-task QA-1561 was updated:
  • Status: In Progress
  ","31/Jul/26 4:43 PM;557058:f58131cb-b67d-43c7-b30d-6b58d40bd077;Sub-task QA-1561 was updated:
  • Status: Done
  ","31/Jul/26 4:43 PM;557058:f58131cb-b67d-43c7-b30d-6b58d40bd077;Sub-task QA-1560 was updated:
  • Status: Done
  ","31/Jul/26 4:43 PM;557058:f58131cb-b67d-43c7-b30d-6b58d40bd077;Sub-task QA-1554 was updated:
  • Status: Done
  ","31/Jul/26 4:43 PM;557058:f58131cb-b67d-43c7-b30d-6b58d40bd077;Sub-task QA-1555 was updated:
  • Status: Done
  ","31/Jul/26 4:44 PM;557058:f58131cb-b67d-43c7-b30d-6b58d40bd077;Sub-task QA-1556 was updated:
  • Status: Done
  ","31/Jul/26 4:44 PM;557058:f58131cb-b67d-43c7-b30d-6b58d40bd077;Sub-task QA-1560 was updated:
  • Status: Review
  ","31/Jul/26 4:44 PM;557058:f58131cb-b67d-43c7-b30d-6b58d40bd077;Sub-task QA-1557 was updated:
  • Status: Done
  ","31/Jul/26 4:45 PM;557058:f58131cb-b67d-43c7-b30d-6b58d40bd077;Sub-task QA-1558 was updated:
  • Status: Done
  ","31/Jul/26 4:45 PM;557058:f58131cb-b67d-43c7-b30d-6b58d40bd077;Sub-task QA-1559 was updated:
  • Status: Validation
  ","05/Aug/26 8:31 AM;557058:f58131cb-b67d-43c7-b30d-6b58d40bd077;Sub-task QA-1559 was updated:
  • Status: Done
  ","05/Aug/26 8:31 AM;557058:f58131cb-b67d-43c7-b30d-6b58d40bd077;Sub-task QA-1560 was updated:
  • Status: Done
  ",,,,,,,,,,,,,,,,178563,SYN-443,Returned Mail Barcode Cost Saving Enhancement,Done,8/5/2026 8:32
[V2/V3/PERF_Test][Daily][Platform Support] Daily regression review & triage — V2 + V3 + Perf Testing,QA-1476,348581,Story,Done,QA,QA Automation,software,Timothy Kaufman,6418909f67102fc717c0b0d8,"{quote}Automation & Performance Testing Center of Excellence 


Tracks test strategy, execution, CI results, risk mitigation, and engineering dashboards.  


Project lead: Swapnil Patil (Functional) | Timothy Kaufman (JIRA Admin){quote}",https://confluence.ascensus.com/pages/viewpage.action?pageId=315559619,Low,Done,Swapnil Patil,6357f972fc0cc7a600ae8914,Swapnil Patil,6357f972fc0cc7a600ae8914,Swapnil Patil,6357f972fc0cc7a600ae8914,7/27/2026 11:54,8/5/2026 8:31,,8/3/2026 7:47,,AMSQUAD Sprint 26.12,8/3/2026 0:00,0,QA-Board-View,Regression,unite-msc,,,,"Every business day at *7:30 AM* (local to offshore), perform a *daily health check* of the *Prime V2* and *Prime V3* regression jobs that finished overnight.
Tasks include: review *qTest* executions and *TestNG* reports, scan failures *by module*, reproduce locally or run a focused re-execution to confirm legitimacy, and communicate results.

* *If all green:* post a short status update to the team channel.
* *If failures:* email the Project Lead (Swapnil) following the bug-handling guidelines with the required evidence (plan, module, test case(s), exception, logs/screenshots, links). Swapnil will open/route defects.

*Goal:* Provide a reliable, single source of truth each morning on regression health (V2 + V3), with actionable failure details.

*Linked Docs:*

* *Bug Handling Process:* [https://confluence.ascensus.com/pages/viewpage.action?pageId=326751557|https://confluence.ascensus.com/pages/viewpage.action?pageId=326751557]
* *TestNG (V2) Report Index:* [http://seleniumhubnt2:8081/reports/unite/?C=M;O=D|http://seleniumhubnt2:8081/reports/unite/?C=M;O=D]
* *V3 Pipelines (TestNG inside job artifacts):* [https://gitlab.com/ascensus-gs/products/depot/qa-automation/prime-test-automation/-/pipeline_schedules|https://gitlab.com/ascensus-gs/products/depot/qa-automation/prime-test-automation/-/pipeline_schedules]
* *qTest Portal (Project 90985):* [https://ascensus.qtestnet.com/p/90985/portal/project#tab=testexecution|https://ascensus.qtestnet.com/p/90985/portal/project#tab=testexecution]



h2. Reporting Templates (copy/paste)

h3. A) Teams/Slack – *All Green*

{noformat}
Prime Version2
	stage1-acct-overview: <Pass/Fail> | Reason/Comment: <failures due to falkiness, so all look good>
	stage1-contributions: <Pass/Fail> | Reason/Comment: <failures due to falkiness, so all look good>
	stage1-csr-acct-main: <Pass/Fail> | Reason/Comment: <failures due to falkiness, so all look good>
	stage1-enrollments	: <Pass/Fail> | Reason/Comment: <failures due to falkiness, so all look good>
	stage1-sardine-regre: <Pass/Fail> | Reason/Comment: <failures due to falkiness, so all look good>
	stage1-web-login	: <Pass/Fail> | Reason/Comment: <failures due to falkiness, so all look good>
	stage1-web-registrat: <Pass/Fail> | Reason/Comment: <failures due to falkiness, so all look good>
	stage1-withdrawals	: <Pass/Fail> | Reason/Comment: <failures due to falkiness, so all look good>

Prime Version 3
	universal-enrollment-stage1	: <Pass/Fail> | Reason/Comment: <failures due to falkiness, so all look good>
	idp-login-stage1			: <Pass/Fail> | Reason/Comment: <failures due to falkiness, so all look good>
    Unite						: <Pass/Fail> | Reason/Comment: <failures due to falkiness, so all look good>

Overall Comment/Note: 
{noformat}

h3. B) Teams/Slack – *With Failures (pending confirmation)*

{noformat}⚠️Daily Regression: 

Prime Version2
	Module: stage1-acct-overview
	Plan: 
	Report Link:
	Exception Link:
	Screenshot link:
	Reason for failure: 

Prime Version 3
	Module: stage1-acct-overview
	Plan: 
	Report Link:
	Exception Link:
	Screenshot link:
	Reason for failure: 

Overall Comment/Note: 

Action: Reproducing locally to confirm. Will email details if legit.{noformat}",,Automation for Jira,Swapnil Patil,,557058:f58131cb-b67d-43c7-b30d-6b58d40bd077,6357f972fc0cc7a600ae8914,,,,,,,,,,,,,,,,,,,QA-1338,,,,,,,,,,,,QA Automation,,,,,,,,,ApprovalsCFValue{approvals=[]},,,,,,,,,,,,,,,,,,,,,,,,,,,,,,,,,,,,,,,,,,,,,,,,,,,{},,,,,,,,,,,,,,,,,,,,,,,,,,,,,,,,,,,,,,,,,,,,,,,,,,,,,,,,,,,,,,,,,,,,,,,,,,,,,,,,,,,,,,,,,,,,,,,,,0|i18pth:zzr,,,,,,,,,,,,,,,,,,,,,,,,,,,,,,,,,,,,,,,,,,,AMSQUAD Sprint 26.12 7/22-8/04,,,7/27/2026 0:00,,2,,,,,,,,,4821708b-58a1-45f9-93f1-fe52c0da32a7,QA Automation,,,,,,,,,,,,,,,,,,,,,57:37.5,3_*:*_1_*:*_0_*|*_10409_*:*_1_*:*_152497_*|*_10000_*:*_1_*:*_111554,"27/Jul/26 11:57 AM;557058:f58131cb-b67d-43c7-b30d-6b58d40bd077;Sub-task QA-1477 was updated:
  • Status: To Do
  ","27/Jul/26 11:57 AM;557058:f58131cb-b67d-43c7-b30d-6b58d40bd077;Sub-task QA-1479 was updated:
  • Status: To Do
  ","27/Jul/26 11:57 AM;557058:f58131cb-b67d-43c7-b30d-6b58d40bd077;Sub-task QA-1478 was updated:
  • Status: To Do
  ","27/Jul/26 11:57 AM;557058:f58131cb-b67d-43c7-b30d-6b58d40bd077;Sub-task QA-1480 was updated:
  • Status: To Do
  ","27/Jul/26 11:57 AM;557058:f58131cb-b67d-43c7-b30d-6b58d40bd077;Sub-task QA-1481 was updated:
  • Status: To Do
  ","28/Jul/26 2:21 AM;557058:f58131cb-b67d-43c7-b30d-6b58d40bd077;Sub-task QA-1478 was updated:
  • Status: Refinement
  ","28/Jul/26 7:11 AM;557058:f58131cb-b67d-43c7-b30d-6b58d40bd077;Sub-task QA-1477 was updated:
  • Status: In Progress
  ","28/Jul/26 7:11 AM;557058:f58131cb-b67d-43c7-b30d-6b58d40bd077;Sub-task QA-1479 was updated:
  • Status: In Progress
  ","28/Jul/26 7:12 AM;557058:f58131cb-b67d-43c7-b30d-6b58d40bd077;Sub-task QA-1480 was updated:
  • Status: In Progress
  ","29/Jul/26 9:36 AM;557058:f58131cb-b67d-43c7-b30d-6b58d40bd077;Sub-task QA-1489 was updated:
  • Status: Refinement
  ","29/Jul/26 9:36 AM;557058:f58131cb-b67d-43c7-b30d-6b58d40bd077;Sub-task QA-1489 was updated:
  • Status: In Progress
  ","31/Jul/26 8:33 AM;557058:f58131cb-b67d-43c7-b30d-6b58d40bd077;Sub-task QA-1478 was updated:
  • Status: In Progress
  ","31/Jul/26 8:33 AM;557058:f58131cb-b67d-43c7-b30d-6b58d40bd077;Sub-task QA-1481 was updated:
  • Status: In Progress
  ","31/Jul/26 8:33 AM;557058:f58131cb-b67d-43c7-b30d-6b58d40bd077;Sub-task QA-1487 was updated:
  • Status: In Progress
  ","31/Jul/26 5:13 PM;557058:f58131cb-b67d-43c7-b30d-6b58d40bd077;Sub-task QA-1488 was updated:
  • Status: In Progress
  ","31/Jul/26 5:16 PM;557058:f58131cb-b67d-43c7-b30d-6b58d40bd077;Sub-task QA-1488 was updated:
  • Status: Validation
  ","03/Aug/26 7:36 AM;557058:f58131cb-b67d-43c7-b30d-6b58d40bd077;Sub-task QA-1477 was updated:
  • Status: Done
  ","03/Aug/26 7:47 AM;557058:f58131cb-b67d-43c7-b30d-6b58d40bd077;Sub-task QA-1480 was updated:
  • Status: Done
  ","03/Aug/26 7:48 AM;557058:f58131cb-b67d-43c7-b30d-6b58d40bd077;Sub-task QA-1479 was updated:
  • Status: Done
  ","04/Aug/26 6:54 AM;557058:f58131cb-b67d-43c7-b30d-6b58d40bd077;Sub-task QA-1478 was updated:
  • Status: Done
  ","04/Aug/26 6:54 AM;557058:f58131cb-b67d-43c7-b30d-6b58d40bd077;Sub-task QA-1481 was updated:
  • Status: Done
  ","04/Aug/26 6:54 AM;557058:f58131cb-b67d-43c7-b30d-6b58d40bd077;Sub-task QA-1487 was updated:
  • Status: Done
  ","05/Aug/26 3:13 AM;557058:f58131cb-b67d-43c7-b30d-6b58d40bd077;Sub-task QA-1489 was updated:
  • Status: Review
  ","05/Aug/26 3:14 AM;557058:f58131cb-b67d-43c7-b30d-6b58d40bd077;Sub-task QA-1489 was updated:
  • Status: Done
  ","05/Aug/26 8:31 AM;557058:f58131cb-b67d-43c7-b30d-6b58d40bd077;Sub-task QA-1488 was updated:
  • Status: Done
  ",,,,,,,,,,320810,QA-796,Unite MSC Test Automation,Done,8/3/2026 7:47
"[Platform Support] Release Support, Tech meetings & engineering alignment",QA-1472,348577,Story,Done,QA,QA Automation,software,Timothy Kaufman,6418909f67102fc717c0b0d8,"{quote}Automation & Performance Testing Center of Excellence 


Tracks test strategy, execution, CI results, risk mitigation, and engineering dashboards.  


Project lead: Swapnil Patil (Functional) | Timothy Kaufman (JIRA Admin){quote}",https://confluence.ascensus.com/pages/viewpage.action?pageId=315559619,Low,Done,Swapnil Patil,6357f972fc0cc7a600ae8914,Swapnil Patil,6357f972fc0cc7a600ae8914,Swapnil Patil,6357f972fc0cc7a600ae8914,7/27/2026 11:53,8/5/2026 8:30,,8/5/2026 8:30,,AMSQUAD Sprint 26.12,8/5/2026 0:00,0,PlatformSupport,QA-Board-View,Regression,,,,"Here’s a tightened, more uniform version you can paste in:

{noformat}h2. Purpose
Provide capacity for **tech chapter**, **program**, **architecture**, **security**, and **release readiness** forums where AMSQUAD represents automation/regression concerns that are **not tied to a single feature Epic**.

h2. Scope
* Attend agreed recurring forums.
* Capture action items impacting **automation**, **test data**, or **pipelines**.
* Follow up on or delegate those actions and update this Story accordingly.

h2. Out of scope
* Acting as SM/PO for decisions — provides *input only* unless explicitly delegated.{noformat}

Acceptance criteria (clean copy):

{noformat}* ( ) Recurring meetings are listed in the Story **description** or first comment (name + frequency).
* ( ) For each in-scope sprint: **minutes** or **3–5 outcome bullets** are added as a Story comment (including actions + owners).
* ( ) Automation-relevant decisions are linked to the corresponding feature Stories or Epics where applicable.{noformat}

If you’d like, I can also rewrite this in strict Jira “Given/When/Then” style, or tune the wording for a specific team/template.",,Automation for Jira,Swapnil Patil,,557058:f58131cb-b67d-43c7-b30d-6b58d40bd077,6357f972fc0cc7a600ae8914,,,,,,,,,,,,,,,,,,,,,,,,,,,,,,,QA Automation,,,,,,,,,ApprovalsCFValue{approvals=[]},,,,,,,,,,,,,,,,,,,,,,,,,,,,,,,,,,,,,,,,,,,,,,,,,,,{},,,,,,,,,,,,,,,,,,,,,,,,,,,,,,,,,,,,,,,,,,,,,,,,,,,,,,,,,,,,,,,,,,,,,,,,,,,,,,,,,,,,,,,,,,,,,,,,,0|i18pth:zx,,,,,,,,,,,,,,,,,,,,,,,,,,,,,,,,,,,,,,,,,,,AMSQUAD Sprint 26.12 7/22-8/04,,,7/31/2026 0:00,,1,,,,,,,,,4821708b-58a1-45f9-93f1-fe52c0da32a7,QA Automation,,,,,,,,,,,,,,,,,,,,,56:58.5,3_*:*_1_*:*_0_*|*_10409_*:*_1_*:*_129083_*|*_10000_*:*_1_*:*_364619905,"27/Jul/26 11:56 AM;557058:f58131cb-b67d-43c7-b30d-6b58d40bd077;Sub-task QA-1473 was updated:
  • Status: To Do
  ","27/Jul/26 11:57 AM;557058:f58131cb-b67d-43c7-b30d-6b58d40bd077;Sub-task QA-1474 was updated:
  • Status: To Do
  ","27/Jul/26 11:57 AM;557058:f58131cb-b67d-43c7-b30d-6b58d40bd077;Sub-task QA-1475 was updated:
  • Status: To Do
  ","31/Jul/26 5:13 PM;557058:f58131cb-b67d-43c7-b30d-6b58d40bd077;Sub-task QA-1473 was updated:
  • Status: In Progress
  ","31/Jul/26 5:13 PM;557058:f58131cb-b67d-43c7-b30d-6b58d40bd077;Sub-task QA-1474 was updated:
  • Status: In Progress
  ","31/Jul/26 5:13 PM;557058:f58131cb-b67d-43c7-b30d-6b58d40bd077;Sub-task QA-1475 was updated:
  • Status: In Progress
  ","31/Jul/26 5:15 PM;557058:f58131cb-b67d-43c7-b30d-6b58d40bd077;Sub-task QA-1473 was updated:
  • Status: Done
  ","31/Jul/26 5:16 PM;557058:f58131cb-b67d-43c7-b30d-6b58d40bd077;Sub-task QA-1474 was updated:
  • Status: Done
  ","31/Jul/26 5:16 PM;557058:f58131cb-b67d-43c7-b30d-6b58d40bd077;Sub-task QA-1475 was updated:
  • Status: Done
  ",,,,,,,,,,,,,,,,,,,,,,,,,,313677,QA-623,Platform Support — AMSQUAD Sprint Q2 26.05 onwards,Done,8/5/2026 8:30
"[Platform Support] KT, onboarding & tooling/environment setup",QA-1470,348574,Story,Done,QA,QA Automation,software,Timothy Kaufman,6418909f67102fc717c0b0d8,"{quote}Automation & Performance Testing Center of Excellence 


Tracks test strategy, execution, CI results, risk mitigation, and engineering dashboards.  


Project lead: Swapnil Patil (Functional) | Timothy Kaufman (JIRA Admin){quote}",https://confluence.ascensus.com/pages/viewpage.action?pageId=315559619,Low,Done,Swapnil Patil,6357f972fc0cc7a600ae8914,Swapnil Patil,6357f972fc0cc7a600ae8914,Swapnil Patil,6357f972fc0cc7a600ae8914,7/27/2026 11:53,8/5/2026 8:30,,8/5/2026 8:30,,AMSQUAD Sprint 26.12,8/5/2026 0:00,0,PlatformSupport,QA-Board-View,Regression,,,,"Purpose
Reserve time for *DevOps alignment*: triaging job failures due to _infrastructure_, agent pools, secrets rotation, artifact retention, and GitLab/Jenkins configuration questions — without owning product feature delivery.

Scope

* Triage pipeline-as-platform issues; raise tickets to platform/DevOps teams; verify after fixes are deployed.
* Document job names, configurations, and links in the squad knowledge base when they change.

*Acceptance criteria* 

{noformat}* ( ) Pipeline/infra issues are **documented** with job URL + error snippet in a comment or linked Task.
* ( ) **Resolution** or **handoff** is clearly noted when the issue is not owned by QA Automation code.
* ( ) No **Story points** are assigned; effort is tracked via **work log** only.{noformat}",,Automation for Jira,Swapnil Patil,,557058:f58131cb-b67d-43c7-b30d-6b58d40bd077,6357f972fc0cc7a600ae8914,,,,,,,,,,,,,,,,,,,,,,,,,,,,,,,QA Automation,,,,,,,,,ApprovalsCFValue{approvals=[]},,,,,,,,,,,,,,,,,,,,,,,,,,,,,,,,,,,,,,,,,,,,,,,,,,,{},,,,,,,,,,,,,,,,,,,,,,,,,,,,,,,,,,,,,,,,,,,,,,,,,,,,,,,,,,,,,,,,,,,,,,,,,,,,,,,,,,,,,,,,,,,,,,,,,0|i18pth:zr,,,,,,,,,,,,,,,,,,,,,,,,,,,,,,,,,,,,,,,,,,,AMSQUAD Sprint 26.12 7/22-8/04,,,7/31/2026 0:00,,1,,,,,,,,,4821708b-58a1-45f9-93f1-fe52c0da32a7,QA Automation,,,,,,,,,,,,,,,,,,,,,13:32.5,3_*:*_1_*:*_0_*|*_10409_*:*_1_*:*_104599_*|*_10000_*:*_1_*:*_364655749,"31/Jul/26 5:13 PM;557058:f58131cb-b67d-43c7-b30d-6b58d40bd077;Sub-task QA-1471 was updated:
  • Status: In Progress
  ","05/Aug/26 8:30 AM;557058:f58131cb-b67d-43c7-b30d-6b58d40bd077;Sub-task QA-1471 was updated:
  • Status: Done
  ",,,,,,,,,,,,,,,,,,,,,,,,,,,,,,,,,313677,QA-623,Platform Support — AMSQUAD Sprint Q2 26.05 onwards,Done,8/5/2026 8:30
"[Platform Support] Jira, qTest & KB hygiene — squad governance",QA-1464,348568,Task,Done,QA,QA Automation,software,Timothy Kaufman,6418909f67102fc717c0b0d8,"{quote}Automation & Performance Testing Center of Excellence 


Tracks test strategy, execution, CI results, risk mitigation, and engineering dashboards.  


Project lead: Swapnil Patil (Functional) | Timothy Kaufman (JIRA Admin){quote}",https://confluence.ascensus.com/pages/viewpage.action?pageId=315559619,Low,Done,Swapnil Patil,6357f972fc0cc7a600ae8914,Swapnil Patil,6357f972fc0cc7a600ae8914,Swapnil Patil,6357f972fc0cc7a600ae8914,7/27/2026 11:53,8/5/2026 8:30,,8/5/2026 8:30,,AMSQUAD Sprint 26.12,8/5/2026 0:00,0,PlatformSupport,QA-Board-View,Regression,,,,"Purpose
Keep *boards*, *filters*, *Epic links*, and *documentation* aligned with {{docs/jira-governance}} practices: stale Story cleanup, duplicate keys, export refresh ({{Platform-support-jira-export.csv}}).

Cadence

* Bi-weekly or end-of-sprint — agree with SM.",,Automation for Jira,Swapnil Patil,,557058:f58131cb-b67d-43c7-b30d-6b58d40bd077,6357f972fc0cc7a600ae8914,,,,,,,,,,,,,,,,,,,,,,,,,,,,,,,QA Automation,,,,,,,,,ApprovalsCFValue{approvals=[]},,,,,,,,,,,,,,,,,,,,,,,,,,,,,,,,,,,,,,,,,,,,,,,,,,,{},,,,,,,,,,,,,,,,,,,,,,,,,,,,,,,,,,,,,,,,,,,,,,,,,,,,,,,,,,,,,,,,,,,,,,,,,,,,,,,,,,,,,,,,,,,,,,,,,0|i18pth:r,,,,,,,,,,,,,,,,,,,,,,,,,,,,,,,,,,,,,,,,,,,AMSQUAD Sprint 26.12 7/22-8/04,,,7/31/2026 0:00,,1,,,,,,,,,4821708b-58a1-45f9-93f1-fe52c0da32a7,QA Automation,,,,,,,,,,,,,,,,,,,,,56:10.1,3_*:*_1_*:*_0_*|*_10409_*:*_1_*:*_69206_*|*_10000_*:*_1_*:*_364670902,"27/Jul/26 11:56 AM;557058:f58131cb-b67d-43c7-b30d-6b58d40bd077;Sub-task QA-1465 was updated:
  • Status: To Do
  ","27/Jul/26 11:56 AM;557058:f58131cb-b67d-43c7-b30d-6b58d40bd077;Sub-task QA-1466 was updated:
  • Status: To Do
  ","27/Jul/26 11:56 AM;557058:f58131cb-b67d-43c7-b30d-6b58d40bd077;Sub-task QA-1467 was updated:
  • Status: To Do
  ","27/Jul/26 11:56 AM;557058:f58131cb-b67d-43c7-b30d-6b58d40bd077;Sub-task QA-1468 was updated:
  • Status: To Do
  ","27/Jul/26 11:56 AM;557058:f58131cb-b67d-43c7-b30d-6b58d40bd077;Sub-task QA-1469 was updated:
  • Status: To Do
  ","31/Jul/26 5:12 PM;557058:f58131cb-b67d-43c7-b30d-6b58d40bd077;Sub-task QA-1465 was updated:
  • Status: Review
  ","31/Jul/26 5:13 PM;557058:f58131cb-b67d-43c7-b30d-6b58d40bd077;Sub-task QA-1466 was updated:
  • Status: In Progress
  ","31/Jul/26 5:13 PM;557058:f58131cb-b67d-43c7-b30d-6b58d40bd077;Sub-task QA-1467 was updated:
  • Status: In Progress
  ","31/Jul/26 5:13 PM;557058:f58131cb-b67d-43c7-b30d-6b58d40bd077;Sub-task QA-1468 was updated:
  • Status: In Progress
  ","31/Jul/26 5:13 PM;557058:f58131cb-b67d-43c7-b30d-6b58d40bd077;Sub-task QA-1469 was updated:
  • Status: In Progress
  ","31/Jul/26 5:13 PM;557058:f58131cb-b67d-43c7-b30d-6b58d40bd077;Sub-task QA-1465 was updated:
  • Status: Done
  ","31/Jul/26 5:14 PM;557058:f58131cb-b67d-43c7-b30d-6b58d40bd077;Sub-task QA-1466 was updated:
  • Status: Done
  ","31/Jul/26 5:15 PM;557058:f58131cb-b67d-43c7-b30d-6b58d40bd077;Sub-task QA-1467 was updated:
  • Status: Done
  ","05/Aug/26 8:30 AM;557058:f58131cb-b67d-43c7-b30d-6b58d40bd077;Sub-task QA-1468 was updated:
  • Status: Done
  ","05/Aug/26 8:30 AM;557058:f58131cb-b67d-43c7-b30d-6b58d40bd077;Sub-task QA-1469 was updated:
  • Status: Done
  ",,,,,,,,,,,,,,,,,,,,313677,QA-623,Platform Support — AMSQUAD Sprint Q2 26.05 onwards,Done,8/5/2026 8:30
[V2/V3/PerfTesting][Daily][Platform Support] Daily regression review & triage — V2 + V3 + Perf Testing,QA-1338,343383,Story,Done,QA,QA Automation,software,Timothy Kaufman,6418909f67102fc717c0b0d8,"{quote}Automation & Performance Testing Center of Excellence 


Tracks test strategy, execution, CI results, risk mitigation, and engineering dashboards.  


Project lead: Swapnil Patil (Functional) | Timothy Kaufman (JIRA Admin){quote}",https://confluence.ascensus.com/pages/viewpage.action?pageId=315559619,Low,Done,Swapnil Patil,6357f972fc0cc7a600ae8914,Swapnil Patil,6357f972fc0cc7a600ae8914,Swapnil Patil,6357f972fc0cc7a600ae8914,7/9/2026 8:17,8/5/2026 9:35,8/5/2026 9:34,7/21/2026 14:58,,AMSQUAD Sprint 26.11,7/21/2026 0:00,0,AutomatedTesting,QA-Board-View,Regression,Regression_Testing,,,"Every business day at *7:30 AM* (local to offshore), perform a *daily health check* of the *Prime V2* and *Prime V3* regression jobs that finished overnight.
Tasks include: review *qTest* executions and *TestNG* reports, scan failures *by module*, reproduce locally or run a focused re-execution to confirm legitimacy, and communicate results.

* *If all green:* post a short status update to the team channel.
* *If failures:* email the Project Lead (Swapnil) following the bug-handling guidelines with the required evidence (plan, module, test case(s), exception, logs/screenshots, links). Swapnil will open/route defects.

*Goal:* Provide a reliable, single source of truth each morning on regression health (V2 + V3), with actionable failure details.

*Linked Docs:*

* *Bug Handling Process:* [https://confluence.ascensus.com/pages/viewpage.action?pageId=326751557|https://confluence.ascensus.com/pages/viewpage.action?pageId=326751557]
* *TestNG (V2) Report Index:* [http://seleniumhubnt2:8081/reports/unite/?C=M;O=D|http://seleniumhubnt2:8081/reports/unite/?C=M;O=D]
* *V3 Pipelines (TestNG inside job artifacts):* [https://gitlab.com/ascensus-gs/products/depot/qa-automation/prime-test-automation/-/pipeline_schedules|https://gitlab.com/ascensus-gs/products/depot/qa-automation/prime-test-automation/-/pipeline_schedules]
* *qTest Portal (Project 90985):* [https://ascensus.qtestnet.com/p/90985/portal/project#tab=testexecution|https://ascensus.qtestnet.com/p/90985/portal/project#tab=testexecution]



h2. Reporting Templates (copy/paste)

h3. A) Teams/Slack – *All Green*

{noformat}
Prime Version2
	stage1-acct-overview: <Pass/Fail> | Reason/Comment: <failures due to falkiness, so all look good>
	stage1-contributions: <Pass/Fail> | Reason/Comment: <failures due to falkiness, so all look good>
	stage1-csr-acct-main: <Pass/Fail> | Reason/Comment: <failures due to falkiness, so all look good>
	stage1-enrollments	: <Pass/Fail> | Reason/Comment: <failures due to falkiness, so all look good>
	stage1-sardine-regre: <Pass/Fail> | Reason/Comment: <failures due to falkiness, so all look good>
	stage1-web-login	: <Pass/Fail> | Reason/Comment: <failures due to falkiness, so all look good>
	stage1-web-registrat: <Pass/Fail> | Reason/Comment: <failures due to falkiness, so all look good>
	stage1-withdrawals	: <Pass/Fail> | Reason/Comment: <failures due to falkiness, so all look good>

Prime Version 3
	universal-enrollment-stage1	: <Pass/Fail> | Reason/Comment: <failures due to falkiness, so all look good>
	idp-login-stage1			: <Pass/Fail> | Reason/Comment: <failures due to falkiness, so all look good>
    Unite						: <Pass/Fail> | Reason/Comment: <failures due to falkiness, so all look good>

Overall Comment/Note: 
{noformat}

h3. B) Teams/Slack – *With Failures (pending confirmation)*

{noformat}⚠️Daily Regression: 

Prime Version2
	Module: stage1-acct-overview
	Plan: 
	Report Link:
	Exception Link:
	Screenshot link:
	Reason for failure: 

Prime Version 3
	Module: stage1-acct-overview
	Plan: 
	Report Link:
	Exception Link:
	Screenshot link:
	Reason for failure: 

Overall Comment/Note: 

Action: Reproducing locally to confirm. Will email details if legit.{noformat}",,Automation for Jira,Swapnil Patil,,557058:f58131cb-b67d-43c7-b30d-6b58d40bd077,6357f972fc0cc7a600ae8914,,,,,,,,,,,,,,,,,,,,QA-1325,QA-1476,,,,,,,,,,QA Automation,,,,"* A triage pass is completed *every business day at 7:30 AM* for *both V2 and V3*.
* Each module (Login, Web Reg, Enrollment, Contributions, Withdrawals, Profile/Acct Maint., Balance, Entity if present) is reviewed in the TestNG/qTest results.
* Any *failure* is verified by *local rerun or targeted re-execution*; false alarms are filtered out.
* Communication is sent:
** *Pass:* concise Teams/Slack message with run IDs and pass rate.
** *Fail:* *email* to PL with all required fields (see template below).
* A daily *comment* is added to this story (or subtask) with the outcome + links.
* Time is *logged* (actual time spent) to this story/subtasks.",,,,,ApprovalsCFValue{approvals=[]},,,,,,,,,,,,,,,,,,,,,,,,,,,,,,,,,,,,,,,,,,,,,,,,,,,{},,,,,,,,,,,,,,,,,,,,,,,,,,,,,,,,,,,,,,,,,,,,,,,,,,,,,,,,,,,,,,,,,,,,,,All 529 Plans,All ABLE Plans,,,,,,,,,,,,,,,,,,,,,,,,,,0|i18cfp:zi,,,,,,,,,,,,,,,,,,,,,,,,,,,,,,,,,,,,,,,,,,,AMSQUAD Sprint 26.11 7/08-7/21,,,7/1/2026 0:00,,3,,,,,,,,,4821708b-58a1-45f9-93f1-fe52c0da32a7,QA Automation,,,,,,,,,,,,,,,,,,,,,17:52.0,10415_*:*_1_*:*_1037394664_*|*_10409_*:*_1_*:*_160692_*|*_10000_*:*_1_*:*_1795310_*|*_10420_*:*_1_*:*_0,"09/Jul/26 8:17 AM;557058:f58131cb-b67d-43c7-b30d-6b58d40bd077;Sub-task QA-1210 was updated:
  • Status: Done
  ","09/Jul/26 8:17 AM;557058:f58131cb-b67d-43c7-b30d-6b58d40bd077;Sub-task QA-1209 was updated:
  • Status: Done
  ","09/Jul/26 8:17 AM;557058:f58131cb-b67d-43c7-b30d-6b58d40bd077;Sub-task QA-1208 was updated:
  • Status: Done
  ","09/Jul/26 8:17 AM;557058:f58131cb-b67d-43c7-b30d-6b58d40bd077;Sub-task QA-1207 was updated:
  • Status: Done
  ","09/Jul/26 8:17 AM;557058:f58131cb-b67d-43c7-b30d-6b58d40bd077;Sub-task QA-1206 was updated:
  • Status: Done
  ","09/Jul/26 8:17 AM;557058:f58131cb-b67d-43c7-b30d-6b58d40bd077;Sub-task QA-1205 was updated:
  • Status: Done
  ","09/Jul/26 8:17 AM;557058:f58131cb-b67d-43c7-b30d-6b58d40bd077;Sub-task QA-1204 was updated:
  • Status: Done
  ","09/Jul/26 8:17 AM;557058:f58131cb-b67d-43c7-b30d-6b58d40bd077;Sub-task QA-1203 was updated:
  • Status: Done
  ","10/Jul/26 1:29 PM;557058:f58131cb-b67d-43c7-b30d-6b58d40bd077;Sub-task QA-1339 was updated:
  • Status: To Do
  ","10/Jul/26 1:29 PM;557058:f58131cb-b67d-43c7-b30d-6b58d40bd077;Sub-task QA-1340 was updated:
  • Status: To Do
  ","10/Jul/26 1:29 PM;557058:f58131cb-b67d-43c7-b30d-6b58d40bd077;Sub-task QA-1341 was updated:
  • Status: To Do
  ","10/Jul/26 1:30 PM;557058:f58131cb-b67d-43c7-b30d-6b58d40bd077;Sub-task QA-1342 was updated:
  • Status: To Do
  ","10/Jul/26 1:30 PM;557058:f58131cb-b67d-43c7-b30d-6b58d40bd077;Sub-task QA-1343 was updated:
  • Status: To Do
  ","10/Jul/26 1:30 PM;557058:f58131cb-b67d-43c7-b30d-6b58d40bd077;Sub-task QA-1344 was updated:
  • Status: To Do
  ","10/Jul/26 1:30 PM;557058:f58131cb-b67d-43c7-b30d-6b58d40bd077;Sub-task QA-1345 was updated:
  • Status: To Do
  ","10/Jul/26 1:30 PM;557058:f58131cb-b67d-43c7-b30d-6b58d40bd077;Sub-task QA-1346 was updated:
  • Status: To Do
  ","13/Jul/26 12:38 AM;557058:f58131cb-b67d-43c7-b30d-6b58d40bd077;Sub-task QA-1340 was updated:
  • Status: In Progress
  ","13/Jul/26 5:15 AM;557058:f58131cb-b67d-43c7-b30d-6b58d40bd077;Sub-task QA-1346 was updated:
  • Status: Refinement
  ","13/Jul/26 8:10 AM;557058:f58131cb-b67d-43c7-b30d-6b58d40bd077;Sub-task QA-1339 was updated:
  • Status: In Progress
  ","13/Jul/26 8:11 AM;557058:f58131cb-b67d-43c7-b30d-6b58d40bd077;Sub-task QA-1342 was updated:
  • Status: In Progress
  ","13/Jul/26 8:11 AM;557058:f58131cb-b67d-43c7-b30d-6b58d40bd077;Sub-task QA-1341 was updated:
  • Status: In Progress
  ","14/Jul/26 8:34 AM;557058:f58131cb-b67d-43c7-b30d-6b58d40bd077;Sub-task QA-1346 was updated:
  • Status: In Progress
  ","16/Jul/26 7:06 AM;557058:f58131cb-b67d-43c7-b30d-6b58d40bd077;Sub-task QA-1343 was updated:
  • Status: In Progress
  ","16/Jul/26 7:06 AM;557058:f58131cb-b67d-43c7-b30d-6b58d40bd077;Sub-task QA-1344 was updated:
  • Status: In Progress
  ","16/Jul/26 11:45 AM;557058:f58131cb-b67d-43c7-b30d-6b58d40bd077;Sub-task QA-1346 was updated:
  • Status: Validation
  ","20/Jul/26 3:05 AM;557058:f58131cb-b67d-43c7-b30d-6b58d40bd077;Sub-task QA-1340 was updated:
  • Status: Done
  ","20/Jul/26 3:05 AM;557058:f58131cb-b67d-43c7-b30d-6b58d40bd077;Sub-task QA-1343 was updated:
  • Status: Done
  ","21/Jul/26 7:40 AM;557058:f58131cb-b67d-43c7-b30d-6b58d40bd077;Sub-task QA-1346 was updated:
  • Status: Done
  ","21/Jul/26 8:19 AM;557058:f58131cb-b67d-43c7-b30d-6b58d40bd077;Sub-task QA-1344 was updated:
  • Status: Done
  ","21/Jul/26 9:01 AM;557058:f58131cb-b67d-43c7-b30d-6b58d40bd077;Sub-task QA-1345 was updated:
  • Status: Validation
  ","21/Jul/26 2:58 PM;557058:f58131cb-b67d-43c7-b30d-6b58d40bd077;Sub-task QA-1345 was updated:
  • Status: Done
  ","22/Jul/26 9:02 AM;557058:f58131cb-b67d-43c7-b30d-6b58d40bd077;Sub-task QA-1339 was updated:
  • Status: Done
  ","22/Jul/26 9:02 AM;557058:f58131cb-b67d-43c7-b30d-6b58d40bd077;Sub-task QA-1341 was updated:
  • Status: Done
  ","22/Jul/26 9:02 AM;557058:f58131cb-b67d-43c7-b30d-6b58d40bd077;Sub-task QA-1342 was updated:
  • Status: Done
  ",313677,QA-623,Platform Support — AMSQUAD Sprint Q2 26.05 onwards,Done,7/21/2026 14:58
"[Platform Support] Jira, qTest & KB hygiene — squad governance",QA-1337,343381,Task,Done,QA,QA Automation,software,Timothy Kaufman,6418909f67102fc717c0b0d8,"{quote}Automation & Performance Testing Center of Excellence 


Tracks test strategy, execution, CI results, risk mitigation, and engineering dashboards.  


Project lead: Swapnil Patil (Functional) | Timothy Kaufman (JIRA Admin){quote}",https://confluence.ascensus.com/pages/viewpage.action?pageId=315559619,Low,Done,Swapnil Patil,6357f972fc0cc7a600ae8914,Swapnil Patil,6357f972fc0cc7a600ae8914,Swapnil Patil,6357f972fc0cc7a600ae8914,7/9/2026 8:17,8/5/2026 9:38,8/5/2026 9:34,7/22/2026 9:01,,AMSQUAD Sprint 26.11,7/22/2026 0:00,0,PlatformSupport,QA-Board-View,Regression,,,,"Purpose
Keep *boards*, *filters*, *Epic links*, and *documentation* aligned with {{docs/jira-governance}} practices: stale Story cleanup, duplicate keys, export refresh ({{Platform-support-jira-export.csv}}).

Cadence

* Bi-weekly or end-of-sprint — agree with SM.",,Automation for Jira,Swapnil Patil,,557058:f58131cb-b67d-43c7-b30d-6b58d40bd077,6357f972fc0cc7a600ae8914,,,,,,,,,,,,,,,,,,,,,,,,,,,,,,,QA Automation,,,,,,,,,ApprovalsCFValue{approvals=[]},,,,,,,,,,,,,,,,,,,,,,,,,,,,,,,,,,,,,,,,,,,,,,,,,,,{},,,,,,,,,,,,,,,,,,,,,,,,,,,,,,,,,,,,,,,,,,,,,,,,,,,,,,,,,,,,,,,,,,,,,,,,,,,,,,,,,,,,,,,,,,,,,,,,,0|i18cfp:z,,,,,,,,,,,,,,,,,,,,,,,,,,,,,,,,,,,,,,,,,,,AMSQUAD Sprint 26.11 7/08-7/21,,,7/7/2026 0:00,,1,,,,,,,,,4821708b-58a1-45f9-93f1-fe52c0da32a7,QA Automation,,,,,,,,,,,,,,,,,,,,,01:25.8,10409_*:*_1_*:*_123117_*|*_10000_*:*_1_*:*_1039301830_*|*_10420_*:*_1_*:*_0,"21/Jul/26 9:01 AM;557058:f58131cb-b67d-43c7-b30d-6b58d40bd077;Sub-task QA-1377 was updated:
  • Status: In Progress
  ","21/Jul/26 9:01 AM;557058:f58131cb-b67d-43c7-b30d-6b58d40bd077;Sub-task QA-1378 was updated:
  • Status: Validation
  ","21/Jul/26 9:01 AM;557058:f58131cb-b67d-43c7-b30d-6b58d40bd077;Sub-task QA-1380 was updated:
  • Status: Validation
  ","21/Jul/26 9:01 AM;557058:f58131cb-b67d-43c7-b30d-6b58d40bd077;Sub-task QA-1381 was updated:
  • Status: Validation
  ","21/Jul/26 9:01 AM;557058:f58131cb-b67d-43c7-b30d-6b58d40bd077;Sub-task QA-1379 was updated:
  • Status: Validation
  ","22/Jul/26 9:01 AM;557058:f58131cb-b67d-43c7-b30d-6b58d40bd077;Sub-task QA-1378 was updated:
  • Status: Done
  ","22/Jul/26 9:01 AM;557058:f58131cb-b67d-43c7-b30d-6b58d40bd077;Sub-task QA-1379 was updated:
  • Status: Done
  ","22/Jul/26 9:02 AM;557058:f58131cb-b67d-43c7-b30d-6b58d40bd077;Sub-task QA-1380 was updated:
  • Status: Done
  ","22/Jul/26 9:02 AM;557058:f58131cb-b67d-43c7-b30d-6b58d40bd077;Sub-task QA-1381 was updated:
  • Status: Done
  ","22/Jul/26 9:02 AM;557058:f58131cb-b67d-43c7-b30d-6b58d40bd077;Sub-task QA-1377 was updated:
  • Status: Done
  ",,,,,,,,,,,,,,,,,,,,,,,,,313677,QA-623,Platform Support — AMSQUAD Sprint Q2 26.05 onwards,Done,7/22/2026 9:01
"[Platform Support] KT, onboarding & tooling/environment setup",QA-1336,343380,Story,Done,QA,QA Automation,software,Timothy Kaufman,6418909f67102fc717c0b0d8,"{quote}Automation & Performance Testing Center of Excellence 


Tracks test strategy, execution, CI results, risk mitigation, and engineering dashboards.  


Project lead: Swapnil Patil (Functional) | Timothy Kaufman (JIRA Admin){quote}",https://confluence.ascensus.com/pages/viewpage.action?pageId=315559619,Low,Done,Swapnil Patil,6357f972fc0cc7a600ae8914,Swapnil Patil,6357f972fc0cc7a600ae8914,Swapnil Patil,6357f972fc0cc7a600ae8914,7/9/2026 8:16,8/5/2026 9:38,8/5/2026 9:34,7/22/2026 9:02,,AMSQUAD Sprint 26.11,7/22/2026 0:00,0,PlatformSupport,QA-Board-View,Regression,,,,"Purpose
Reserve time for *DevOps alignment*: triaging job failures due to _infrastructure_, agent pools, secrets rotation, artifact retention, and GitLab/Jenkins configuration questions — without owning product feature delivery.

Scope

* Triage pipeline-as-platform issues; raise tickets to platform/DevOps teams; verify after fixes are deployed.
* Document job names, configurations, and links in the squad knowledge base when they change.

*Acceptance criteria* 

{noformat}* ( ) Pipeline/infra issues are **documented** with job URL + error snippet in a comment or linked Task.
* ( ) **Resolution** or **handoff** is clearly noted when the issue is not owned by QA Automation code.
* ( ) No **Story points** are assigned; effort is tracked via **work log** only.{noformat}",,Automation for Jira,Swapnil Patil,,557058:f58131cb-b67d-43c7-b30d-6b58d40bd077,6357f972fc0cc7a600ae8914,,,,,,,,,,,,,,,,,,,,,,,,,,,,,,,QA Automation,,,,,,,,,ApprovalsCFValue{approvals=[]},,,,,,,,,,,,,,,,,,,,,,,,,,,,,,,,,,,,,,,,,,,,,,,,,,,{},,,,,,,,,,,,,,,,,,,,,,,,,,,,,,,,,,,,,,,,,,,,,,,,,,,,,,,,,,,,,,,,,,,,,,,,,,,,,,,,,,,,,,,,,,,,,,,,,0|i18cfp:y,,,,,,,,,,,,,,,,,,,,,,,,,,,,,,,,,,,,,,,,,,,AMSQUAD Sprint 26.11 7/08-7/21,,,7/7/2026 0:00,,1,,,,,,,,,4821708b-58a1-45f9-93f1-fe52c0da32a7,QA Automation,,,,,,,,,,,,,,,,,,,,,01:22.1,10409_*:*_1_*:*_141974_*|*_10000_*:*_1_*:*_1039310502_*|*_10420_*:*_1_*:*_0,"21/Jul/26 9:01 AM;557058:f58131cb-b67d-43c7-b30d-6b58d40bd077;Sub-task QA-1382 was updated:
  • Status: In Progress
  ","22/Jul/26 9:02 AM;557058:f58131cb-b67d-43c7-b30d-6b58d40bd077;Sub-task QA-1382 was updated:
  • Status: Done
  ",,,,,,,,,,,,,,,,,,,,,,,,,,,,,,,,,313677,QA-623,Platform Support — AMSQUAD Sprint Q2 26.05 onwards,Done,7/22/2026 9:02
"[Platform Support] Release Support, Tech meetings & engineering alignment",QA-1335,343379,Story,Done,QA,QA Automation,software,Timothy Kaufman,6418909f67102fc717c0b0d8,"{quote}Automation & Performance Testing Center of Excellence 


Tracks test strategy, execution, CI results, risk mitigation, and engineering dashboards.  


Project lead: Swapnil Patil (Functional) | Timothy Kaufman (JIRA Admin){quote}",https://confluence.ascensus.com/pages/viewpage.action?pageId=315559619,Low,Done,Swapnil Patil,6357f972fc0cc7a600ae8914,Swapnil Patil,6357f972fc0cc7a600ae8914,Swapnil Patil,6357f972fc0cc7a600ae8914,7/9/2026 8:14,8/5/2026 9:38,8/5/2026 9:34,7/21/2026 9:49,,AMSQUAD Sprint 26.11,7/21/2026 0:00,0,PlatformSupport,QA-Board-View,Regression,,,,"Here’s a tightened, more uniform version you can paste in:

{noformat}h2. Purpose
Provide capacity for **tech chapter**, **program**, **architecture**, **security**, and **release readiness** forums where AMSQUAD represents automation/regression concerns that are **not tied to a single feature Epic**.

h2. Scope
* Attend agreed recurring forums.
* Capture action items impacting **automation**, **test data**, or **pipelines**.
* Follow up on or delegate those actions and update this Story accordingly.

h2. Out of scope
* Acting as SM/PO for decisions — provides *input only* unless explicitly delegated.{noformat}

Acceptance criteria (clean copy):

{noformat}* ( ) Recurring meetings are listed in the Story **description** or first comment (name + frequency).
* ( ) For each in-scope sprint: **minutes** or **3–5 outcome bullets** are added as a Story comment (including actions + owners).
* ( ) Automation-relevant decisions are linked to the corresponding feature Stories or Epics where applicable.{noformat}

If you’d like, I can also rewrite this in strict Jira “Given/When/Then” style, or tune the wording for a specific team/template.",,Automation for Jira,Swapnil Patil,,557058:f58131cb-b67d-43c7-b30d-6b58d40bd077,6357f972fc0cc7a600ae8914,,,,,,,,,,,,,,,,,,,,,,,,,,,,,,,QA Automation,,,,,,,,,ApprovalsCFValue{approvals=[]},,,,,,,,,,,,,,,,,,,,,,,,,,,,,,,,,,,,,,,,,,,,,,,,,,,{},,,,,,,,,,,,,,,,,,,,,,,,,,,,,,,,,,,,,,,,,,,,,,,,,,,,,,,,,,,,,,,,,,,,,,,,,,,,,,,,,,,,,,,,,,,,,,,,,0|i18cfp:x,,,,,,,,,,,,,,,,,,,,,,,,,,,,,,,,,,,,,,,,,,,AMSQUAD Sprint 26.11 7/08-7/21,,,7/7/2026 0:00,,1,,,,,,,,,4821708b-58a1-45f9-93f1-fe52c0da32a7,QA Automation,,,,,,,,,,,,,,,,,,,,,28:58.4,10415_*:*_1_*:*_1038945110_*|*_10409_*:*_1_*:*_215799_*|*_10000_*:*_1_*:*_383297_*|*_10420_*:*_1_*:*_0,"10/Jul/26 1:28 PM;557058:f58131cb-b67d-43c7-b30d-6b58d40bd077;Sub-task QA-1347 was updated:
  • Status: Done
  ","10/Jul/26 1:29 PM;557058:f58131cb-b67d-43c7-b30d-6b58d40bd077;Sub-task QA-1348 was updated:
  • Status: Refinement
  ","13/Jul/26 10:05 AM;557058:f58131cb-b67d-43c7-b30d-6b58d40bd077;Sub-task QA-1348 was updated:
  • Status: Done
  ","21/Jul/26 9:01 AM;557058:f58131cb-b67d-43c7-b30d-6b58d40bd077;Sub-task QA-1349 was updated:
  • Status: In Progress
  ","21/Jul/26 9:50 AM;557058:f58131cb-b67d-43c7-b30d-6b58d40bd077;Sub-task QA-1349 was updated:
  • Status: Done
  ",,,,,,,,,,,,,,,,,,,,,,,,,,,,,,313677,QA-623,Platform Support — AMSQUAD Sprint Q2 26.05 onwards,Done,7/21/2026 9:49
[UNITE-MSC][Mobile2] Stage 1 — master regression evidence collection and archive for IDP & NonIDP Plans (OKD + NMD),QA-1315,343078,Story,Done,QA,QA Automation,software,Timothy Kaufman,6418909f67102fc717c0b0d8,"{quote}Automation & Performance Testing Center of Excellence 


Tracks test strategy, execution, CI results, risk mitigation, and engineering dashboards.  


Project lead: Swapnil Patil (Functional) | Timothy Kaufman (JIRA Admin){quote}",https://confluence.ascensus.com/pages/viewpage.action?pageId=315559619,Low,Done,Swapnil Patil,6357f972fc0cc7a600ae8914,Swapnil Patil,6357f972fc0cc7a600ae8914,Swapnil Patil,6357f972fc0cc7a600ae8914,7/8/2026 11:39,7/27/2026 11:54,,7/13/2026 10:04,,AMSQUAD Sprint 26.11,7/13/2026 0:00,0,QA-Board-View,Regression,unite-msc,,,,"||Field||Value||
|*Summary*|[UNITE-MSC][Mobile2] Stage 1 — master regression evidence collection and archive (OKD + NMD)|
|*Issue Type*|Story|
|*Priority*|P2|

*In scope:* {{mvn test -Pmobile-ms-master-regression -Pacceptance-stage1}} for OKD + NMD; sanitized HTML archive; update sign-off environment matrix.

*Out of scope:* New endpoint implementation.

*Acceptance criteria:*

* Given Stage 1 profile and eligible accounts, when master regression completes, then Surefire + HTML reports are archived without secrets.
* Given NMD MFA-compatible constraint, when IDP block runs, then pass/fail is documented with account eligibility notes.

*Dependencies:* S-26.11-01; Story D-02 (optional — can run locally first).",,Automation for Jira,Swapnil Patil,,557058:f58131cb-b67d-43c7-b30d-6b58d40bd077,6357f972fc0cc7a600ae8914,,,,,,,,,,,,,,,,,,,,,,,,,,,,,,,,,,,,,,,,ApprovalsCFValue{approvals=[]},,,,,,,,,,,,,,,,,,,,,,,,,,,,,,,,,,,,,,,,,,,,,,,,,,,{},,,,,,,,,,,,,,,,,,,,,,,,,,,,,,,,,,,,,,,,,,,,,,,,,,,,,,,,,,,,,,,,,,,,,,,,,,,,,,,,,,,,,,,,,,,,,,,,,0|i18cfo:r,,,,,,,,,,,,,,,,,,,,,,,,,,,,,,,,,,,,,,,,,,,AMSQUAD Sprint 26.11 7/08-7/21,,,7/9/2026 0:00,,2,,,,,,,,,,,,,,,,,,,,,,,,,,,,,,,27:54.6,3_*:*_1_*:*_0_*|*_10409_*:*_1_*:*_118280_*|*_10000_*:*_1_*:*_74700644,"10/Jul/26 1:27 PM;557058:f58131cb-b67d-43c7-b30d-6b58d40bd077;Sub-task QA-1350 was updated:
  • Status: Done
  ","10/Jul/26 1:27 PM;557058:f58131cb-b67d-43c7-b30d-6b58d40bd077;Sub-task QA-1351 was updated:
  • Status: Done
  ","10/Jul/26 1:28 PM;557058:f58131cb-b67d-43c7-b30d-6b58d40bd077;Sub-task QA-1352 was updated:
  • Status: Done
  ","10/Jul/26 1:28 PM;557058:f58131cb-b67d-43c7-b30d-6b58d40bd077;Sub-task QA-1353 was updated:
  • Status: In Progress
  ","10/Jul/26 1:28 PM;557058:f58131cb-b67d-43c7-b30d-6b58d40bd077;Sub-task QA-1354 was updated:
  • Status: In Progress
  ","10/Jul/26 1:28 PM;557058:f58131cb-b67d-43c7-b30d-6b58d40bd077;Sub-task QA-1353 was updated:
  • Status: Review
  ","10/Jul/26 1:28 PM;557058:f58131cb-b67d-43c7-b30d-6b58d40bd077;Sub-task QA-1354 was updated:
  • Status: Review
  ","10/Jul/26 1:28 PM;557058:f58131cb-b67d-43c7-b30d-6b58d40bd077;Sub-task QA-1353 was updated:
  • Status: Done
  ","10/Jul/26 1:28 PM;557058:f58131cb-b67d-43c7-b30d-6b58d40bd077;Sub-task QA-1354 was updated:
  • Status: In Progress
  ","13/Jul/26 10:05 AM;557058:f58131cb-b67d-43c7-b30d-6b58d40bd077;Sub-task QA-1354 was updated:
  • Status: Done
  ",,,,,,,,,,,,,,,,,,,,,,,,,320810,QA-796,Unite MSC Test Automation,Done,7/13/2026 10:04
[UNITE-MSC][Mobile2] Sign-off — migration evidence pack and coverage metrics update,QA-1311,343067,Story,Done,QA,QA Automation,software,Timothy Kaufman,6418909f67102fc717c0b0d8,"{quote}Automation & Performance Testing Center of Excellence 


Tracks test strategy, execution, CI results, risk mitigation, and engineering dashboards.  


Project lead: Swapnil Patil (Functional) | Timothy Kaufman (JIRA Admin){quote}",https://confluence.ascensus.com/pages/viewpage.action?pageId=315559619,Low,Done,Swapnil Patil,6357f972fc0cc7a600ae8914,Swapnil Patil,6357f972fc0cc7a600ae8914,Swapnil Patil,6357f972fc0cc7a600ae8914,7/8/2026 11:29,7/21/2026 9:49,,7/21/2026 9:49,,AMSQUAD Sprint 26.11,7/21/2026 0:00,0,QA-Board-View,Regression,unite-msc,,,,"*In scope:* Finalize {{08-mobile2-signoff-draft.md}} inputs; archive QC4 HTML reports (no secrets); update metric dashboard figures post-wiring.

*Out of scope:* SQL validation architecture.

*Acceptance criteria:*

* Given master wiring story completes, when sign-off draft is updated, then API endpoint automation coverage % and endpoint inventory reflect executed state.
* Given QC4 master run, when evidence is archived, then report paths are documented without PII.",,Automation for Jira,Swapnil Patil,,557058:f58131cb-b67d-43c7-b30d-6b58d40bd077,6357f972fc0cc7a600ae8914,,,,,,,,,,,,,,,,,,,,,,,,,,,,,,,,,,,,,,,,ApprovalsCFValue{approvals=[]},,,,,,,,,,,,,,,,,,,,,,,,,,,,,,,,,,,,,,,,,,,,,,,,,,,{},,,,,,,,,,,,,,,,,,,,,,,,,,,,,,,,,,,,,,,,,,,,,,,,,,,,,,,,,,,,,,,,,,,,,,,,,,,,,,,,,,,,,,,,,,,,,,,,,0|i18cfp:,,,,,,,,,,,,,,,,,,,,,,,,,,,,,,,,,,,,,,,,,,,AMSQUAD Sprint 26.11 7/08-7/21,,,7/21/2026 0:00,,3,,,,,,,,,,,,,,,,,,,,,,,,,,,,,,,01:05.4,3_*:*_1_*:*_0_*|*_10409_*:*_1_*:*_824_*|*_10000_*:*_1_*:*_1114242587,"21/Jul/26 9:01 AM;557058:f58131cb-b67d-43c7-b30d-6b58d40bd077;Sub-task QA-1373 was updated:
  • Status: Review
  ","21/Jul/26 9:01 AM;557058:f58131cb-b67d-43c7-b30d-6b58d40bd077;Sub-task QA-1372 was updated:
  • Status: Review
  ","21/Jul/26 9:01 AM;557058:f58131cb-b67d-43c7-b30d-6b58d40bd077;Sub-task QA-1374 was updated:
  • Status: Review
  ","21/Jul/26 9:01 AM;557058:f58131cb-b67d-43c7-b30d-6b58d40bd077;Sub-task QA-1376 was updated:
  • Status: Review
  ","21/Jul/26 9:01 AM;557058:f58131cb-b67d-43c7-b30d-6b58d40bd077;Sub-task QA-1375 was updated:
  • Status: In Progress
  ","21/Jul/26 9:49 AM;557058:f58131cb-b67d-43c7-b30d-6b58d40bd077;Sub-task QA-1373 was updated:
  • Status: Done
  ","21/Jul/26 9:49 AM;557058:f58131cb-b67d-43c7-b30d-6b58d40bd077;Sub-task QA-1372 was updated:
  • Status: Done
  ","21/Jul/26 9:49 AM;557058:f58131cb-b67d-43c7-b30d-6b58d40bd077;Sub-task QA-1374 was updated:
  • Status: Done
  ","21/Jul/26 9:49 AM;557058:f58131cb-b67d-43c7-b30d-6b58d40bd077;Sub-task QA-1376 was updated:
  • Status: Done
  ","21/Jul/26 9:49 AM;557058:f58131cb-b67d-43c7-b30d-6b58d40bd077;Sub-task QA-1375 was updated:
  • Status: Done
  ",,,,,,,,,,,,,,,,,,,,,,,,,320810,QA-796,Unite MSC Test Automation,Done,7/21/2026 9:49
[UNITE-MSC][Mobile2] Master suite — wire integration and regression for seven stable endpoint classes (OKD + NMD),QA-1309,343057,Story,Done,QA,QA Automation,software,Timothy Kaufman,6418909f67102fc717c0b0d8,"{quote}Automation & Performance Testing Center of Excellence 


Tracks test strategy, execution, CI results, risk mitigation, and engineering dashboards.  


Project lead: Swapnil Patil (Functional) | Timothy Kaufman (JIRA Admin){quote}",https://confluence.ascensus.com/pages/viewpage.action?pageId=315559619,Low,Done,Swapnil Patil,6357f972fc0cc7a600ae8914,Swapnil Patil,6357f972fc0cc7a600ae8914,Swapnil Patil,6357f972fc0cc7a600ae8914,7/8/2026 11:25,7/10/2026 13:27,,7/10/2026 13:27,,AMSQUAD Sprint 26.11,7/10/2026 0:00,0,QA-Board-View,Regression,unite-msc,,,,"*Current state:* Canonical tests exist and pass in module suites; {{master-regression-testng.xml}} and {{master-integration-testng.xml}} omit 7 stable areas.

*Exact test classes / endpoints to wire:*

||Class||Endpoints||
|{{mobile2.contribution.MobileContributionCheckRequestTest}}|GET {{/mobile2api/v1/mobilecontributioncheck}}|
|{{mobile2.contribution.MobileContributionDetailRequestTest}}|GET {{/mobile2api/v1/mobilecontribution/{ext}/{id}}}|
|{{mobile2.contribution.MobileContributionPostRequestTest}}|POST {{/mobile2api/v1/mobilecontribution}}|
|{{mobile2.contribution.MobileContributionPutRequestTest}}|PUT {{/mobile2api/v1/mobilecontribution/{ext}/{id}}}|
|{{mobile2.balancetrend.MobileBalanceTrendRequestTest}}|GET {{/mobile2api/v1/mobilebalancetrend/{ext}}}|
|{{mobile2.balancetrend.MobilePerformanceRequestTest}}|GET {{/mobile2api/v1/mobileperformance/{ext}}}|
|{{mobile2.balancetrend.MobileStackupRequestTest}}|GET {{/mobile2api/v1/mobilestackup/{planId}}}|

*In scope:* Add OKD ({{okdirect}}) and NMD ({{nmdirect}}) test blocks to both master XML files; add NMD blocks to {{balancetrend-regression-testng.xml}} (currently OKD-only in regression); run {{mobile-ms-master-regression -Pacceptance-qc4}}.

*Out of scope:* DELETE endpoints; new test implementation; SQL L5 validation.

*Technical approach:* Mirror existing master pattern (e.g. {{MobileDashboardRequestTest}}); one PR; update playbook if needed.

*Acceptance criteria:*

* Given each class above is stable in its module suite, when master integration and master regression suites are executed on QC4 with OKD and NMD branding, then all seven classes execute with HTTP 2xx and HTML report artifacts generated.
* Given master suites are updated, when {{master-regression-testng.xml}} is inspected, then each listed class appears in both OKD and NMD test blocks.
* Given balancetrend regression suite, when inspected, then NMD IDP blocks exist for balance trend, performance, and stackup (parity with integration suite).

*Test matrix:* QC4 × OKD × NMD × master-integration + master-regression.

*Dependencies:* Dynamic SQL-backed test-user discovery; eligible MFA-compatible NMD accounts.

*Risks:* Contribution POST/PUT in master may increase runtime or data mutation — monitor account state.

*Evidence:* {{02-repo-to-repo-migration-matrix.md}}; {{master-regression-testng.xml}} (current omission).

*Definition of Done:* Master suites green on QC4; mapping doc updated; no credentials in reports.",,Automation for Jira,Swapnil Patil,,557058:f58131cb-b67d-43c7-b30d-6b58d40bd077,6357f972fc0cc7a600ae8914,,,,,,,,,,,,,,,,,,,,,,,,,,,,,,,,,,,,,,,,ApprovalsCFValue{approvals=[]},,,,,,,,,,,,,,,,,,,,,,,,,,,,,,,,,,,,,,,,,,,,,,,,,,,{},,,,,,,,,,,,,,,,,,,,,,,,,,,,,,,,,,,,,,,,,,,,,,,,,,,,,,,,,,,,,,,,,,,,,,,,,,,,,,,,,,,,,,,,,,,,,,,,,0|i18cfo:m,,,,,,,,,,,,,,,,,,,,,,,,,,,,,,,,,,,,,,,,,,,AMSQUAD Sprint 26.11 7/08-7/21,,,7/8/2026 0:00,,2,,,,,,,,,,,,,,,,,,,,,,,,,,,,,,,36:23.5,3_*:*_1_*:*_0_*|*_10409_*:*_1_*:*_985_*|*_10000_*:*_1_*:*_21790784,"08/Jul/26 5:36 PM;557058:f58131cb-b67d-43c7-b30d-6b58d40bd077;Sub-task QA-1324 was updated:
  • Status: To Do
  ","08/Jul/26 5:36 PM;557058:f58131cb-b67d-43c7-b30d-6b58d40bd077;Sub-task QA-1322 was updated:
  • Status: To Do
  ","08/Jul/26 5:36 PM;557058:f58131cb-b67d-43c7-b30d-6b58d40bd077;Sub-task QA-1323 was updated:
  • Status: To Do
  ","08/Jul/26 5:36 PM;557058:f58131cb-b67d-43c7-b30d-6b58d40bd077;Sub-task QA-1317 was updated:
  • Status: In Progress
  ","08/Jul/26 5:36 PM;557058:f58131cb-b67d-43c7-b30d-6b58d40bd077;Sub-task QA-1318 was updated:
  • Status: In Progress
  ","08/Jul/26 5:36 PM;557058:f58131cb-b67d-43c7-b30d-6b58d40bd077;Sub-task QA-1320 was updated:
  • Status: In Progress
  ","08/Jul/26 5:36 PM;557058:f58131cb-b67d-43c7-b30d-6b58d40bd077;Sub-task QA-1319 was updated:
  • Status: In Progress
  ","08/Jul/26 5:36 PM;557058:f58131cb-b67d-43c7-b30d-6b58d40bd077;Sub-task QA-1317 was updated:
  • Status: Done
  ","08/Jul/26 5:36 PM;557058:f58131cb-b67d-43c7-b30d-6b58d40bd077;Sub-task QA-1318 was updated:
  • Status: Done
  ","08/Jul/26 5:36 PM;557058:f58131cb-b67d-43c7-b30d-6b58d40bd077;Sub-task QA-1320 was updated:
  • Status: Done
  ","08/Jul/26 5:37 PM;557058:f58131cb-b67d-43c7-b30d-6b58d40bd077;Sub-task QA-1319 was updated:
  • Status: Done
  ","08/Jul/26 5:37 PM;557058:f58131cb-b67d-43c7-b30d-6b58d40bd077;Sub-task QA-1321 was updated:
  • Status: In Progress
  ","08/Jul/26 5:37 PM;557058:f58131cb-b67d-43c7-b30d-6b58d40bd077;Sub-task QA-1322 was updated:
  • Status: In Progress
  ","08/Jul/26 5:37 PM;557058:f58131cb-b67d-43c7-b30d-6b58d40bd077;Sub-task QA-1323 was updated:
  • Status: In Progress
  ","08/Jul/26 5:37 PM;557058:f58131cb-b67d-43c7-b30d-6b58d40bd077;Sub-task QA-1324 was updated:
  • Status: In Progress
  ","10/Jul/26 1:27 PM;557058:f58131cb-b67d-43c7-b30d-6b58d40bd077;Sub-task QA-1321 was updated:
  • Status: Done
  ","10/Jul/26 1:27 PM;557058:f58131cb-b67d-43c7-b30d-6b58d40bd077;Sub-task QA-1322 was updated:
  • Status: Done
  ","10/Jul/26 1:27 PM;557058:f58131cb-b67d-43c7-b30d-6b58d40bd077;Sub-task QA-1323 was updated:
  • Status: Done
  ","10/Jul/26 1:27 PM;557058:f58131cb-b67d-43c7-b30d-6b58d40bd077;Sub-task QA-1324 was updated:
  • Status: Done
  ",,,,,,,,,,,,,,,,320810,QA-796,Unite MSC Test Automation,Done,7/10/2026 13:27
[UNITE-MSC][Mobile2][CICD] QC4 API validation pipeline — Mobile Dashboard vertical slice (expand to all features),QA-1243,339821,Story,Done,QA,QA Automation,software,Timothy Kaufman,6418909f67102fc717c0b0d8,"{quote}Automation & Performance Testing Center of Excellence 


Tracks test strategy, execution, CI results, risk mitigation, and engineering dashboards.  


Project lead: Swapnil Patil (Functional) | Timothy Kaufman (JIRA Admin){quote}",https://confluence.ascensus.com/pages/viewpage.action?pageId=315559619,Medium,Done,Swapnil Patil,6357f972fc0cc7a600ae8914,Swapnil Patil,6357f972fc0cc7a600ae8914,Swapnil Patil,6357f972fc0cc7a600ae8914,6/26/2026 8:57,7/2/2026 14:32,,7/2/2026 14:32,,AMSQUAD Sprint 26.10,7/2/2026 0:00,0,QA-Board-View,Regression,unite-msc,,,,"h2. Goal

Stand up *QC4 CI pipeline* for *Mobile2 REST API validation* in the {{jsonapi-mobile-mobile2}} framework (TestNG + RestAssured), starting with *Mobile Dashboard* as the reference vertical slice, then expanding to all remaining mobile2 Cucumber feature areas.

This sprint: fix *dashboard* end-to-end in QC4 (connectivity → auth → API test green). Follow-on: replicate pipeline pattern for other features.

h2. Background

* Cucumber coverage exists in {{unite-mobile2}} (UniteMSC); new framework validates API responses via TestNG ({{MobileDashboardRequestTest}}, etc.).
* *Knowledge base* documents API → DB mapping, endpoints, auth flow: {{qa-automation-kb/mobile2-api-db-validation/}}
* *QC4 mobile login* was restored (RT 514351). Verified auth + dashboard via curl against {{unite-bff-wtn.qc4.unite529.com}}.
* Initial pipeline failure was {{java.net.ConnectException: Connection refused}} at {{getMobileToken}} — runner could not reach BFF (wrong host in properties vs. pod network), not missing GitHub secrets.

h2. Scope — Phase 1 (this sprint)

*Feature:* Mobile Dashboard ({{mobiledashboard.feature}} reference)

||Step||Endpoint||Method||
|Auth / JWT|{{/mobile1api/v1/mobilemembersession}}|POST|
|Dashboard|{{/mobile2api/v1/mobiledashboard}}|GET|
|YTD (later in same feature)|{{/mobile2api/v1/mobileytdsummary/{ext}}}|GET|

*QC4 BFF base URL (authoritative for pipeline):*

{{https://unite-bff-wtn.qc4.unite529.com}}

*Test class (framework):*

{{mobile2.dashboard.MobileDashboardRequestTest#getMobileDashboard}}

*Test plan:* {{okdirect}} (loaded via {{DatabaseResourceManager}})

h2. Scope — Phase 2 (subsequent stories / same epic)

Expand QC4 pipeline to remaining mobile2 features (priority order from KB {{STATUS.md}}):

# mobilebank, mobilecontribution, mobileactivity
# mobileTransactionHistory, mobilePerformance, mobileBalanceTrend
# investment, mobileStackup, mobileugift, planselection
# contentservice (external CMS — no DB validation)
# e2e (cross-feature index)

Full endpoint registry: {{mobile2-api-db-validation/mappings/endpoint-registry.yaml}}

h2. Auth model (NON_IDP — okdirect)

*No GitHub secret / Bearer token required upfront* for member session POST.

Required headers:

* {{Content-Type: application/json}}
* {{X-App-Version: 3.9.0}} (or framework app version)

Body: {{planId}}, {{username}}, {{password}} → response JWT at {{_embedded.item.jwtToken}}

Dashboard GET uses: {{Authorization: Bearer {jwtToken}}} + {{X-App-Version}}

*No HTTP proxy* expected for {{*.unite529.com}} from on-prem GitHub runner pod (direct route).

h2. Pipeline / DevOps requirements

h3. Environment config

||Property / setting||Value / notes||
|BFF host|{{https://unite-bff-wtn.qc4.unite529.com}}|
|Mobile1 API prefix|{{/mobile1api/v1/}}|
|Mobile2 API prefix|{{/mobile2api/v1/}}|
|Environment profile|QC4 ({{qc4.properties}} or equivalent)|
|{{-Dapi.host}}|Must match BFF host; confirm {{qc4.properties}} does not override to {{localhost:8443}} at runtime|
|Token URL property|Confirm {{MobileServerClient.getMobileToken}} uses same BFF host (may differ from {{api.host}})|
|Proxy|Not required for [unite529.com|http://unite529.com]; RestAssured ignores {{HTTP_PROXY}} env unless Java {{-Dhttps.proxyHost}} set|
|Secrets|Test creds in test data / properties for okdirect; no OAuth client secret for NON_IDP auth probe|

h3. Pre-flight probe (run inside pod before Maven)

*Step 1 — Auth (expect HTTP 200, jwtToken in body):*

{noformat}curl -sk -X POST ""https://unite-bff-wtn.qc4.unite529.com/mobile1api/v1/mobilemembersession"" \
  -H ""Content-Type: application/json"" \
  -H ""X-App-Version: 3.9.0"" \
  -d '{""planId"":""okdirect"",""username"":""QAMSCAUTO_REG_1234567890"",""password"":""Newton@123""}'{noformat}

*Step 2 — Extract JWT (if jq available):*

{noformat}JWT=$(curl -sk -X POST ""https://unite-bff-wtn.qc4.unite529.com/mobile1api/v1/mobilemembersession"" \
  -H ""Content-Type: application/json"" \
  -H ""X-App-Version: 3.9.0"" \
  -d '{""planId"":""okdirect"",""username"":""QAMSCAUTO_REG_1234567890"",""password"":""Newton@123""}' \
  | jq -r '._embedded.item.jwtToken')
echo ""JWT length: ${#JWT}""{noformat}

*Step 3 — Dashboard (expect HTTP 200):*

{noformat}curl -sk -w ""\nHTTP_CODE:%{http_code}\n"" \
  -X GET ""https://unite-bff-wtn.qc4.unite529.com/mobile2api/v1/mobiledashboard"" \
  -H ""Authorization: Bearer ${JWT}"" \
  -H ""X-App-Version: 3.9.0""{noformat}

*Probe interpretation:*

* *200* → BFF reachable from pod; proceed to Maven
* *Connection refused* → pod → BFF network/routing (DevOps), not test assertion failure
* *ECONNRESET* → infra/LB issue (see RT 514351 pattern)

h3. Local / CI Maven commands (framework repo)

Run from {{jsonapi-mobile-mobile2}} module root:

{noformat}# Single dashboard test (QC4 profile — adjust -P/-D to match repo conventions)
mvn test -Dtest=MobileDashboardRequestTest#getMobileDashboard -Dspring.profiles.active=qc4{noformat}

If properties file driven:

{noformat}mvn test -Dtest=MobileDashboardRequestTest#getMobileDashboard \
  -Dapi.host=https://unite-bff-wtn.qc4.unite529.com{noformat}

Confirm actual profile names with Chaitanya ({{qc4.properties}}, Maven {{-P}} flags in {{ags-unitemsc}} workflow).

h3. GitHub Actions / workflow checklist

* Run auth curl probe as first job step (fail fast on network)
* Set BFF base URL in workflow env or properties (not localhost)
* Log resolved token URL / api.host at test startup (diagnostics)
* On-prem runner pod can reach {{unite-bff-wtn.qc4.unite529.com:443}} (no proxy)
* Publish Surefire report artifact on failure
* Document okdirect test member availability in QC4

h2. API validation flow (dashboard)

{noformat}POST /mobile1api/v1/mobilemembersession  →  JWT (_embedded.item.jwtToken)
GET  /mobile2api/v1/mobiledashboard      →  MobileDashboard (HAL _embedded.item){noformat}

Downstream (for future API–DB compare, not blocking Phase 1 pipeline):

* Account, Profile, Metadata gateways → see KB {{docs/02-features/mobiledashboard/overview.md}}
* SQL validation queries: {{sql/account/}}, {{sql/profile/}}, {{sql/metadata/}}, {{sql/composite/mobiledashboard/}}

h2. Known failure modes

||Symptom||Likely cause||Owner||
|Connection refused at getMobileToken|Wrong host (localhost:8443) or pod cannot reach BFF|DevOps / Chaitanya — properties + network|
|ECONNRESET|LB / BFF down|Platform (RT)|
|401/403 with HTTP response|Auth/creds/JWT claims|QA + framework config|
|Assertion on dashboard fields|Test data / API response mismatch|QA — compare with KB {{@md1}} scenario|

h2. References

||Resource||Path / link||
|KB README|{{qa-automation-kb/mobile2-api-db-validation/README.md}}|
|Dashboard overview|{{docs/02-features/mobiledashboard/overview.md}}|
|Endpoint registry|{{mappings/endpoint-registry.yaml}}|
|Auth flow|{{docs/01-shared/auth-and-session.md}}|
|Architecture|{{docs/00-architecture/bff-orchestration-flow.md}}|
|QC4 login incident|{{ISSUES/06242026/}} (RT 514351)|
|UniteMSC feature (read-only)|{{mobiledashboard.feature}}, {{MobileDashboardStepdefs.java}}|

h2. Out of scope (this story)

* Modifying UniteMSC source repos
* Full API–DB SQL compare in CI (Phase 1 = API smoke green; DB validation KB continues in parallel)
* IDP-enabled plans (okdirect is NON_IDP; IDP flows need separate auth story)",,Automation for Jira,Swapnil Patil,,557058:f58131cb-b67d-43c7-b30d-6b58d40bd077,6357f972fc0cc7a600ae8914,,,,,,,,,,,,,,,,,,,,,,,,,,,,,,,QA Automation,,,,,,,,,ApprovalsCFValue{approvals=[]},,,,,,,,,,,,,,,,,,,,,,,,,,,,,,,,,,,,,,,,,,,,,,,,,,,{},,,,,,,,,,,,,,,,,,,,,,,,,,,,,,,,,,,,,,,,,,,,,,,,,,,,,,,,,,,,,,,,,,,,,,,,,,,,,,,,,,,,,,,,,,,,,,,,,0|i180g1:,,,,,,,,,,,,,,,,,,,,,,,,,,,,,,,,,,,,,,,,,,,AMSQUAD Sprint 26.10 6/24-7/07,,,6/26/2026 0:00,,3,,,,,,,,,4821708b-58a1-45f9-93f1-fe52c0da32a7,QA Automation,,,,,,,,,,,,,,,,,,,,,31:41.0,3_*:*_1_*:*_452150078_*|*_10409_*:*_1_*:*_985_*|*_10000_*:*_1_*:*_91066_*|*_10420_*:*_1_*:*_0,"02/Jul/26 2:31 PM;557058:f58131cb-b67d-43c7-b30d-6b58d40bd077;Sub-task QA-1244 was updated:
  • Status: Done
  ","02/Jul/26 2:31 PM;557058:f58131cb-b67d-43c7-b30d-6b58d40bd077;Sub-task QA-1245 was updated:
  • Status: Done
  ","02/Jul/26 2:32 PM;557058:f58131cb-b67d-43c7-b30d-6b58d40bd077;Sub-task QA-1246 was updated:
  • Status: Done
  ","02/Jul/26 2:32 PM;557058:f58131cb-b67d-43c7-b30d-6b58d40bd077;Sub-task QA-1247 was updated:
  • Status: Done
  ","02/Jul/26 2:32 PM;557058:f58131cb-b67d-43c7-b30d-6b58d40bd077;Sub-task QA-1248 was updated:
  • Status: In Progress
  ","02/Jul/26 2:32 PM;557058:f58131cb-b67d-43c7-b30d-6b58d40bd077;Sub-task QA-1249 was updated:
  • Status: In Progress
  ","02/Jul/26 2:32 PM;557058:f58131cb-b67d-43c7-b30d-6b58d40bd077;Sub-task QA-1250 was updated:
  • Status: In Progress
  ","02/Jul/26 2:32 PM;557058:f58131cb-b67d-43c7-b30d-6b58d40bd077;Sub-task QA-1248 was updated:
  • Status: Done
  ","02/Jul/26 2:32 PM;557058:f58131cb-b67d-43c7-b30d-6b58d40bd077;Sub-task QA-1249 was updated:
  • Status: Done
  ","02/Jul/26 2:32 PM;557058:f58131cb-b67d-43c7-b30d-6b58d40bd077;Sub-task QA-1250 was updated:
  • Status: Done
  ",,,,,,,,,,,,,,,,,,,,,,,,,320810,QA-796,Unite MSC Test Automation,Done,7/2/2026 14:32
[QC4][Mobile] Member login failing — POST mobilemembersession returns ECONNRESET,QA-1234,339637,Bug,Closed,QA,QA Automation,software,Timothy Kaufman,6418909f67102fc717c0b0d8,"{quote}Automation & Performance Testing Center of Excellence 


Tracks test strategy, execution, CI results, risk mitigation, and engineering dashboards.  


Project lead: Swapnil Patil (Functional) | Timothy Kaufman (JIRA Admin){quote}",https://confluence.ascensus.com/pages/viewpage.action?pageId=315559619,Critical,Done,Swapnil Patil,6357f972fc0cc7a600ae8914,Swapnil Patil,6357f972fc0cc7a600ae8914,Swapnil Patil,6357f972fc0cc7a600ae8914,6/25/2026 12:11,6/25/2026 12:15,,6/25/2026 12:15,,AMSQUAD Sprint 26.10,6/25/2026 0:00,0,MobileAutomation,QA-Board-View,Regression,unite-msc,,,"h2. Environment

* QC4

h2. Problem

Mobile member login is not working in QC4. Both the mobile app and Postman fail at authentication.

*Endpoint:* POST /mobile1api/v1/mobilemembersession

*URL:* [https://mobileapi.qc4.acs529.com/mobile1api/v1/mobilemembersession|https://mobileapi.qc4.acs529.com/mobile1api/v1/mobilemembersession]

*Alternate app BFF host:* [https://unite-bff-wtn.qc4.unite529.com/mobile1api/v1/|https://unite-bff-wtn.qc4.unite529.com/mobile1api/v1/]

*Error (Postman):* {{Error: write ECONNRESET}}

Connection reset before any HTTP status is returned.

h2. Steps to reproduce

# Open Postman (Desktop Agent).
# POST to [https://mobileapi.qc4.acs529.com/mobile1api/v1/mobilemembersession|https://mobileapi.qc4.acs529.com/mobile1api/v1/mobilemembersession]
# Headers: Content-Type: application/json, Authorization: Bearer [acceptance JWT] (if required by collection)
# Body (JSON):

{noformat}{
  ""planId"": ""upromise"",
  ""username"": ""<QC4 test member>"",
  ""password"": ""<password>""
}{noformat}

# Send request.

_(Optional: select only the JSON lines above → toolbar </> → language JSON.)_

h2. Expected

* HTTP 200 with MobileMemberSession (session id + JWT), OR documented 401/403 JSON error
* Mobile app login succeeds in QC4

h2. Actual

* Transport failure — no HTTP response
* write ECONNRESET
* Mobile app login fails (see attachment)

h2. Impact

* Blocks Mobile1 auth smoke and member-session-dependent Mobile2 flows in QC4
* Blocks QC4 mobile regression / deployment gate validation

h2. Related tickets / comms

* RT: [https://rt.acs529.com/Ticket/Display.html?id=514351|https://rt.acs529.com/Ticket/Display.html?id=514351]
* DevOps Request channel — 2026-06-24
* KB: qa-automation-kb/mobile2-api-db-validation/ISSUES/06242026/

h2. Evidence

* MobileAuth Login failed - QC4.png
* Postman failing on auth endpoint.png

h2. Technical reference

* unite-mobile1: MobileMemberSessionStepdefs → POST mobilemembersession
* unite-accountowner: auth.service.ts → mobile1dataServiceUrl + mobilemembersession
* QC4 config: environment.qc4.ts → [unite-bff-wtn.qc4.unite529.com/mobile1api/v1/|http://unite-bff-wtn.qc4.unite529.com/mobile1api/v1/]",QC4 & Stage 1,Swapnil Patil,,,6357f972fc0cc7a600ae8914,,,,,,,,,,,,,,,,,,,,,,,,,,,,,,,,,,,,,,,,,ApprovalsCFValue{approvals=[]},,,,,,,,,,,,,,,,,,,,,,,,,,,,,,,,,,,,,,,,,,,,,,,,,,,{},,,,,,,,,,,,,,,,,,,,,,,,,,,,,,,,,,,,,,,,,,,,,,,,,,,,,,,,,,,,,,,,,,,,,,,,,,,,,,,,,,,,,,,,,,,,,,,,,0|i180gd:zr,,,,,,,,,,,,,,,,,,,,,,"Verified fixed in QC4.

RT: https://rt.acs529.com/Ticket/Display.html?id=514351

Endpoint POST /mobile1api/v1/mobilemembersession — no longer ECONNRESET; returns expected session response.

Mobile login: OK in QC4 app.

RCA: QC4 requests to mobileapi.qc4.acs529.com for POST /mobile1api/v1/mobilemembersession were failing at the TCP/TLS layer with ECONNRESET because [unite-mobile1 BFF had no healthy backend behind the QC4 load balancer / ingress — e.g. pod crash loop, deployment rollback gap, or backend pool drained after a release]. The client never received an HTTP response, which presented as a mobile login outage and blocked auth-dependent automation.

Corrective action: Dong
",Infrastructure Related,,,,,,,,,,,,,,,,,,,,AMSQUAD Sprint 26.10 6/24-7/07,,,,,,,,,,,,,,4821708b-58a1-45f9-93f1-fe52c0da32a7,QA Automation,,,,,,,,,,,,,,,,,,,,,,1_*:*_1_*:*_103515_*|*_3_*:*_1_*:*_3531_*|*_11560_*:*_1_*:*_0_*|*_11550_*:*_1_*:*_32446,,,,,,,,,,,,,,,,,,,,,,,,,,,,,,,,,,,320810,QA-796,Unite MSC Test Automation,Done,6/25/2026 12:15
[UNITE-MSC][Enhancement][Mobile2] Dynamic user and SQL-backed account selection framework,QA-1217,339249,Story,Done,QA,QA Automation,software,Timothy Kaufman,6418909f67102fc717c0b0d8,"{quote}Automation & Performance Testing Center of Excellence 


Tracks test strategy, execution, CI results, risk mitigation, and engineering dashboards.  


Project lead: Swapnil Patil (Functional) | Timothy Kaufman (JIRA Admin){quote}",https://confluence.ascensus.com/pages/viewpage.action?pageId=315559619,Low,Done,Swapnil Patil,6357f972fc0cc7a600ae8914,Swapnil Patil,6357f972fc0cc7a600ae8914,Swapnil Patil,6357f972fc0cc7a600ae8914,6/24/2026 9:12,7/31/2026 13:51,,7/31/2026 13:51,,AMSQUAD Sprint 26.12,7/31/2026 0:00,0,QA-Board-View,Regression,unite-msc,,,,"*Summary:* [UNITE-MSC][Enhancement] Dynamic user and SQL-backed account selection framework

*Description:*
Implement reusable pattern for dynamic test-user selection and SQL-backed account lookup so tests survive DB refresh and reduce hardcoded credentials/accounts across Enrollment, Mobile1, and Mobile2.

*Acceptance criteria:*

* Documented pattern in module README (no hardcoded primary accounts in new tests)
* SQL-backed selector utility or step hook available to all three modules
* QC4 proof on at least one Mobile2 and one Enrollment scenario
* DB-refresh checklist updated with account-selection steps",,Swapnil Patil,,,6357f972fc0cc7a600ae8914,,,,,,,,,,,,,,,,,,,,,,,,,,,,,,,,,,,,,,,,,ApprovalsCFValue{approvals=[]},,,,,,,,,,,,,,,,,,,,,,,,,,,,,,,,,,,,,,,,,,,,,,,,,,,{},,,,,,,,,,,,,,,,,,,,,,,,,,,,,,,,,,,,,,,,,,,,,,,,,,,,,,,,,,,,,,,,,,,,,,,,,,,,,,,,,,,,,,,,,,,,,,,,,0|i17p7h:9,,,,,,,,,,,,,,,,,,,,,,,,,,,,,,,,,,,,,,,,,,,AMSQUAD Sprint 26.12 7/22-8/04,,,7/24/2026 0:00,,5,,,,,,,,,,,,,,,,,,,,,,,,,,,,,,,,3_*:*_1_*:*_0_*|*_10409_*:*_1_*:*_72889_*|*_10000_*:*_1_*:*_2591243891,,,,,,,,,,,,,,,,,,,,,,,,,,,,,,,,,,,320810,QA-796,Unite MSC Test Automation,Done,7/31/2026 13:51
[V2/V3/PerfTesting][Daily][Platform Support] Daily regression review & triage — V2 + V3 + Perf Testing,QA-1202,339107,Story,Done,QA,QA Automation,software,Timothy Kaufman,6418909f67102fc717c0b0d8,"{quote}Automation & Performance Testing Center of Excellence 


Tracks test strategy, execution, CI results, risk mitigation, and engineering dashboards.  


Project lead: Swapnil Patil (Functional) | Timothy Kaufman (JIRA Admin){quote}",https://confluence.ascensus.com/pages/viewpage.action?pageId=315559619,Low,Done,Swapnil Patil,6357f972fc0cc7a600ae8914,Swapnil Patil,6357f972fc0cc7a600ae8914,Swapnil Patil,6357f972fc0cc7a600ae8914,6/23/2026 17:45,7/9/2026 8:18,,7/7/2026 8:40,,AMSQUAD Sprint 26.10,7/7/2026 0:00,0,AutomatedTesting,QA-Board-View,Regression,Regression_Testing,,,"Every business day at *7:30 AM* (local to offshore), perform a *daily health check* of the *Prime V2* and *Prime V3* regression jobs that finished overnight.
Tasks include: review *qTest* executions and *TestNG* reports, scan failures *by module*, reproduce locally or run a focused re-execution to confirm legitimacy, and communicate results.

* *If all green:* post a short status update to the team channel.
* *If failures:* email the Project Lead (Swapnil) following the bug-handling guidelines with the required evidence (plan, module, test case(s), exception, logs/screenshots, links). Swapnil will open/route defects.

*Goal:* Provide a reliable, single source of truth each morning on regression health (V2 + V3), with actionable failure details.

*Linked Docs:*

* *Bug Handling Process:* [https://confluence.ascensus.com/pages/viewpage.action?pageId=326751557|https://confluence.ascensus.com/pages/viewpage.action?pageId=326751557]
* *TestNG (V2) Report Index:* [http://seleniumhubnt2:8081/reports/unite/?C=M;O=D|http://seleniumhubnt2:8081/reports/unite/?C=M;O=D]
* *V3 Pipelines (TestNG inside job artifacts):* [https://gitlab.com/ascensus-gs/products/depot/qa-automation/prime-test-automation/-/pipeline_schedules|https://gitlab.com/ascensus-gs/products/depot/qa-automation/prime-test-automation/-/pipeline_schedules]
* *qTest Portal (Project 90985):* [https://ascensus.qtestnet.com/p/90985/portal/project#tab=testexecution|https://ascensus.qtestnet.com/p/90985/portal/project#tab=testexecution]



h2. Reporting Templates (copy/paste)

h3. A) Teams/Slack – *All Green*

{noformat}
Prime Version2
	stage1-acct-overview: <Pass/Fail> | Reason/Comment: <failures due to falkiness, so all look good>
	stage1-contributions: <Pass/Fail> | Reason/Comment: <failures due to falkiness, so all look good>
	stage1-csr-acct-main: <Pass/Fail> | Reason/Comment: <failures due to falkiness, so all look good>
	stage1-enrollments	: <Pass/Fail> | Reason/Comment: <failures due to falkiness, so all look good>
	stage1-sardine-regre: <Pass/Fail> | Reason/Comment: <failures due to falkiness, so all look good>
	stage1-web-login	: <Pass/Fail> | Reason/Comment: <failures due to falkiness, so all look good>
	stage1-web-registrat: <Pass/Fail> | Reason/Comment: <failures due to falkiness, so all look good>
	stage1-withdrawals	: <Pass/Fail> | Reason/Comment: <failures due to falkiness, so all look good>

Prime Version 3
	universal-enrollment-stage1	: <Pass/Fail> | Reason/Comment: <failures due to falkiness, so all look good>
	idp-login-stage1			: <Pass/Fail> | Reason/Comment: <failures due to falkiness, so all look good>
    Unite						: <Pass/Fail> | Reason/Comment: <failures due to falkiness, so all look good>

Overall Comment/Note: 
{noformat}

h3. B) Teams/Slack – *With Failures (pending confirmation)*

{noformat}⚠️Daily Regression: 

Prime Version2
	Module: stage1-acct-overview
	Plan: 
	Report Link:
	Exception Link:
	Screenshot link:
	Reason for failure: 

Prime Version 3
	Module: stage1-acct-overview
	Plan: 
	Report Link:
	Exception Link:
	Screenshot link:
	Reason for failure: 

Overall Comment/Note: 

Action: Reproducing locally to confirm. Will email details if legit.{noformat}",,Automation for Jira,Swapnil Patil,,557058:f58131cb-b67d-43c7-b30d-6b58d40bd077,6357f972fc0cc7a600ae8914,,,,,,,,,,,,,,,,,,,,,,,,,,,,,,,QA Automation,,,,"* A triage pass is completed *every business day at 7:30 AM* for *both V2 and V3*.
* Each module (Login, Web Reg, Enrollment, Contributions, Withdrawals, Profile/Acct Maint., Balance, Entity if present) is reviewed in the TestNG/qTest results.
* Any *failure* is verified by *local rerun or targeted re-execution*; false alarms are filtered out.
* Communication is sent:
** *Pass:* concise Teams/Slack message with run IDs and pass rate.
** *Fail:* *email* to PL with all required fields (see template below).
* A daily *comment* is added to this story (or subtask) with the outcome + links.
* Time is *logged* (actual time spent) to this story/subtasks.",,,,,ApprovalsCFValue{approvals=[]},,,,,,,,,,,,,,,,,,,,,,,,,,,,,,,,,,,,,,,,,,,,,,,,,,,{},,,,,,,,,,,,,,,,,,,,,,,,,,,,,,,,,,,,,,,,,,,,,,,,,,,,,,,,,,,,,,,,,,,,,,All 529 Plans,All ABLE Plans,,,,,,,,,,,,,,,,,,,,,,,,,,0|i180gd:zi,,,,,,,,,,,,,,,,,,,,,,,,,,,,,,,,,,,,,,,,,,,AMSQUAD Sprint 26.10 6/24-7/07,,,7/1/2026 0:00,,3,,,,,,,,,,,,,,,,,,,,,,,,,,,,,,,39:40.5,3_*:*_1_*:*_0_*|*_10409_*:*_1_*:*_219818_*|*_10000_*:*_1_*:*_679550041,"07/Jul/26 8:39 AM;557058:f58131cb-b67d-43c7-b30d-6b58d40bd077;Sub-task QA-1210 was updated:
  • Status: Done
  ","07/Jul/26 8:39 AM;557058:f58131cb-b67d-43c7-b30d-6b58d40bd077;Sub-task QA-1209 was updated:
  • Status: Done
  ","07/Jul/26 8:39 AM;557058:f58131cb-b67d-43c7-b30d-6b58d40bd077;Sub-task QA-1208 was updated:
  • Status: Done
  ","07/Jul/26 8:40 AM;557058:f58131cb-b67d-43c7-b30d-6b58d40bd077;Sub-task QA-1207 was updated:
  • Status: Done
  ","07/Jul/26 8:40 AM;557058:f58131cb-b67d-43c7-b30d-6b58d40bd077;Sub-task QA-1206 was updated:
  • Status: Done
  ","07/Jul/26 8:40 AM;557058:f58131cb-b67d-43c7-b30d-6b58d40bd077;Sub-task QA-1205 was updated:
  • Status: Done
  ","07/Jul/26 8:40 AM;557058:f58131cb-b67d-43c7-b30d-6b58d40bd077;Sub-task QA-1204 was updated:
  • Status: Done
  ","07/Jul/26 8:40 AM;557058:f58131cb-b67d-43c7-b30d-6b58d40bd077;Sub-task QA-1203 was updated:
  • Status: Done
  ",,,,,,,,,,,,,,,,,,,,,,,,,,,313677,QA-623,Platform Support — AMSQUAD Sprint Q2 26.05 onwards,Done,7/7/2026 8:40
"[Platform Support] Release Support, Tech meetings & engineering alignment (Q2 26.09+)",QA-1197,339102,Story,Done,QA,QA Automation,software,Timothy Kaufman,6418909f67102fc717c0b0d8,"{quote}Automation & Performance Testing Center of Excellence 


Tracks test strategy, execution, CI results, risk mitigation, and engineering dashboards.  


Project lead: Swapnil Patil (Functional) | Timothy Kaufman (JIRA Admin){quote}",https://confluence.ascensus.com/pages/viewpage.action?pageId=315559619,Low,Done,Swapnil Patil,6357f972fc0cc7a600ae8914,Swapnil Patil,6357f972fc0cc7a600ae8914,Swapnil Patil,6357f972fc0cc7a600ae8914,6/23/2026 17:45,7/9/2026 8:14,,7/7/2026 8:40,,AMSQUAD Sprint 26.10,7/7/2026 0:00,0,PlatformSupport,QA-Board-View,Regression,,,,"Here’s a tightened, more uniform version you can paste in:

{noformat}h2. Purpose
Provide capacity for **tech chapter**, **program**, **architecture**, **security**, and **release readiness** forums where AMSQUAD represents automation/regression concerns that are **not tied to a single feature Epic**.

h2. Scope
* Attend agreed recurring forums.
* Capture action items impacting **automation**, **test data**, or **pipelines**.
* Follow up on or delegate those actions and update this Story accordingly.

h2. Out of scope
* Acting as SM/PO for decisions — provides *input only* unless explicitly delegated.{noformat}

Acceptance criteria (clean copy):

{noformat}* ( ) Recurring meetings are listed in the Story **description** or first comment (name + frequency).
* ( ) For each in-scope sprint: **minutes** or **3–5 outcome bullets** are added as a Story comment (including actions + owners).
* ( ) Automation-relevant decisions are linked to the corresponding feature Stories or Epics where applicable.{noformat}

If you’d like, I can also rewrite this in strict Jira “Given/When/Then” style, or tune the wording for a specific team/template.",,Automation for Jira,Swapnil Patil,,557058:f58131cb-b67d-43c7-b30d-6b58d40bd077,6357f972fc0cc7a600ae8914,,,,,,,,,,,,,,,,,,,,,,,,,,,,,,,,,,,,,,,,ApprovalsCFValue{approvals=[]},,,,,,,,,,,,,,,,,,,,,,,,,,,,,,,,,,,,,,,,,,,,,,,,,,,{},,,,,,,,,,,,,,,,,,,,,,,,,,,,,,,,,,,,,,,,,,,,,,,,,,,,,,,,,,,,,,,,,,,,,,,,,,,,,,,,,,,,,,,,,,,,,,,,,0|i180gd:z,,,,,,,,,,,,,,,,,,,,,,,,,,,,,,,,,,,,,,,,,,,AMSQUAD Sprint 26.10 6/24-7/07,,,7/7/2026 0:00,,1,,,,,,,,,,,,,,,,,,,,,,,,,,,,,,,40:52.8,3_*:*_1_*:*_0_*|*_10409_*:*_1_*:*_177640_*|*_10000_*:*_1_*:*_1176513922,"07/Jul/26 8:40 AM;557058:f58131cb-b67d-43c7-b30d-6b58d40bd077;Sub-task QA-1201 was updated:
  • Status: In Progress
  ","07/Jul/26 8:40 AM;557058:f58131cb-b67d-43c7-b30d-6b58d40bd077;Sub-task QA-1200 was updated:
  • Status: In Progress
  ","07/Jul/26 8:41 AM;557058:f58131cb-b67d-43c7-b30d-6b58d40bd077;Sub-task QA-1199 was updated:
  • Status: In Progress
  ","07/Jul/26 8:41 AM;557058:f58131cb-b67d-43c7-b30d-6b58d40bd077;Sub-task QA-1198 was updated:
  • Status: In Progress
  ","07/Jul/26 8:41 AM;557058:f58131cb-b67d-43c7-b30d-6b58d40bd077;Sub-task QA-1201 was updated:
  • Status: Done
  ","07/Jul/26 8:41 AM;557058:f58131cb-b67d-43c7-b30d-6b58d40bd077;Sub-task QA-1200 was updated:
  • Status: Done
  ","07/Jul/26 8:41 AM;557058:f58131cb-b67d-43c7-b30d-6b58d40bd077;Sub-task QA-1199 was updated:
  • Status: Done
  ","07/Jul/26 8:41 AM;557058:f58131cb-b67d-43c7-b30d-6b58d40bd077;Sub-task QA-1198 was updated:
  • Status: Done
  ",,,,,,,,,,,,,,,,,,,,,,,,,,,313677,QA-623,Platform Support — AMSQUAD Sprint Q2 26.05 onwards,Done,7/7/2026 8:40
"[Platform Support] KT, onboarding & tooling/environment setup (Q2 26.09+)",QA-1193,339098,Story,Done,QA,QA Automation,software,Timothy Kaufman,6418909f67102fc717c0b0d8,"{quote}Automation & Performance Testing Center of Excellence 


Tracks test strategy, execution, CI results, risk mitigation, and engineering dashboards.  


Project lead: Swapnil Patil (Functional) | Timothy Kaufman (JIRA Admin){quote}",https://confluence.ascensus.com/pages/viewpage.action?pageId=315559619,Low,Done,Swapnil Patil,6357f972fc0cc7a600ae8914,Swapnil Patil,6357f972fc0cc7a600ae8914,Swapnil Patil,6357f972fc0cc7a600ae8914,6/23/2026 17:45,7/9/2026 8:16,,7/7/2026 8:41,,AMSQUAD Sprint 26.10,7/7/2026 0:00,0,PlatformSupport,QA-Board-View,Regression,,,,"Purpose
Reserve time for *DevOps alignment*: triaging job failures due to _infrastructure_, agent pools, secrets rotation, artifact retention, and GitLab/Jenkins configuration questions — without owning product feature delivery.

Scope

* Triage pipeline-as-platform issues; raise tickets to platform/DevOps teams; verify after fixes are deployed.
* Document job names, configurations, and links in the squad knowledge base when they change.

*Acceptance criteria* 

{noformat}* ( ) Pipeline/infra issues are **documented** with job URL + error snippet in a comment or linked Task.
* ( ) **Resolution** or **handoff** is clearly noted when the issue is not owned by QA Automation code.
* ( ) No **Story points** are assigned; effort is tracked via **work log** only.{noformat}",,Automation for Jira,Swapnil Patil,,557058:f58131cb-b67d-43c7-b30d-6b58d40bd077,6357f972fc0cc7a600ae8914,,,,,,,,,,,,,,,,,,,,,,,,,,,,,,,QA Automation,,,,,,,,,ApprovalsCFValue{approvals=[]},,,,,,,,,,,,,,,,,,,,,,,,,,,,,,,,,,,,,,,,,,,,,,,,,,,{},,,,,,,,,,,,,,,,,,,,,,,,,,,,,,,,,,,,,,,,,,,,,,,,,,,,,,,,,,,,,,,,,,,,,,,,,,,,,,,,,,,,,,,,,,,,,,,,,0|i180gd:y,,,,,,,,,,,,,,,,,,,,,,,,,,,,,,,,,,,,,,,,,,,AMSQUAD Sprint 26.10 6/24-7/07,,,7/7/2026 0:00,,1,,,,,,,,,4821708b-58a1-45f9-93f1-fe52c0da32a7,QA Automation,,,,,,,,,,,,,,,,,,,,,53:19.8,3_*:*_1_*:*_0_*|*_10409_*:*_1_*:*_144304_*|*_10000_*:*_1_*:*_1176560827,"06/Jul/26 12:53 AM;557058:f58131cb-b67d-43c7-b30d-6b58d40bd077;Sub-task QA-1196 was updated:
  • Status: In Progress
  ","06/Jul/26 12:53 AM;557058:f58131cb-b67d-43c7-b30d-6b58d40bd077;Sub-task QA-1196 was updated:
  • Status: Done
  ","07/Jul/26 8:41 AM;557058:f58131cb-b67d-43c7-b30d-6b58d40bd077;Sub-task QA-1195 was updated:
  • Status: In Progress
  ","07/Jul/26 8:41 AM;557058:f58131cb-b67d-43c7-b30d-6b58d40bd077;Sub-task QA-1194 was updated:
  • Status: In Progress
  ","07/Jul/26 8:41 AM;557058:f58131cb-b67d-43c7-b30d-6b58d40bd077;Sub-task QA-1195 was updated:
  • Status: Done
  ","07/Jul/26 8:41 AM;557058:f58131cb-b67d-43c7-b30d-6b58d40bd077;Sub-task QA-1194 was updated:
  • Status: Done
  ",,,,,,,,,,,,,,,,,,,,,,,,,,,,,313677,QA-623,Platform Support — AMSQUAD Sprint Q2 26.05 onwards,Done,7/7/2026 8:41
"[Platform Support] Jira, qTest & KB hygiene — squad governance (Q2 26.09+)",QA-1186,339091,Task,Done,QA,QA Automation,software,Timothy Kaufman,6418909f67102fc717c0b0d8,"{quote}Automation & Performance Testing Center of Excellence 


Tracks test strategy, execution, CI results, risk mitigation, and engineering dashboards.  


Project lead: Swapnil Patil (Functional) | Timothy Kaufman (JIRA Admin){quote}",https://confluence.ascensus.com/pages/viewpage.action?pageId=315559619,Low,Done,Swapnil Patil,6357f972fc0cc7a600ae8914,Swapnil Patil,6357f972fc0cc7a600ae8914,Swapnil Patil,6357f972fc0cc7a600ae8914,6/23/2026 17:44,7/9/2026 8:17,,7/7/2026 8:42,,AMSQUAD Sprint 26.10,7/7/2026 0:00,0,PlatformSupport,QA-Board-View,Regression,,,,"Purpose
Keep *boards*, *filters*, *Epic links*, and *documentation* aligned with {{docs/jira-governance}} practices: stale Story cleanup, duplicate keys, export refresh ({{Platform-support-jira-export.csv}}).

Cadence

* Bi-weekly or end-of-sprint — agree with SM.",,Automation for Jira,Swapnil Patil,,557058:f58131cb-b67d-43c7-b30d-6b58d40bd077,6357f972fc0cc7a600ae8914,,,,,,,,,,,,,,,,,,,,,,,,,,,,,,,QA Automation,,,,,,,,,ApprovalsCFValue{approvals=[]},,,,,,,,,,,,,,,,,,,,,,,,,,,,,,,,,,,,,,,,,,,,,,,,,,,{},,,,,,,,,,,,,,,,,,,,,,,,,,,,,,,,,,,,,,,,,,,,,,,,,,,,,,,,,,,,,,,,,,,,,,,,,,,,,,,,,,,,,,,,,,,,,,,,,0|i180gd:x,,,,,,,,,,,,,,,,,,,,,,,,,,,,,,,,,,,,,,,,,,,AMSQUAD Sprint 26.10 6/24-7/07,,,7/7/2026 0:00,,1,,,,,,,,,4821708b-58a1-45f9-93f1-fe52c0da32a7,QA Automation,,,,,,,,,,,,,,,,,,,,,42:07.3,10415_*:*_1_*:*_496909679_*|*_3_*:*_1_*:*_0_*|*_10409_*:*_1_*:*_103500_*|*_10000_*:*_1_*:*_679705444,"07/Jul/26 8:42 AM;557058:f58131cb-b67d-43c7-b30d-6b58d40bd077;Sub-task QA-1192 was updated:
  • Status: In Progress
  ","07/Jul/26 8:42 AM;557058:f58131cb-b67d-43c7-b30d-6b58d40bd077;Sub-task QA-1191 was updated:
  • Status: In Progress
  ","07/Jul/26 8:42 AM;557058:f58131cb-b67d-43c7-b30d-6b58d40bd077;Sub-task QA-1190 was updated:
  • Status: In Progress
  ","07/Jul/26 8:42 AM;557058:f58131cb-b67d-43c7-b30d-6b58d40bd077;Sub-task QA-1189 was updated:
  • Status: In Progress
  ","07/Jul/26 8:42 AM;557058:f58131cb-b67d-43c7-b30d-6b58d40bd077;Sub-task QA-1188 was updated:
  • Status: In Progress
  ","07/Jul/26 8:42 AM;557058:f58131cb-b67d-43c7-b30d-6b58d40bd077;Sub-task QA-1187 was updated:
  • Status: In Progress
  ","07/Jul/26 8:42 AM;557058:f58131cb-b67d-43c7-b30d-6b58d40bd077;Sub-task QA-1192 was updated:
  • Status: Done
  ","07/Jul/26 8:42 AM;557058:f58131cb-b67d-43c7-b30d-6b58d40bd077;Sub-task QA-1191 was updated:
  • Status: Done
  ","07/Jul/26 8:42 AM;557058:f58131cb-b67d-43c7-b30d-6b58d40bd077;Sub-task QA-1190 was updated:
  • Status: Done
  ","07/Jul/26 8:42 AM;557058:f58131cb-b67d-43c7-b30d-6b58d40bd077;Sub-task QA-1189 was updated:
  • Status: Done
  ","07/Jul/26 8:42 AM;557058:f58131cb-b67d-43c7-b30d-6b58d40bd077;Sub-task QA-1188 was updated:
  • Status: Done
  ","07/Jul/26 8:42 AM;557058:f58131cb-b67d-43c7-b30d-6b58d40bd077;Sub-task QA-1187 was updated:
  • Status: Done
  ",,,,,,,,,,,,,,,,,,,,,,,313677,QA-623,Platform Support — AMSQUAD Sprint Q2 26.05 onwards,Done,7/7/2026 8:42
[UNITE-MSC][Mobile2] Dashboard — integration vertical slice and QC4 gate test,QA-1156,338054,Story,Done,QA,QA Automation,software,Timothy Kaufman,6418909f67102fc717c0b0d8,"{quote}Automation & Performance Testing Center of Excellence 


Tracks test strategy, execution, CI results, risk mitigation, and engineering dashboards.  


Project lead: Swapnil Patil (Functional) | Timothy Kaufman (JIRA Admin){quote}",https://confluence.ascensus.com/pages/viewpage.action?pageId=315559619,Medium,Done,Swapnil Patil,6357f972fc0cc7a600ae8914,Swapnil Patil,6357f972fc0cc7a600ae8914,Swapnil Patil,6357f972fc0cc7a600ae8914,6/18/2026 8:05,6/18/2026 8:09,,6/18/2026 8:09,,AMSQUAD Sprint 26.09,6/18/2026 0:00,0,QA-Board-View,Regression,unite-msc,,,,"[UNITE-MSC][Mobile2] Dashboard — integration vertical slice (QC4 deployment gate)

*Acceptance criteria:*

* ≥1 integration-tagged scenario passes QC4 ({{-Pmobile-ms-integration}})
* Extent report generated under {{target/mobile-ms-report/}}
* No hardcoded secrets; uses shared auth profile
* MR merged with Swapnil review",,Automation for Jira,Swapnil Patil,,557058:f58131cb-b67d-43c7-b30d-6b58d40bd077,6357f972fc0cc7a600ae8914,,,,,,,,,,,,,,,,,,,,,,,,,,,,,,,QA Automation,,,,,,,,,ApprovalsCFValue{approvals=[]},,,,,,,,,,,,,,,,,,,,,,,,,,,,,,,,,,,,,,,,,,,,,,,,,,,{},,,,,,,,,,,,,,,,,,,,,,,,,,,,,,,,,,,,,,,,,,,,,,,,,,,,,,,,,,,,,,,,,,,,,,,,,,,,,,,,,,,,,,,,,,,,,,,,,0|i16z95:d3zx,,,,,,,,,,,,,,,,,,,,,,,,,,,,,,,,,,,,,,,,,,,AMSQUAD Sprint 26.09 6/10-6/23,,,6/18/2026 0:00,,5,,,,,,,,,4821708b-58a1-45f9-93f1-fe52c0da32a7,QA Automation,,,,,,,,,,,,,,,,,,,,,09:35.0,3_*:*_1_*:*_0_*|*_10409_*:*_1_*:*_43302,"18/Jun/26 8:09 AM;557058:f58131cb-b67d-43c7-b30d-6b58d40bd077;Sub-task QA-1160 was updated:
  • Status: Done
  ","18/Jun/26 8:09 AM;557058:f58131cb-b67d-43c7-b30d-6b58d40bd077;Sub-task QA-1161 was updated:
  • Status: Done
  ","18/Jun/26 8:09 AM;557058:f58131cb-b67d-43c7-b30d-6b58d40bd077;Sub-task QA-1162 was updated:
  • Status: Done
  ","18/Jun/26 8:09 AM;557058:f58131cb-b67d-43c7-b30d-6b58d40bd077;Sub-task QA-1163 was updated:
  • Status: Done
  ",,,,,,,,,,,,,,,,,,,,,,,,,,,,,,,320810,QA-796,Unite MSC Test Automation,Done,6/18/2026 8:09
[UNITE-MSC][Mobile2] Dashboard — discovery spike and legacy coverage matrix,QA-1155,338053,Story,Done,QA,QA Automation,software,Timothy Kaufman,6418909f67102fc717c0b0d8,"{quote}Automation & Performance Testing Center of Excellence 


Tracks test strategy, execution, CI results, risk mitigation, and engineering dashboards.  


Project lead: Swapnil Patil (Functional) | Timothy Kaufman (JIRA Admin){quote}",https://confluence.ascensus.com/pages/viewpage.action?pageId=315559619,Medium,Done,Swapnil Patil,6357f972fc0cc7a600ae8914,Swapnil Patil,6357f972fc0cc7a600ae8914,Swapnil Patil,6357f972fc0cc7a600ae8914,6/18/2026 8:04,6/18/2026 8:08,,6/18/2026 8:08,,AMSQUAD Sprint 26.09,6/18/2026 0:00,0,QA-Board-View,Regression,unite-msc,,,," [UNITE-MSC][Mobile2] Dashboard— discovery spike and legacy coverage matrix

*Acceptance criteria:*

* Legacy repo + Postman evidence inventoried
* Coverage matrix: migrate / exclude / park with Dev sign-off
* Postman vs framework comparison notes for ≥1 happy path",,Swapnil Patil,,,6357f972fc0cc7a600ae8914,,,,,,,,,,,,,,,,,,,,,,,,,,,,,,,,QA Automation,,,,,,,,,ApprovalsCFValue{approvals=[]},,,,,,,,,,,,,,,,,,,,,,,,,,,,,,,,,,,,,,,,,,,,,,,,,,,{},,,,,,,,,,,,,,,,,,,,,,,,,,,,,,,,,,,,,,,,,,,,,,,,,,,,,,,,,,,,,,,,,,,,,,,,,,,,,,,,,,,,,,,,,,,,,,,,,0|i16z95:d3z,,,,,,,,,,,,,,,,,,,,,,,,,,,,,,,,,,,,,,,,,,,AMSQUAD Sprint 26.09 6/10-6/23,,,6/18/2026 0:00,,3,,,,,,,,,4821708b-58a1-45f9-93f1-fe52c0da32a7,QA Automation,,,,,,,,,,,,,,,,,,,,,,3_*:*_1_*:*_0_*|*_10409_*:*_1_*:*_71597,,,,,,,,,,,,,,,,,,,,,,,,,,,,,,,,,,,320810,QA-796,Unite MSC Test Automation,Done,6/18/2026 8:08
[CST-584][AKD/TVG] Manual validation — trigger fix + Control-M batch rerun,QA-1100,336294,Story,Done,QA,QA Automation,software,Timothy Kaufman,6418909f67102fc717c0b0d8,"{quote}Automation & Performance Testing Center of Excellence 


Tracks test strategy, execution, CI results, risk mitigation, and engineering dashboards.  


Project lead: Swapnil Patil (Functional) | Timothy Kaufman (JIRA Admin){quote}",https://confluence.ascensus.com/pages/viewpage.action?pageId=315559619,Low,Done,Swapnil Patil,6357f972fc0cc7a600ae8914,Swapnil Patil,6357f972fc0cc7a600ae8914,Swapnil Patil,6357f972fc0cc7a600ae8914,6/10/2026 16:04,6/18/2026 7:53,,6/18/2026 7:52,,AMSQUAD Sprint 26.09,6/18/2026 0:00,0,QA-Board-View,Regression,TVG,,,,"h2. Purpose

Manual QA validation for Comet *CST-584* (AKD TVG — create trigger — 529 June Release) under epic *CST-472*. Partner with *Naomi Bechar* to prove that the trigger fix and batch reprocessing produce correct guarantee/credit ordering after the 04/26 rerun.

----

h2. Context

* AKD TVG calculator failed when multiple transactions occurred on the same calculation date (SYSDATE / ordering issues — see *CST-469* and Naomi's email dated 06/10/2026).
* QA (Swapnil) previously tested fractional-second behavior on {{ctl_upd_dttm}} with Naomi; she identified that {{ctl_upd_dttm}} alone is unreliable when ticket work updates rows.
* *CST-584* delivers a trigger-based fix targeting the June release.
* Validation will be executed via a *Control-M* batch job; affected rows will be marked {{ctl_rec_status = 'X'}} and the batch rerun from *04/26* through the agreed target date.

----

h2. Scope (Testing Only)

* Verify batch completion and job logs in *Control-M*.
* Perform SQL validation of:
** Calculation date and calculation order
** {{ctl_rec_status}} transitions
** Guarantee/credit balances for sample accounts, including multi-transaction same-day cases from Naomi's examples
* Compare results to Ganesh spreadsheet / Naomi expected matrix where available.
* Document impacted population counts to support leadership questions (# accounts, # transactions — coordinate with Naomi).

----

h2. Out of Scope

* Code changes (Comet / Naomi).
* Full production migration of pre-08/09/2024 history (design decision — track separately).
* Automated regression suite (potential follow-up, not part of this story).

----

h2. Dependencies

||Dependency||Owner / Source||
|Environment details, account list, SQL scripts|Naomi|
|Control-M job name & {{ctl_rec_status}} rerun procedure|Naomi|
|DB read access to UII0 / tuition credit tables|Agreed environment|
|CSR parity check spreadsheet|Ganesh (if available)|

----

h2. Evidence (attach upon completion)

* SQL outputs (redacted as needed)
* *Control-M* run IDs
* Before/after guarantee & credit balances for representative accounts
* Jira comment on *CST-584* with a link back to this QA story (*QA-1100*) and all relevant artifacts",,Automation for Jira,Swapnil Patil,,557058:f58131cb-b67d-43c7-b30d-6b58d40bd077,6357f972fc0cc7a600ae8914,,,,,,,,,,,,,,,,,,,,,,,,,,,,,,,QA Automation,,,,"* [ ] *Control-M Batch Completion* — Document the job name, run date/time, environment, and confirm *Successful* completion. If the job fails, capture the error and assign an owner for resolution.
* [ ] *Rerun Procedure Verified* — Provide evidence that {{ctl_rec_status}} was set to {{X}} for affected rows and the batch rerun executed from *04/26/2026* (or the agreed start date) through the target calculation date, following Naomi's script.
* [ ] *Multi-Transaction Same-Day Validation* — At least *2* known problematic accounts (sourced from Naomi/Ganesh examples) show *correct* guarantee/credit ordering when compared against the spreadsheet baseline.
* [ ] *Calculation Order Integrity* — For all post-08/09/2024 rows, confirm that {{calculation_date}} + {{calculation_order}} are populated and used for ordering — *not* relying solely on {{ctl_upd_dttm}}, especially where ticket-touched rows exist.
* [ ] *Trigger & Fractional-Second Precision* — For new batch runs, audit timestamps confirm distinct fractional-second precision where multiple rows share the same calendar second. Verify the trigger delivered by *CST-584* is active and not disabled.
* [ ] *Population Metrics Reported* — Provide Naomi/Arun with a summary including:
** Number of accounts rerun
** Number of transactions reprocessed
** Any remaining exceptions
** Gain/loss estimate (if available from Comet)
* [ ] *Jira Linkage Completed* — Add a comment on *CST-584* and *CST-472* stating _""QA validation complete""_ with a link back to *QA-1100*. Log all QA hours on this story.
* [ ] *Manual Test Pack Executed* — Execute (or mark as *Blocked* with justification) all test cases *TVG-CM-001* through *TVG-CM-010* per §3 of the test plan.",,,,,ApprovalsCFValue{approvals=[]},,,,,,,,,,,,,,,,,,,,,,,,,,,,,,,,,,,,,,,,,,,,,,,,,,,{},,,,,,,,,,,,,,,,,,,,,,,,,,,,,,,,,,,,,,,,,,,,,,,,,,https://ascensuscollegesavings.atlassian.net/browse/CST-472,,,,,,,,,,,,,,,,,,,,,,,,,,,,,,,,,,,,,,,,,,,,,,,0|i16z95:z,,,,,,,,,,,,,,,,,,,,,,,,,,,,,,,,,,,,,,,,,,,AMSQUAD Sprint 26.09 6/10-6/23,,,6/10/2026 0:00,,3,,,,,,,,,4821708b-58a1-45f9-93f1-fe52c0da32a7,QA Automation,,,,,,,,,,,,,,,,,,,,,10:24.6,3_*:*_1_*:*_22000_*|*_10409_*:*_1_*:*_646_*|*_10000_*:*_1_*:*_487305_*|*_10420_*:*_1_*:*_0,"10/Jun/26 4:10 PM;557058:f58131cb-b67d-43c7-b30d-6b58d40bd077;Sub-task QA-1100 ([CST-584][AKD/TVG] Manual validation — trigger fix + Control-M batch rerun) was updated:
     • Status: To Do
     • Latest comment:  ","18/Jun/26 7:53 AM;557058:f58131cb-b67d-43c7-b30d-6b58d40bd077;Sub-task QA-1104 was updated:
  • Status: Done
  ",,,,,,,,,,,,,,,,,,,,,,,,,,,,,,,,,,,,Done,6/18/2026 7:52
"[Platform Support] Jira, qTest & KB hygiene — squad governance (Q2 26.06+)",QA-1093,336234,Task,Done,QA,QA Automation,software,Timothy Kaufman,6418909f67102fc717c0b0d8,"{quote}Automation & Performance Testing Center of Excellence 


Tracks test strategy, execution, CI results, risk mitigation, and engineering dashboards.  


Project lead: Swapnil Patil (Functional) | Timothy Kaufman (JIRA Admin){quote}",https://confluence.ascensus.com/pages/viewpage.action?pageId=315559619,Low,Done,Swapnil Patil,6357f972fc0cc7a600ae8914,Swapnil Patil,6357f972fc0cc7a600ae8914,Swapnil Patil,6357f972fc0cc7a600ae8914,6/10/2026 12:37,6/24/2026 9:06,,6/23/2026 17:44,,AMSQUAD Sprint 26.09,6/23/2026 0:00,0,PlatformSupport,QA-Board-View,Regression,,,,"Purpose
Keep *boards*, *filters*, *Epic links*, and *documentation* aligned with {{docs/jira-governance}} practices: stale Story cleanup, duplicate keys, export refresh ({{Platform-support-jira-export.csv}}).

Cadence

* Bi-weekly or end-of-sprint — agree with SM.",,Automation for Jira,Swapnil Patil,,557058:f58131cb-b67d-43c7-b30d-6b58d40bd077,6357f972fc0cc7a600ae8914,,,,,,,,,,,,,,,,,,,,,,,,,,,,,,,QA Automation,,,,,,,,,ApprovalsCFValue{approvals=[]},,,,,,,,,,,,,,,,,,,,,,,,,,,,,,,,,,,,,,,,,,,,,,,,,,,{},,,,,,,,,,,,,,,,,,,,,,,,,,,,,,,,,,,,,,,,,,,,,,,,,,,,,,,,,,,,,,,,,,,,,,,,,,,,,,,,,,,,,,,,,,,,,,,,,0|i16z95:y,,,,,,,,,,,,,,,,,,,,,,,,,,,,,,,,,,,,,,,,,,,AMSQUAD Sprint 26.09 6/10-6/23,,,6/22/2026 0:00,,1,,,,,,,,,4821708b-58a1-45f9-93f1-fe52c0da32a7,QA Automation,,,,,,,,,,,,,,,,,,,,,37:16.8,3_*:*_1_*:*_0_*|*_10409_*:*_1_*:*_267521_*|*_10000_*:*_1_*:*_1053250253,"10/Jun/26 12:37 PM;557058:f58131cb-b67d-43c7-b30d-6b58d40bd077;Sub-task QA-976 ([Platform Support] Jira, qTest & KB hygiene — squad governance (Q2 26.06+)) was updated:
     • Status: Refinement
     • Latest comment:  ","10/Jun/26 12:37 PM;557058:f58131cb-b67d-43c7-b30d-6b58d40bd077;Sub-task QA-1093 ([Platform Support] Jira, qTest & KB hygiene — squad governance (Q2 26.06+)) was updated:
     • Status: Backlog
     • Latest comment:  Sub-task QA-976 ([Platform Support] Jira, qTest & KB hygiene — squad governance (Q2 26.06+)) was updated:
     • Status: Refinement
     • Latest comment:  ","24/Jun/26 9:06 AM;557058:f58131cb-b67d-43c7-b30d-6b58d40bd077;Sub-task QA-1094 was updated:
  • Status: Done
  ","24/Jun/26 9:06 AM;557058:f58131cb-b67d-43c7-b30d-6b58d40bd077;Sub-task QA-1095 was updated:
  • Status: Done
  ","24/Jun/26 9:06 AM;557058:f58131cb-b67d-43c7-b30d-6b58d40bd077;Sub-task QA-1096 was updated:
  • Status: Done
  ","24/Jun/26 9:06 AM;557058:f58131cb-b67d-43c7-b30d-6b58d40bd077;Sub-task QA-1097 was updated:
  • Status: Done
  ","24/Jun/26 9:06 AM;557058:f58131cb-b67d-43c7-b30d-6b58d40bd077;Sub-task QA-1098 was updated:
  • Status: Done
  ","24/Jun/26 9:06 AM;557058:f58131cb-b67d-43c7-b30d-6b58d40bd077;Sub-task QA-1099 was updated:
  • Status: Done
  ",,,,,,,,,,,,,,,,,,,,,,,,,,,313677,QA-623,Platform Support — AMSQUAD Sprint Q2 26.05 onwards,Done,6/23/2026 17:44
"[Platform Support] KT, onboarding & tooling/environment setup (Q2 26.06+)",QA-1089,336229,Story,Done,QA,QA Automation,software,Timothy Kaufman,6418909f67102fc717c0b0d8,"{quote}Automation & Performance Testing Center of Excellence 


Tracks test strategy, execution, CI results, risk mitigation, and engineering dashboards.  


Project lead: Swapnil Patil (Functional) | Timothy Kaufman (JIRA Admin){quote}",https://confluence.ascensus.com/pages/viewpage.action?pageId=315559619,Low,Done,Swapnil Patil,6357f972fc0cc7a600ae8914,Swapnil Patil,6357f972fc0cc7a600ae8914,Swapnil Patil,6357f972fc0cc7a600ae8914,6/10/2026 12:35,6/24/2026 9:04,,6/23/2026 17:44,,AMSQUAD Sprint 26.09,6/23/2026 0:00,0,PlatformSupport,QA-Board-View,Regression,,,,"Purpose
Reserve time for *DevOps alignment*: triaging job failures due to _infrastructure_, agent pools, secrets rotation, artifact retention, and GitLab/Jenkins configuration questions — without owning product feature delivery.

Scope

* Triage pipeline-as-platform issues; raise tickets to platform/DevOps teams; verify after fixes are deployed.
* Document job names, configurations, and links in the squad knowledge base when they change.

*Acceptance criteria* 

{noformat}* ( ) Pipeline/infra issues are **documented** with job URL + error snippet in a comment or linked Task.
* ( ) **Resolution** or **handoff** is clearly noted when the issue is not owned by QA Automation code.
* ( ) No **Story points** are assigned; effort is tracked via **work log** only.{noformat}",,Automation for Jira,Swapnil Patil,,557058:f58131cb-b67d-43c7-b30d-6b58d40bd077,6357f972fc0cc7a600ae8914,,,,,,,,,,,,,,,,,,,,,,,,,,,,,,,QA Automation,,,,,,,,,ApprovalsCFValue{approvals=[]},,,,,,,,,,,,,,,,,,,,,,,,,,,,,,,,,,,,,,,,,,,,,,,,,,,{},,,,,,,,,,,,,,,,,,,,,,,,,,,,,,,,,,,,,,,,,,,,,,,,,,,,,,,,,,,,,,,,,,,,,,,,,,,,,,,,,,,,,,,,,,,,,,,,,0|i16z95:x,,,,,,,,,,,,,,,,,,,,,,,,,,,,,,,,,,,,,,,,,,,AMSQUAD Sprint 26.09 6/10-6/23,,,6/22/2026 0:00,,1,,,,,,,,,4821708b-58a1-45f9-93f1-fe52c0da32a7,QA Automation,,,,,,,,,,,,,,,,,,,,,35:19.5,3_*:*_1_*:*_0_*|*_10409_*:*_1_*:*_51737_*|*_10000_*:*_1_*:*_1053579832,"10/Jun/26 12:35 PM;557058:f58131cb-b67d-43c7-b30d-6b58d40bd077;Sub-task QA-973 ([Platform Support] KT, onboarding & tooling/environment setup (Q2 26.06+)) was updated:
     • Status: To Do
     • Latest comment:  ","10/Jun/26 12:35 PM;557058:f58131cb-b67d-43c7-b30d-6b58d40bd077;Sub-task QA-1089 ([Platform Support] KT, onboarding & tooling/environment setup (Q2 26.06+)) was updated:
     • Status: Backlog
     • Latest comment:  Sub-task QA-973 ([Platform Support] KT, onboarding & tooling/environment setup (Q2 26.06+)) was updated:
     • Status: To Do
     • Latest comment:  ","24/Jun/26 9:04 AM;557058:f58131cb-b67d-43c7-b30d-6b58d40bd077;Sub-task QA-1090 was updated:
  • Status: Done
  ","24/Jun/26 9:04 AM;557058:f58131cb-b67d-43c7-b30d-6b58d40bd077;Sub-task QA-1091 was updated:
  • Status: Done
  ",,,,,,,,,,,,,,,,,,,,,,,,,,,,,,,313677,QA-623,Platform Support — AMSQUAD Sprint Q2 26.05 onwards,Done,6/23/2026 17:44
"[Platform Support] Release Support, Tech meetings & engineering alignment (Q2 26.06+)",QA-1084,336224,Story,Done,QA,QA Automation,software,Timothy Kaufman,6418909f67102fc717c0b0d8,"{quote}Automation & Performance Testing Center of Excellence 


Tracks test strategy, execution, CI results, risk mitigation, and engineering dashboards.  


Project lead: Swapnil Patil (Functional) | Timothy Kaufman (JIRA Admin){quote}",https://confluence.ascensus.com/pages/viewpage.action?pageId=315559619,Low,Done,Swapnil Patil,6357f972fc0cc7a600ae8914,Swapnil Patil,6357f972fc0cc7a600ae8914,Swapnil Patil,6357f972fc0cc7a600ae8914,6/10/2026 12:34,6/23/2026 17:45,,6/23/2026 17:43,,AMSQUAD Sprint 26.09,6/23/2026 0:00,0,PlatformSupport,QA-Board-View,Regression,,,,"Here’s a tightened, more uniform version you can paste in:

{noformat}h2. Purpose
Provide capacity for **tech chapter**, **program**, **architecture**, **security**, and **release readiness** forums where AMSQUAD represents automation/regression concerns that are **not tied to a single feature Epic**.

h2. Scope
* Attend agreed recurring forums.
* Capture action items impacting **automation**, **test data**, or **pipelines**.
* Follow up on or delegate those actions and update this Story accordingly.

h2. Out of scope
* Acting as SM/PO for decisions — provides *input only* unless explicitly delegated.{noformat}

Acceptance criteria (clean copy):

{noformat}* ( ) Recurring meetings are listed in the Story **description** or first comment (name + frequency).
* ( ) For each in-scope sprint: **minutes** or **3–5 outcome bullets** are added as a Story comment (including actions + owners).
* ( ) Automation-relevant decisions are linked to the corresponding feature Stories or Epics where applicable.{noformat}

If you’d like, I can also rewrite this in strict Jira “Given/When/Then” style, or tune the wording for a specific team/template.",,Automation for Jira,Swapnil Patil,,557058:f58131cb-b67d-43c7-b30d-6b58d40bd077,6357f972fc0cc7a600ae8914,,,,,,,,,,,,,,,,,,,,,,,,,,,,,,,,,,,,,,,,ApprovalsCFValue{approvals=[]},,,,,,,,,,,,,,,,,,,,,,,,,,,,,,,,,,,,,,,,,,,,,,,,,,,{},,,,,,,,,,,,,,,,,,,,,,,,,,,,,,,,,,,,,,,,,,,,,,,,,,,,,,,,,,,,,,,,,,,,,,,,,,,,,,,,,,,,,,,,,,,,,,,,,0|i16z95:v,,,,,,,,,,,,,,,,,,,,,,,,,,,,,,,,,,,,,,,,,,,AMSQUAD Sprint 26.09 6/10-6/23,,,6/22/2026 0:00,,1,,,,,,,,,,,,,,,,,,,,,,,,,,,,,,,35:03.2,3_*:*_1_*:*_120128_*|*_10409_*:*_1_*:*_105893_*|*_10000_*:*_1_*:*_1053545800_*|*_10420_*:*_1_*:*_0,"10/Jun/26 12:35 PM;557058:f58131cb-b67d-43c7-b30d-6b58d40bd077;Sub-task QA-972 ([Platform Support] Release Support, Tech meetings & engineering alignment (Q2 26.06+)) was updated:
     • Status: Review
     • Latest comment:  ","10/Jun/26 12:35 PM;557058:f58131cb-b67d-43c7-b30d-6b58d40bd077;Sub-task QA-1084 ([Platform Support] Release Support, Tech meetings & engineering alignment (Q2 26.06+)) was updated:
     • Status: Backlog
     • Latest comment:  Sub-task QA-972 ([Platform Support] Release Support, Tech meetings & engineering alignment (Q2 26.06+)) was updated:
     • Status: Review
     • Latest comment:  ","22/Jun/26 5:17 PM;557058:f58131cb-b67d-43c7-b30d-6b58d40bd077;Sub-task QA-1085 was updated:
  • Status: In Progress
  ","22/Jun/26 5:17 PM;557058:f58131cb-b67d-43c7-b30d-6b58d40bd077;Sub-task QA-1087 was updated:
  • Status: In Progress
  ","22/Jun/26 5:17 PM;557058:f58131cb-b67d-43c7-b30d-6b58d40bd077;Sub-task QA-1088 was updated:
  • Status: In Progress
  ","22/Jun/26 5:17 PM;557058:f58131cb-b67d-43c7-b30d-6b58d40bd077;Sub-task QA-1086 was updated:
  • Status: In Progress
  ","22/Jun/26 5:17 PM;557058:f58131cb-b67d-43c7-b30d-6b58d40bd077;Sub-task QA-1085 was updated:
  • Status: Done
  ","22/Jun/26 5:18 PM;557058:f58131cb-b67d-43c7-b30d-6b58d40bd077;Sub-task QA-1086 was updated:
  • Status: Done
  ","22/Jun/26 5:18 PM;557058:f58131cb-b67d-43c7-b30d-6b58d40bd077;Sub-task QA-1087 was updated:
  • Status: Done
  ","22/Jun/26 5:18 PM;557058:f58131cb-b67d-43c7-b30d-6b58d40bd077;Sub-task QA-1088 was updated:
  • Status: Done
  ",,,,,,,,,,,,,,,,,,,,,,,,,313677,QA-623,Platform Support — AMSQUAD Sprint Q2 26.05 onwards,Done,6/23/2026 17:43
[V2/V3/PerfTesting][Daily][Platform Support] Daily regression review & triage — V2 + V3 + Perf Testing,QA-1075,336213,Story,Done,QA,QA Automation,software,Timothy Kaufman,6418909f67102fc717c0b0d8,"{quote}Automation & Performance Testing Center of Excellence 


Tracks test strategy, execution, CI results, risk mitigation, and engineering dashboards.  


Project lead: Swapnil Patil (Functional) | Timothy Kaufman (JIRA Admin){quote}",https://confluence.ascensus.com/pages/viewpage.action?pageId=315559619,Low,Done,Swapnil Patil,6357f972fc0cc7a600ae8914,Swapnil Patil,6357f972fc0cc7a600ae8914,Swapnil Patil,6357f972fc0cc7a600ae8914,6/10/2026 12:31,6/24/2026 9:05,,6/23/2026 17:43,,AMSQUAD Sprint 26.09,6/23/2026 0:00,0,AutomatedTesting,QA-Board-View,Regression,Regression_Testing,,,"Every business day at *7:30 AM* (local to offshore), perform a *daily health check* of the *Prime V2* and *Prime V3* regression jobs that finished overnight.
Tasks include: review *qTest* executions and *TestNG* reports, scan failures *by module*, reproduce locally or run a focused re-execution to confirm legitimacy, and communicate results.

* *If all green:* post a short status update to the team channel.
* *If failures:* email the Project Lead (Swapnil) following the bug-handling guidelines with the required evidence (plan, module, test case(s), exception, logs/screenshots, links). Swapnil will open/route defects.

*Goal:* Provide a reliable, single source of truth each morning on regression health (V2 + V3), with actionable failure details.

*Linked Docs:*

* *Bug Handling Process:* [https://confluence.ascensus.com/pages/viewpage.action?pageId=326751557|https://confluence.ascensus.com/pages/viewpage.action?pageId=326751557]
* *TestNG (V2) Report Index:* [http://seleniumhubnt2:8081/reports/unite/?C=M;O=D|http://seleniumhubnt2:8081/reports/unite/?C=M;O=D]
* *V3 Pipelines (TestNG inside job artifacts):* [https://gitlab.com/ascensus-gs/products/depot/qa-automation/prime-test-automation/-/pipeline_schedules|https://gitlab.com/ascensus-gs/products/depot/qa-automation/prime-test-automation/-/pipeline_schedules]
* *qTest Portal (Project 90985):* [https://ascensus.qtestnet.com/p/90985/portal/project#tab=testexecution|https://ascensus.qtestnet.com/p/90985/portal/project#tab=testexecution]



h2. Reporting Templates (copy/paste)

h3. A) Teams/Slack – *All Green*

{noformat}
Prime Version2
	stage1-acct-overview: <Pass/Fail> | Reason/Comment: <failures due to falkiness, so all look good>
	stage1-contributions: <Pass/Fail> | Reason/Comment: <failures due to falkiness, so all look good>
	stage1-csr-acct-main: <Pass/Fail> | Reason/Comment: <failures due to falkiness, so all look good>
	stage1-enrollments	: <Pass/Fail> | Reason/Comment: <failures due to falkiness, so all look good>
	stage1-sardine-regre: <Pass/Fail> | Reason/Comment: <failures due to falkiness, so all look good>
	stage1-web-login	: <Pass/Fail> | Reason/Comment: <failures due to falkiness, so all look good>
	stage1-web-registrat: <Pass/Fail> | Reason/Comment: <failures due to falkiness, so all look good>
	stage1-withdrawals	: <Pass/Fail> | Reason/Comment: <failures due to falkiness, so all look good>

Prime Version 3
	universal-enrollment-stage1	: <Pass/Fail> | Reason/Comment: <failures due to falkiness, so all look good>
	idp-login-stage1			: <Pass/Fail> | Reason/Comment: <failures due to falkiness, so all look good>
    Unite						: <Pass/Fail> | Reason/Comment: <failures due to falkiness, so all look good>

Overall Comment/Note: 
{noformat}

h3. B) Teams/Slack – *With Failures (pending confirmation)*

{noformat}⚠️Daily Regression: 

Prime Version2
	Module: stage1-acct-overview
	Plan: 
	Report Link:
	Exception Link:
	Screenshot link:
	Reason for failure: 

Prime Version 3
	Module: stage1-acct-overview
	Plan: 
	Report Link:
	Exception Link:
	Screenshot link:
	Reason for failure: 

Overall Comment/Note: 

Action: Reproducing locally to confirm. Will email details if legit.{noformat}",,Automation for Jira,Swapnil Patil,,557058:f58131cb-b67d-43c7-b30d-6b58d40bd077,6357f972fc0cc7a600ae8914,,,,,,,,,,,,,,,,,,,,,,,,,,,,,,,QA Automation,,,,"* A triage pass is completed *every business day at 7:30 AM* for *both V2 and V3*.
* Each module (Login, Web Reg, Enrollment, Contributions, Withdrawals, Profile/Acct Maint., Balance, Entity if present) is reviewed in the TestNG/qTest results.
* Any *failure* is verified by *local rerun or targeted re-execution*; false alarms are filtered out.
* Communication is sent:
** *Pass:* concise Teams/Slack message with run IDs and pass rate.
** *Fail:* *email* to PL with all required fields (see template below).
* A daily *comment* is added to this story (or subtask) with the outcome + links.
* Time is *logged* (actual time spent) to this story/subtasks.",,,,,ApprovalsCFValue{approvals=[]},,,,,,,,,,,,,,,,,,,,,,,,,,,,,,,,,,,,,,,,,,,,,,,,,,,{},,,,,,,,,,,,,,,,,,,,,,,,,,,,,,,,,,,,,,,,,,,,,,,,,,,,,,,,,,,,,,,,,,,,,,All 529 Plans,All ABLE Plans,,,,,,,,,,,,,,,,,,,,,,,,,,0|i16z95:r,,,,,,,,,,,,,,,,,,,,,,,,,,,,,,,,,,,,,,,,,,,AMSQUAD Sprint 26.09 6/10-6/23,,,6/22/2026 0:00,,3,,,,,,,,,,,,,,,,,,,,,,,,,,,,,,,31:34.8,3_*:*_1_*:*_0_*|*_10409_*:*_1_*:*_34449_*|*_10000_*:*_1_*:*_1053799979,"10/Jun/26 12:31 PM;557058:f58131cb-b67d-43c7-b30d-6b58d40bd077;Sub-task QA-977 ([V2/V3][Daily][Platform Support] Daily regression review & triage — V2 + V3 (Q2 26.06+)) was updated:
     • Status: In Progress
     • Latest comment:  ","10/Jun/26 12:31 PM;557058:f58131cb-b67d-43c7-b30d-6b58d40bd077;Sub-task QA-1075 ([V2/V3/PerfTesting][Daily][Platform Support] Daily regression review & triage — V2 + V3 + Perf Testing) was updated:
     • Status: Backlog
     • Latest comment:  Sub-task QA-977 ([V2/V3][Daily][Platform Support] Daily regression review & triage — V2 + V3 (Q2 26.06+)) was updated:
     • Status: In Progress
     • Latest comment:  ","22/Jun/26 4:50 AM;557058:f58131cb-b67d-43c7-b30d-6b58d40bd077;Sub-task QA-1080 was updated:
  • Status: In Progress
  ","22/Jun/26 4:50 AM;557058:f58131cb-b67d-43c7-b30d-6b58d40bd077;Sub-task QA-1080 was updated:
  • Status: Done
  ","22/Jun/26 4:50 AM;557058:f58131cb-b67d-43c7-b30d-6b58d40bd077;Sub-task QA-1081 was updated:
  • Status: In Progress
  ","22/Jun/26 4:51 AM;557058:f58131cb-b67d-43c7-b30d-6b58d40bd077;Sub-task QA-1081 was updated:
  • Status: Done
  ","22/Jun/26 4:51 AM;557058:f58131cb-b67d-43c7-b30d-6b58d40bd077;Sub-task QA-1077 was updated:
  • Status: In Progress
  ","22/Jun/26 4:51 AM;557058:f58131cb-b67d-43c7-b30d-6b58d40bd077;Sub-task QA-1077 was updated:
  • Status: Done
  ","23/Jun/26 7:51 AM;557058:f58131cb-b67d-43c7-b30d-6b58d40bd077;Sub-task QA-1079 was updated:
  • Status: In Progress
  ","23/Jun/26 7:51 AM;557058:f58131cb-b67d-43c7-b30d-6b58d40bd077;Sub-task QA-1079 was updated:
  • Status: Done
  ","23/Jun/26 7:51 AM;557058:f58131cb-b67d-43c7-b30d-6b58d40bd077;Sub-task QA-1078 was updated:
  • Status: In Progress
  ","23/Jun/26 7:51 AM;557058:f58131cb-b67d-43c7-b30d-6b58d40bd077;Sub-task QA-1078 was updated:
  • Status: Done
  ","23/Jun/26 7:51 AM;557058:f58131cb-b67d-43c7-b30d-6b58d40bd077;Sub-task QA-1076 was updated:
  • Status: In Progress
  ","23/Jun/26 7:51 AM;557058:f58131cb-b67d-43c7-b30d-6b58d40bd077;Sub-task QA-1076 was updated:
  • Status: Done
  ","24/Jun/26 9:05 AM;557058:f58131cb-b67d-43c7-b30d-6b58d40bd077;Sub-task QA-1082 was updated:
  • Status: Done
  ","24/Jun/26 9:05 AM;557058:f58131cb-b67d-43c7-b30d-6b58d40bd077;Sub-task QA-1083 was updated:
  • Status: Done
  ",,,,,,,,,,,,,,,,,,,313677,QA-623,Platform Support — AMSQUAD Sprint Q2 26.05 onwards,Done,6/23/2026 17:43
[UNITE-MSC][Mobile2][Enhancement] Expand Auth & Dashboard coverage for multiple plans and environments based on Login SQL,QA-1073,336191,Story,Done,QA,QA Automation,software,Timothy Kaufman,6418909f67102fc717c0b0d8,"{quote}Automation & Performance Testing Center of Excellence 


Tracks test strategy, execution, CI results, risk mitigation, and engineering dashboards.  


Project lead: Swapnil Patil (Functional) | Timothy Kaufman (JIRA Admin){quote}",https://confluence.ascensus.com/pages/viewpage.action?pageId=315559619,Medium,Done,Swapnil Patil,6357f972fc0cc7a600ae8914,Swapnil Patil,6357f972fc0cc7a600ae8914,Swapnil Patil,6357f972fc0cc7a600ae8914,6/10/2026 11:30,7/8/2026 8:57,,7/8/2026 8:57,,AMSQUAD Sprint 26.10,7/8/2026 0:00,0,QA-Board-View,Regression,unite-msc,,,,"h3. User story

As a mobile team member, when expanding Auth and Dashboard coverage for multiple plans and environments, I want to use verified Login SQL evidence so that the coverage is based on validated endpoints and legacy checks.

As a mobile team member, when reviewing coverage requirements, I want the Owners endpoint to be marked as must-cover so that it is included in the planned coverage.

h3. Context

This is a discovery spike for *[UNITE-MSC][Mobile1]*.  
It verifies Postman and legacy coverage.  
The *Owners endpoint* is required.

h3. Acceptance criteria

* No invented endpoints.
* An evidence table with Dev/SME sign-off is provided.
* The Owners endpoint is marked as must-cover.
* The legacy matrix is added in the tracker.

h3. Other information

*Summary:* [UNITE-MSC][Mobile1] Discovery spike — verified Postman and legacy coverage (Owners endpoint required)",,Automation for Jira,Swapnil Patil,,557058:f58131cb-b67d-43c7-b30d-6b58d40bd077,6357f972fc0cc7a600ae8914,,,,,,,,,,,,,,,,,,,,,,,,,,,,,,,QA Automation,,,,,,,,,ApprovalsCFValue{approvals=[]},,,,,,,,,,,,,,,,,,,,,,,,,,,,,,,,,,,,,,,,,,,,,,,,,,,{},,,,,,,,,,,,,,,,,,,,,,,,,,,,,,,,,,,,,,,,,,,,,,,,,,,,,,,,,,,,,,,,,,,,,,,,,,,,,,,,,,,,,,,,,,,,,,,,,0|i180gc:9,,,,,,,,,,,,,,,,,,,,,,,,,,,,,,,,,,,,,,,,,,,AMSQUAD Sprint 26.10 6/24-7/07,,,7/7/2026 0:00,,3,,,,,,,,,4821708b-58a1-45f9-93f1-fe52c0da32a7,QA Automation,,,,,,,,,,,,,,,,,,,,,44:38.1,10415_*:*_1_*:*_410707259_*|*_3_*:*_1_*:*_0_*|*_10409_*:*_1_*:*_19034_*|*_10000_*:*_1_*:*_1912055887,"07/Jul/26 8:44 AM;557058:f58131cb-b67d-43c7-b30d-6b58d40bd077;Sub-task QA-1295 was updated:
  • Status: In Progress
  ","07/Jul/26 8:44 AM;557058:f58131cb-b67d-43c7-b30d-6b58d40bd077;Sub-task QA-1298 was updated:
  • Status: In Progress
  ","07/Jul/26 8:44 AM;557058:f58131cb-b67d-43c7-b30d-6b58d40bd077;Sub-task QA-1297 was updated:
  • Status: In Progress
  ","07/Jul/26 8:44 AM;557058:f58131cb-b67d-43c7-b30d-6b58d40bd077;Sub-task QA-1296 was updated:
  • Status: In Progress
  ","07/Jul/26 8:45 AM;557058:f58131cb-b67d-43c7-b30d-6b58d40bd077;Sub-task QA-1295 was updated:
  • Status: Done
  ","07/Jul/26 8:45 AM;557058:f58131cb-b67d-43c7-b30d-6b58d40bd077;Sub-task QA-1296 was updated:
  • Status: Done
  ","08/Jul/26 8:57 AM;557058:f58131cb-b67d-43c7-b30d-6b58d40bd077;Sub-task QA-1297 was updated:
  • Status: Done
  ","08/Jul/26 8:57 AM;557058:f58131cb-b67d-43c7-b30d-6b58d40bd077;Sub-task QA-1298 was updated:
  • Status: Done
  ","08/Jul/26 8:57 AM;557058:f58131cb-b67d-43c7-b30d-6b58d40bd077;Sub-task QA-1308 was updated:
  • Status: Done
  ",,,,,,,,,,,,,,,,,,,,,,,,,,320810,QA-796,Unite MSC Test Automation,Done,7/8/2026 8:57
[UNITE-MSC][Mobile2] E2E cross-endpoint flow — integration smoke,QA-1072,336190,Story,Done,QA,QA Automation,software,Timothy Kaufman,6418909f67102fc717c0b0d8,"{quote}Automation & Performance Testing Center of Excellence 


Tracks test strategy, execution, CI results, risk mitigation, and engineering dashboards.  


Project lead: Swapnil Patil (Functional) | Timothy Kaufman (JIRA Admin){quote}",https://confluence.ascensus.com/pages/viewpage.action?pageId=315559619,Medium,Done,Swapnil Patil,6357f972fc0cc7a600ae8914,Swapnil Patil,6357f972fc0cc7a600ae8914,Swapnil Patil,6357f972fc0cc7a600ae8914,6/10/2026 11:30,7/2/2026 14:35,,7/2/2026 14:35,,AMSQUAD Sprint 26.10,7/2/2026 0:00,0,QA-Board-View,Regression,unite-msc,,,,"*Summary:* [UNITE-MSC][Mobile2] E2E cross-endpoint flow — integration smoke across Dashboard + other mobile 2 modules

*Acceptance criteria:*

* Depends on ≥3 endpoint areas green (Activities, Content, Banks minimum)
* Single tagged E2E scenario documented
* QC4 green; Stage1 portability note

[^unite-mobile2-QC4.postman_environment.json]
[^unite-mobile2-postman_collection.json]
[^unite-mobile1-QC4.postman_environment.json]
[^unite-mobile1-postman_collection.json]

",,Swapnil Patil,,,6357f972fc0cc7a600ae8914,,,,,,,,,,,,,,,,,,,,,,,,,,,02/Jul/26 2:34 PM;6357f972fc0cc7a600ae8914;unite-mobile1-QC4.postman_environment.json;https://ascensuscollegesavings.atlassian.net/rest/api/3/attachment/content/102652,02/Jul/26 2:34 PM;6357f972fc0cc7a600ae8914;unite-mobile1-postman_collection.json;https://ascensuscollegesavings.atlassian.net/rest/api/3/attachment/content/102650,02/Jul/26 2:34 PM;6357f972fc0cc7a600ae8914;unite-mobile2-QC4.postman_environment.json;https://ascensuscollegesavings.atlassian.net/rest/api/3/attachment/content/102651,02/Jul/26 2:34 PM;6357f972fc0cc7a600ae8914;unite-mobile2-postman_collection.json;https://ascensuscollegesavings.atlassian.net/rest/api/3/attachment/content/102649,,QA Automation,,,,,,,,,ApprovalsCFValue{approvals=[]},,,,,,,,,,,,,,,,,,,,,,,,,,,,,,,,,,,,,,,,,,,,,,,,,,,{},,,,,,,,,,,,,,,,,,,,,,,,,,,,,,,,,,,,,,,,,,,,,,,,,,,,,,,,,,,,,,,,,,,,,,,,,,,,,,,,,,,,,,,,,,,,,,,,,0|i180g4:,,,,,,,,,,,,,,,,,,,,,,,,,,,,,,,,,,,,,,,,,,,AMSQUAD Sprint 26.10 6/24-7/07,,,7/2/2026 0:00,,1,,,,,,,,,4821708b-58a1-45f9-93f1-fe52c0da32a7,QA Automation,,,,,,,,,,,,,,,,,,,,,,10415_*:*_1_*:*_86324686_*|*_3_*:*_1_*:*_97151_*|*_10409_*:*_1_*:*_20422_*|*_10000_*:*_1_*:*_1825447574_*|*_10420_*:*_1_*:*_0,,,,,,,,,,,,,,,,,,,,,,,,,,,,,,,,,,,320810,QA-796,Unite MSC Test Automation,Done,7/2/2026 14:35
[UNITE-MSC][Mobile2] all features— regression suite and dynamic data cleanup,QA-1059,336168,Story,Done,QA,QA Automation,software,Timothy Kaufman,6418909f67102fc717c0b0d8,"{quote}Automation & Performance Testing Center of Excellence 


Tracks test strategy, execution, CI results, risk mitigation, and engineering dashboards.  


Project lead: Swapnil Patil (Functional) | Timothy Kaufman (JIRA Admin){quote}",https://confluence.ascensus.com/pages/viewpage.action?pageId=315559619,Medium,Done,Swapnil Patil,6357f972fc0cc7a600ae8914,Swapnil Patil,6357f972fc0cc7a600ae8914,Swapnil Patil,6357f972fc0cc7a600ae8914,6/10/2026 11:18,6/23/2026 17:43,,6/23/2026 17:43,,AMSQUAD Sprint 26.09,6/23/2026 0:00,0,QA-Board-View,Regression,unite-msc,,,," [UNITE-MSC][Mobile2] all features  — regression suite, cleanup, Stage1 portability

*Acceptance criteria:*

* Regression-tagged suite documented with Maven command
* Dynamic data cleanup documented per scenario
* Stage1 execution proof or RAID entry for blockers",,Swapnil Patil,,,6357f972fc0cc7a600ae8914,,,,,,,,,,,,,,,,,,,,,,,,,,,,,,,,QA Automation,,,,,,,,,ApprovalsCFValue{approvals=[]},,,,,,,,,,,,,,,,,,,,,,,,,,,,,,,,,,,,,,,,,,,,,,,,,,,{},,,,,,,,,,,,,,,,,,,,,,,,,,,,,,,,,,,,,,,,,,,,,,,,,,,,,,,,,,,,,,,,,,,,,,,,,,,,,,,,,,,,,,,,,,,,,,,,,0|i16z95:g,,,,,,,,,,,,,,,,,,,,,,,,,,,,,,,,,,,,,,,,,,,AMSQUAD Sprint 26.09 6/10-6/23,,,6/22/2026 0:00,,3,,,,,,,,,4821708b-58a1-45f9-93f1-fe52c0da32a7,QA Automation,,,,,,,,,,,,,,,,,,,,,,3_*:*_1_*:*_117652_*|*_10409_*:*_1_*:*_503_*|*_10000_*:*_1_*:*_1058390459_*|*_10420_*:*_1_*:*_0,,,,,,,,,,,,,,,,,,,,,,,,,,,,,,,,,,,320810,QA-796,Unite MSC Test Automation,Done,6/23/2026 17:43
[UNITE-MSC][Mobile 1/2] unite-mobile1 and unite-mobile2 module framework setup & scaffolding,QA-1053,336117,Story,Done,QA,QA Automation,software,Timothy Kaufman,6418909f67102fc717c0b0d8,"{quote}Automation & Performance Testing Center of Excellence 


Tracks test strategy, execution, CI results, risk mitigation, and engineering dashboards.  


Project lead: Swapnil Patil (Functional) | Timothy Kaufman (JIRA Admin){quote}",https://confluence.ascensus.com/pages/viewpage.action?pageId=315559619,Medium,Done,Swapnil Patil,6357f972fc0cc7a600ae8914,Swapnil Patil,6357f972fc0cc7a600ae8914,Swapnil Patil,6357f972fc0cc7a600ae8914,6/10/2026 9:56,6/18/2026 8:03,,6/18/2026 8:03,,AMSQUAD Sprint 26.09,6/18/2026 0:00,0,MobileAutomation,QA-Board-View,Regression,unite-msc,,,"*I want* separate test modules for Mobile 1 and Mobile 2 with QC4 profiles and user JSON
*So that* each API surface can evolve independently without cross-module compile coupling.

h3. In scope

* {{unite-mobile1/pom.xml}}, {{unite-mobile2/pom.xml}}
* TestNG suite XML placeholders
* {{src/test/resources/user/qc4/hawaii.json}} (and related branding files)
* {{acceptance-qc4}} Maven profile pattern
* {{jsonapi-lib}} resources-unite unpack for {{qc4.properties}}

h3. Out of scope

* Full endpoint coverage
* unite-mobile2 depending on unite-mobile1 (explicit non-goal)

h3. Dependencies

* QA-1041

h3. Acceptance criteria

# *AC-1:* {{mvn -f mobile-microservices/unite-mobile2/pom.xml test-compile}} PASS.
# *AC-2:* {{mvn -f mobile-microservices/unite-mobile1/pom.xml test-compile}} PASS.
# *AC-3:* User JSON loads via {{BaseRequestTest.loadUserFile()}} for branding {{hawaii}}.
# *AC-4:* Environment properties resolve from unpacked {{qc4.properties}} when {{-Denvironment.properties=qc4.properties}} is set.
# *AC-5:* unite-mobile2 POM does *not* list unite-mobile1 as a dependency.

h3. Definition of Done

* Both modules compile
* User JSON committed (credentials are test accounts — not production secrets in docs)
* Generated {{target/config}} / {{target/security}} git-ignored

h3. Technical notes

* Copy *patterns* from mobile1; do not add compile dependency from mobile2 → mobile1.",,Automation for Jira,Swapnil Patil,,557058:f58131cb-b67d-43c7-b30d-6b58d40bd077,6357f972fc0cc7a600ae8914,,,,,,,,,,,,,,,,,,,,,,,,,,,,,,,QA Automation,,,,,,,,,ApprovalsCFValue{approvals=[]},,,,,,,,,,,,,,,,,,,,,,,,,,,,,,,,,,,,,,,,,,,,,,,,,,,{},,,,,,,,,,,,,,,,,,,,,,,,,,,,,,,,,,,,,,,,,,,,,,,,,,https://ascensuscollegesavings.atlassian.net/browse/QA-796,,,,,,,,,,,,,,,,,,,,,,,,,,,,,,,,,,,,,,,,,,,,,,,0|i16z95:d3r,,,,,,,,,,,,,,,,,,,,,,,,,,,,,,,,,,,,,,,,,,,AMSQUAD Sprint 26.09 6/10-6/23,,,6/18/2026 0:00,,2,,,,,,,,,4821708b-58a1-45f9-93f1-fe52c0da32a7,QA Automation,,,,,,,,,,,,,,,,,,,,,02:19.9,3_*:*_1_*:*_0_*|*_10409_*:*_1_*:*_715_*|*_10000_*:*_1_*:*_683721025,"18/Jun/26 8:02 AM;557058:f58131cb-b67d-43c7-b30d-6b58d40bd077;Sub-task QA-1132 was updated:
  • Status: In Progress
  ","18/Jun/26 8:02 AM;557058:f58131cb-b67d-43c7-b30d-6b58d40bd077;Sub-task QA-1133 was updated:
  • Status: Done
  ","18/Jun/26 8:02 AM;557058:f58131cb-b67d-43c7-b30d-6b58d40bd077;Sub-task QA-1135 was updated:
  • Status: Done
  ","18/Jun/26 8:02 AM;557058:f58131cb-b67d-43c7-b30d-6b58d40bd077;Sub-task QA-1134 was updated:
  • Status: Done
  ","18/Jun/26 8:02 AM;557058:f58131cb-b67d-43c7-b30d-6b58d40bd077;Sub-task QA-1136 was updated:
  • Status: Done
  ","18/Jun/26 8:02 AM;557058:f58131cb-b67d-43c7-b30d-6b58d40bd077;Sub-task QA-1138 was updated:
  • Status: Done
  ","18/Jun/26 8:03 AM;557058:f58131cb-b67d-43c7-b30d-6b58d40bd077;Sub-task QA-1137 was updated:
  • Status: Done
  ","18/Jun/26 8:03 AM;557058:f58131cb-b67d-43c7-b30d-6b58d40bd077;Sub-task QA-1139 was updated:
  • Status: Done
  ","18/Jun/26 8:03 AM;557058:f58131cb-b67d-43c7-b30d-6b58d40bd077;Sub-task QA-1140 was updated:
  • Status: Done
  ","18/Jun/26 8:03 AM;557058:f58131cb-b67d-43c7-b30d-6b58d40bd077;Sub-task QA-1132 was updated:
  • Status: Done
  ",,,,,,,,,,,,,,,,,,,,,,,,,320810,QA-796,Unite MSC Test Automation,Done,6/18/2026 8:03
[UNITE-MSC][Mobile1][Postman] Collaborate with Dev: Postman QC4 setup for Mobile 1 BFF/auth,QA-1001,333425,Story,Done,QA,QA Automation,software,Timothy Kaufman,6418909f67102fc717c0b0d8,"{quote}Automation & Performance Testing Center of Excellence 


Tracks test strategy, execution, CI results, risk mitigation, and engineering dashboards.  


Project lead: Swapnil Patil (Functional) | Timothy Kaufman (JIRA Admin){quote}",https://confluence.ascensus.com/pages/viewpage.action?pageId=315559619,Low,Done,Swapnil Patil,6357f972fc0cc7a600ae8914,Swapnil Patil,6357f972fc0cc7a600ae8914,Swapnil Patil,6357f972fc0cc7a600ae8914,6/2/2026 14:08,6/18/2026 8:00,,6/18/2026 8:00,,AMSQUAD Sprint 26.09,6/18/2026 0:00,0,QA-Board-View,Regression,unite-msc,,,,"Partner with *Unite Mobile 2 / BFF Dev team* to stand up Postman for QC4:

# Import OpenAPI ({{mobile2.yaml}} — path TBD with Dev) or Dev export
# Configure QC4 environment (auth, IDP token flow, base URLs)
# Validate *≥3 critical paths*: e.g. auth/login, dashboard, account summary (exact endpoints agreed with Dev)
# Document cross-service dependencies (which downstream calls BFF triggers)

h3. Acceptance Criteria

* Postman collection for Mobile 2 exists in shared workspace (team access)
* QC4 environment works for auth flow with Dev assistance
* *≥3 BFF endpoints* return expected responses on QC4 (evidence in Jira)
* Auth/IDP failures documented in RAID with workaround or owner
* Critical-path endpoint list added to 07-unite-mobile2-migration-tracker.md
* No credentials committed to git

h3. 

h3. Definition of Done

Dinesh can map Postman flows to Cucumber scenarios; unblocks Mobile 2 vertical slice.",,Swapnil Patil,,,6357f972fc0cc7a600ae8914,,,,,,,,,,,,,,,,,,,,,,,,,,,,,,,,,,,,,,,,,ApprovalsCFValue{approvals=[]},,,,,,,,,,,,,,,,,,,,,,,,,,,,,,,,,,,,,,,,,,,,,,,,,,,{},,,,,,,,,,,,,,,,,,,,,,,,,,,,,,,,,,,,,,,,,,,,,,,,,,,,,,,,,,,,,,,,,,,,,,,,,,,,,,,,,,,,,,,,,,,,,,,,,0|i16z95:d3x,,,,,,,,,,,,,,,,,,,,,,,,,,,,,,,,,,,,,,,,,,,AMSQUAD Sprint 26.09 6/10-6/23,,,6/18/2026 0:00,,1,,,,,,,,,,,,,,,,,,,,,,,,,,,,,,,,3_*:*_1_*:*_0_*|*_10409_*:*_1_*:*_10613_*|*_10000_*:*_1_*:*_1359792837,,,,,,,,,,,,,,,,,,,,,,,,,,,,,,,,,,,320810,QA-796,Unite MSC Test Automation,Done,6/18/2026 8:00
[UNITE-MSC][Mobile1] Discover and inventory legacy Mobile 1 automation assets,QA-1000,333423,Story,Done,QA,QA Automation,software,Timothy Kaufman,6418909f67102fc717c0b0d8,"{quote}Automation & Performance Testing Center of Excellence 


Tracks test strategy, execution, CI results, risk mitigation, and engineering dashboards.  


Project lead: Swapnil Patil (Functional) | Timothy Kaufman (JIRA Admin){quote}",https://confluence.ascensus.com/pages/viewpage.action?pageId=315559619,Low,Done,Swapnil Patil,6357f972fc0cc7a600ae8914,Swapnil Patil,6357f972fc0cc7a600ae8914,Swapnil Patil,6357f972fc0cc7a600ae8914,6/2/2026 14:04,7/2/2026 14:40,,7/2/2026 14:40,,AMSQUAD Sprint 26.10,7/2/2026 0:00,0,QA-Board-View,Regression,unite-msc,,,,"Read-only inventory of Unite Mobile 1 test assets:

* Cucumber features + {{*IT.java}} integration tests (if present)
* Step definitions and auth helpers
* Config files and OpenAPI references
* Cross-service dependency notes



h3. Acceptance Criteria

* Inventory table populated for Mobile 1
* OpenAPI/spec path documented (or flagged TBD)
* Cross-service dependencies listed (auth, enrollment, account, etc.)
* Top 5 migration risks recorded
* Comparison note: overlap with Postman critical paths from S26-008

h3. 

h3. Definition of Done

QA Lead reviews; feeds sprint planning for Mobile 1 vertical slice.



[^Mobile1 vs Mobile2 Architecture Differences and Use Cases1.pptx]
[^Mobile End Points.xlsx]

",,Automation for Jira,Swapnil Patil,,557058:f58131cb-b67d-43c7-b30d-6b58d40bd077,6357f972fc0cc7a600ae8914,,,,,,,,,,,,,,,,,,,,,,,,,,02/Jul/26 2:36 PM;6357f972fc0cc7a600ae8914;Mobile End Points.xlsx;https://ascensuscollegesavings.atlassian.net/rest/api/3/attachment/content/102653,02/Jul/26 2:36 PM;6357f972fc0cc7a600ae8914;Mobile1 vs Mobile2 Architecture Differences and Use Cases1.pptx;https://ascensuscollegesavings.atlassian.net/rest/api/3/attachment/content/102654,,,,,,,,,,,,,ApprovalsCFValue{approvals=[]},,,,,,,,,,,,,,,,,,,,,,,,,,,,,,,,,,,,,,,,,,,,,,,,,,,{},,,,,,,,,,,,,,,,,,,,,,,,,,,,,,,,,,,,,,,,,,,,,,,,,,,,,,,,,,,,,,,,,,,,,,,,,,,,,,,,,,,,,,,,,,,,,,,,,0|i180ga:,,,,,,,,,,,,,,,,,,,,,,,,,,,,,,,,,,,,,,,,,,,AMSQUAD Sprint 26.10 6/24-7/07,,,7/2/2026 0:00,,2,,,,,,,,,,,,,,,,,,,,,,,,,,,,,,,40:17.9,10415_*:*_1_*:*_86676285_*|*_3_*:*_1_*:*_0_*|*_10409_*:*_1_*:*_141143_*|*_10000_*:*_1_*:*_2507301566,"02/Jul/26 2:40 PM;557058:f58131cb-b67d-43c7-b30d-6b58d40bd077;Sub-task QA-1287 was updated:
  • Status: Done
  ","02/Jul/26 2:40 PM;557058:f58131cb-b67d-43c7-b30d-6b58d40bd077;Sub-task QA-1288 was updated:
  • Status: Done
  ","02/Jul/26 2:40 PM;557058:f58131cb-b67d-43c7-b30d-6b58d40bd077;Sub-task QA-1285 was updated:
  • Status: Done
  ","02/Jul/26 2:40 PM;557058:f58131cb-b67d-43c7-b30d-6b58d40bd077;Sub-task QA-1284 was updated:
  • Status: Done
  ",,,,,,,,,,,,,,,,,,,,,,,,,,,,,,,320810,QA-796,Unite MSC Test Automation,Done,7/2/2026 14:40
[UNITE-MSC][Mobile1] Implement unite-mobile1 module scaffold in API Automation Framework,QA-999,333422,Story,Done,QA,QA Automation,software,Timothy Kaufman,6418909f67102fc717c0b0d8,"{quote}Automation & Performance Testing Center of Excellence 


Tracks test strategy, execution, CI results, risk mitigation, and engineering dashboards.  


Project lead: Swapnil Patil (Functional) | Timothy Kaufman (JIRA Admin){quote}",https://confluence.ascensus.com/pages/viewpage.action?pageId=315559619,Low,Done,Swapnil Patil,6357f972fc0cc7a600ae8914,Swapnil Patil,6357f972fc0cc7a600ae8914,Swapnil Patil,6357f972fc0cc7a600ae8914,6/2/2026 14:03,6/18/2026 7:59,,6/18/2026 7:59,,AMSQUAD Sprint 26.09,6/18/2026 0:00,0,QA-Board-View,Regression,unite-msc,,,,"Implement {{mobile-automation/unite-mobile1/}} using the *same structure* as enrollment (features, steps, pojos, test-data, sql, runners, config).

Deliver:

* Module POM + compile proof
* Placeholder feature tagged {{@mobile @uniteMobile1 @smoke}}
* Base step-definition skeleton for BFF/auth patterns (empty steps OK)
* Notes on IDP/auth config dependencies from {{jsonapi-lib/.../config/unite/}}

*Rationale:* Mobile 2 is the alternate pilot per Nick/Brian estimates and Path B proposal. Parallel scaffold de-risks sequencing if DEC-1 chooses Mobile 2 first.

h3. Acceptance Criteria

* {{mvn test -pl mobile-automation/unite-mobile1}} compiles
* Structure mirrors enrollment module (documented in README)
* Tags {{@mobile @uniteMobile1}} documented
* IDP/auth config gaps listed (TBD items in RAID if needed)
* PR reviewed by QA Lead

h3. Definition of Done

PR merged; Mobile 2 track ready for discovery → vertical slice.",,Swapnil Patil,,,6357f972fc0cc7a600ae8914,,,,,,,,,,,,,,,,,,,,,,,,,,,,,,,,,,,,,,,,,ApprovalsCFValue{approvals=[]},,,,,,,,,,,,,,,,,,,,,,,,,,,,,,,,,,,,,,,,,,,,,,,,,,,{},,,,,,,,,,,,,,,,,,,,,,,,,,,,,,,,,,,,,,,,,,,,,,,,,,,,,,,,,,,,,,,,,,,,,,,,,,,,,,,,,,,,,,,,,,,,,,,,,0|i16z95:d3y,,,,,,,,,,,,,,,,,,,,,,,,,,,,,,,,,,,,,,,,,,,AMSQUAD Sprint 26.09 6/10-6/23,,,6/18/2026 0:00,,2,,,,,,,,,,,,,,,,,,,,,,,,,,,,,,,,3_*:*_1_*:*_0_*|*_10409_*:*_1_*:*_67509_*|*_10000_*:*_1_*:*_1360057117,,,,,,,,,,,,,,,,,,,,,,,,,,,,,,,,,,,320810,QA-796,Unite MSC Test Automation,Done,6/18/2026 7:59
[UNITE-MSC Mobile2] Discover and inventory legacy Mobile 2 automation assets,QA-998,333421,Story,Done,QA,QA Automation,software,Timothy Kaufman,6418909f67102fc717c0b0d8,"{quote}Automation & Performance Testing Center of Excellence 


Tracks test strategy, execution, CI results, risk mitigation, and engineering dashboards.  


Project lead: Swapnil Patil (Functional) | Timothy Kaufman (JIRA Admin){quote}",https://confluence.ascensus.com/pages/viewpage.action?pageId=315559619,Low,Done,Swapnil Patil,6357f972fc0cc7a600ae8914,Swapnil Patil,6357f972fc0cc7a600ae8914,Swapnil Patil,6357f972fc0cc7a600ae8914,6/2/2026 14:02,6/18/2026 8:01,,6/18/2026 8:01,,AMSQUAD Sprint 26.09,6/18/2026 0:00,0,QA-Board-View,Regression,unite-msc,,,,"Read-only inventory of Unite Mobile 2 test assets:

* Cucumber features + {{*IT.java}} integration tests (if present)
* Step definitions and auth helpers
* Config files and OpenAPI references
* Cross-service dependency notes

Populate 07-unite-mobile2-migration-tracker.md.

h3. Acceptance Criteria

* Inventory table populated for Mobile 2
* OpenAPI/spec path documented (or flagged TBD)
* Cross-service dependencies listed (auth, enrollment, account, etc.)
* Top 5 migration risks recorded
* Comparison note: overlap with Postman critical paths from S26-008

h3. 

h3. Definition of Done

QA Lead reviews; feeds sprint planning for Mobile 2 vertical slice.",,Automation for Jira,Swapnil Patil,,557058:f58131cb-b67d-43c7-b30d-6b58d40bd077,6357f972fc0cc7a600ae8914,,,,,,,,,,,,,,,,,,,,,,,,,,,,,,,,,,,,,,,,ApprovalsCFValue{approvals=[]},,,,,,,,,,,,,,,,,,,,,,,,,,,,,,,,,,,,,,,,,,,,,,,,,,,{},,,,,,,,,,,,,,,,,,,,,,,,,,,,,,,,,,,,,,,,,,,,,,,,,,,,,,,,,,,,,,,,,,,,,,,,,,,,,,,,,,,,,,,,,,,,,,,,,0|i16z95:d3v,,,,,,,,,,,,,,,,,,,,,,,,,,,,,,,,,,,,,,,,,,,AMSQUAD Sprint 26.09 6/10-6/23,,,6/18/2026 0:00,,2,,,,,,,,,,,,,,,,,,,,,,,,,,,,,,,01:09.5,3_*:*_1_*:*_0_*|*_10409_*:*_1_*:*_784_*|*_10000_*:*_1_*:*_1360153505,"18/Jun/26 8:01 AM;557058:f58131cb-b67d-43c7-b30d-6b58d40bd077;Sub-task QA-1146 was updated:
  • Status: Done
  ","18/Jun/26 8:01 AM;557058:f58131cb-b67d-43c7-b30d-6b58d40bd077;Sub-task QA-1147 was updated:
  • Status: Done
  ","18/Jun/26 8:01 AM;557058:f58131cb-b67d-43c7-b30d-6b58d40bd077;Sub-task QA-1145 was updated:
  • Status: Done
  ","18/Jun/26 8:01 AM;557058:f58131cb-b67d-43c7-b30d-6b58d40bd077;Sub-task QA-1144 was updated:
  • Status: Done
  ","18/Jun/26 8:01 AM;557058:f58131cb-b67d-43c7-b30d-6b58d40bd077;Sub-task QA-1143 was updated:
  • Status: Done
  ","18/Jun/26 8:01 AM;557058:f58131cb-b67d-43c7-b30d-6b58d40bd077;Sub-task QA-1142 was updated:
  • Status: Done
  ","18/Jun/26 8:01 AM;557058:f58131cb-b67d-43c7-b30d-6b58d40bd077;Sub-task QA-1141 was updated:
  • Status: Done
  ",,,,,,,,,,,,,,,,,,,,,,,,,,,,320810,QA-796,Unite MSC Test Automation,Done,6/18/2026 8:01
[UNITE-MSC Mobile2][Postman] Collaborate with Dev: Postman QC4 setup for Mobile 2 BFF/auth,QA-997,333418,Story,Done,QA,QA Automation,software,Timothy Kaufman,6418909f67102fc717c0b0d8,"{quote}Automation & Performance Testing Center of Excellence 


Tracks test strategy, execution, CI results, risk mitigation, and engineering dashboards.  


Project lead: Swapnil Patil (Functional) | Timothy Kaufman (JIRA Admin){quote}",https://confluence.ascensus.com/pages/viewpage.action?pageId=315559619,Low,Done,Swapnil Patil,6357f972fc0cc7a600ae8914,Swapnil Patil,6357f972fc0cc7a600ae8914,Swapnil Patil,6357f972fc0cc7a600ae8914,6/2/2026 14:01,6/22/2026 17:34,,6/22/2026 17:34,,AMSQUAD Sprint 26.09,6/22/2026 0:00,0,QA-Board-View,Regression,unite-msc,,,,"Partner with *Unite Mobile 2 / BFF Dev team* to stand up Postman for QC4:

# Import OpenAPI ({{mobile2.yaml}} — path TBD with Dev) or Dev export
# Configure QC4 environment (auth, IDP token flow, base URLs)
# Validate *≥3 critical paths*: e.g. auth/login, dashboard, account summary (exact endpoints agreed with Dev)
# Document cross-service dependencies (which downstream calls BFF triggers)

h3. Acceptance Criteria

* Postman collection for Mobile 2 exists in shared workspace (team access)
* QC4 environment works for auth flow with Dev assistance
* *≥3 BFF endpoints* return expected responses on QC4 (evidence in Jira)
* Auth/IDP failures documented in RAID with workaround or owner
* Critical-path endpoint list added to 07-unite-mobile2-migration-tracker.md
* No credentials committed to git

h3. 

h3. Definition of Done

Dinesh can map Postman flows to Cucumber scenarios; unblocks Mobile 2 vertical slice.",,Swapnil Patil,,,6357f972fc0cc7a600ae8914,,,,,,,,,,,,,,,,,,,,,,,,,,,,,,,,,,,,,,,,,ApprovalsCFValue{approvals=[]},,,,,,,,,,,,,,,,,,,,,,,,,,,,,,,,,,,,,,,,,,,,,,,,,,,{},,,,,,,,,,,,,,,,,,,,,,,,,,,,,,,,,,,,,,,,,,,,,,,,,,,,,,,,,,,,,,,,,,,,,,,,,,,,,,,,,,,,,,,,,,,,,,,,,0|i16z95:d3,,,,,,,,,,,,,,,,,,,,,,,,,,,,,,,,,,,,,,,,,,,AMSQUAD Sprint 26.09 6/10-6/23,,,6/22/2026 0:00,,1,,,,,,,,,,,,,,,,,,,,,,,,,,,,,,,,3_*:*_1_*:*_444063_*|*_10409_*:*_1_*:*_1006_*|*_10000_*:*_1_*:*_1739634200_*|*_10420_*:*_1_*:*_0,,,,,,,,,,,,,,,,,,,,,,,,,,,,,,,,,,,320810,QA-796,Unite MSC Test Automation,Done,6/22/2026 17:34
[UNITE-MSC Mobile2] Implement unite-mobile2 module scaffold in API Automation Framework,QA-996,333417,Story,Done,QA,QA Automation,software,Timothy Kaufman,6418909f67102fc717c0b0d8,"{quote}Automation & Performance Testing Center of Excellence 


Tracks test strategy, execution, CI results, risk mitigation, and engineering dashboards.  


Project lead: Swapnil Patil (Functional) | Timothy Kaufman (JIRA Admin){quote}",https://confluence.ascensus.com/pages/viewpage.action?pageId=315559619,Low,Done,Swapnil Patil,6357f972fc0cc7a600ae8914,Swapnil Patil,6357f972fc0cc7a600ae8914,Swapnil Patil,6357f972fc0cc7a600ae8914,6/2/2026 14:00,6/18/2026 7:57,,6/18/2026 7:57,,AMSQUAD Sprint 26.09,6/18/2026 0:00,0,QA-Board-View,Regression,unite-msc,,,,"Implement {{mobile-automation/unite-mobile2/}} using the *same structure* as enrollment (features, steps, pojos, test-data, sql, runners, config).

Deliver:

* Module POM + compile proof
* Placeholder feature tagged {{@mobile @uniteMobile2 @smoke}}
* Base step-definition skeleton for BFF/auth patterns (empty steps OK)
* Notes on IDP/auth config dependencies from {{jsonapi-lib/.../config/unite/}}

*Rationale:* Mobile 2 is the alternate pilot per Nick/Brian estimates and Path B proposal. Parallel scaffold de-risks sequencing if DEC-1 chooses Mobile 2 first.

h3. Acceptance Criteria

* {{mvn test -pl mobile-automation/unite-mobile2}} compiles
* Structure mirrors enrollment module (documented in README)
* Tags {{@mobile @uniteMobile2}} documented
* IDP/auth config gaps listed (TBD items in RAID if needed)
* PR reviewed by QA Lead

h3. Definition of Done

PR merged; Mobile 2 track ready for discovery → vertical slice.",,Automation for Jira,Swapnil Patil,,557058:f58131cb-b67d-43c7-b30d-6b58d40bd077,6357f972fc0cc7a600ae8914,,,,,,,,,,,,,,,,,,,,,,,,,,,,,,,,,,,,,,,,ApprovalsCFValue{approvals=[]},,,,,,,,,,,,,,,,,,,,,,,,,,,,,,,,,,,,,,,,,,,,,,,,,,,{},,,,,,,,,,,,,,,,,,,,,,,,,,,,,,,,,,,,,,,,,,,,,,,,,,,,,,,,,,,,,,,,,,,,,,,,,,,,,,,,,,,,,,,,,,,,,,,,,0|i16z95:d3i,,,,,,,,,,,,,,,,,,,,,,,,,,,,,,,,,,,,,,,,,,,AMSQUAD Sprint 26.09 6/10-6/23,,,6/18/2026 0:00,,2,,,,,,,,,,,,,,,,,,,,,,,,,,,,,,,57:14.9,3_*:*_1_*:*_0_*|*_10409_*:*_1_*:*_612_*|*_10000_*:*_1_*:*_1360290265,"18/Jun/26 7:57 AM;557058:f58131cb-b67d-43c7-b30d-6b58d40bd077;Sub-task QA-1124 was updated:
  • Status: Done
  ","18/Jun/26 7:57 AM;557058:f58131cb-b67d-43c7-b30d-6b58d40bd077;Sub-task QA-1125 was updated:
  • Status: Done
  ","18/Jun/26 7:57 AM;557058:f58131cb-b67d-43c7-b30d-6b58d40bd077;Sub-task QA-1126 was updated:
  • Status: Done
  ","18/Jun/26 7:57 AM;557058:f58131cb-b67d-43c7-b30d-6b58d40bd077;Sub-task QA-1127 was updated:
  • Status: Done
  ","18/Jun/26 7:57 AM;557058:f58131cb-b67d-43c7-b30d-6b58d40bd077;Sub-task QA-1128 was updated:
  • Status: Done
  ","18/Jun/26 7:57 AM;557058:f58131cb-b67d-43c7-b30d-6b58d40bd077;Sub-task QA-1129 was updated:
  • Status: Done
  ","18/Jun/26 7:57 AM;557058:f58131cb-b67d-43c7-b30d-6b58d40bd077;Sub-task QA-1130 was updated:
  • Status: Done
  ","18/Jun/26 7:57 AM;557058:f58131cb-b67d-43c7-b30d-6b58d40bd077;Sub-task QA-1131 was updated:
  • Status: Done
  ",,,,,,,,,,,,,,,,,,,,,,,,,,,320810,QA-796,Unite MSC Test Automation,Done,6/18/2026 7:57
[UNITE-MSC Postman] Collaborate with Dev: Postman workspace for Unite Enrollment (QC4),QA-988,333397,Story,Done,QA,QA Automation,software,Timothy Kaufman,6418909f67102fc717c0b0d8,"{quote}Automation & Performance Testing Center of Excellence 


Tracks test strategy, execution, CI results, risk mitigation, and engineering dashboards.  


Project lead: Swapnil Patil (Functional) | Timothy Kaufman (JIRA Admin){quote}",https://confluence.ascensus.com/pages/viewpage.action?pageId=315559619,Low,Done,Swapnil Patil,6357f972fc0cc7a600ae8914,Swapnil Patil,6357f972fc0cc7a600ae8914,Swapnil Patil,6357f972fc0cc7a600ae8914,6/2/2026 13:41,6/10/2026 9:01,,6/10/2026 9:01,,AMSQUAD Sprint 26.08,6/10/2026 0:00,0,QA-Board-View,Regression,unite-msc,,,,"h3. Context

Postman is the fastest way to validate endpoints, auth, and payloads *with Dev* before Cucumber migration. Enrollment is the *program pilot module*.

h3. Description

Partner with Unite Enrollment *Dev team* to stand up a shared Postman workspace:

# Import or build collection from OpenAPI/Swagger (or Dev-provided export)
# Configure *QC4 environment* (base URLs, auth tokens, IDP headers — via Postman secrets, not repo)
# Validate *≥3 critical enrollment endpoints* manually (create/read/update or agreed happy paths)
# Document which requests map to vertical-slice Cucumber candidates

h3. Scope

*In:* Postman collection + QC4 environment, Dev pairing sessions, endpoint parity checklist
*Out:* Automated Cucumber tests (Venkatesh track); production Postman deployment

h3. Acceptance Criteria

* Shared Postman workspace/collection link documented (team access — not in git)
* QC4 environment variables defined with Dev (base URL, auth, required headers)
* *≥3 enrollment API calls* return expected status codes with Dev present (screenshot or export attached to Jira)
* Auth/IDP blockers logged in RAID if any endpoint fails
* Checklist maps Postman requests → legacy Cucumber scenario names (for migration)
* Dev contact and session date recorded in enrollment tracker

h3. Dependencies

* Dev availability (Enrollment service team)
* QC4 access for QA Lead
* MOB-AUTO-105 or equivalent repo/access unblocked

h3. Definition of Done

Postman collection usable by Venkatesh for step-definition work; no credentials in repo.",,Automation for Jira,Swapnil Patil,,557058:f58131cb-b67d-43c7-b30d-6b58d40bd077,6357f972fc0cc7a600ae8914,,,,,,,,,,,,,,,,,,,,,,,,,,,,,,,,,,,,,,,,ApprovalsCFValue{approvals=[]},,,,,,,,,,,,,,,,,,,,,,,,,,,,,,,,,,,,,,,,,,,,,,,,,,,{},,,,,,,,,,,,,,,,,,,,,,,,,,,,,,,,,,,,,,,,,,,,,,,,,,,,,,,,,,,,,,,,,,,,,,,,,,,,,,,,,,,,,,,,,,,,,,,,,0|i15w2a:3k,,,,,,,,,,,,,,,,,,,,,,,,,,,,,,,,,,,,,,,,,,,AMSQUAD Sprint 26.08 5/27-6/10,,,6/5/2026 0:00,,2,,,,,,,,,,,,,,,,,,,,,,,,,,,,,,,47:37.3,10415_*:*_1_*:*_15144_*|*_3_*:*_1_*:*_0_*|*_10409_*:*_1_*:*_762_*|*_10000_*:*_1_*:*_248572881,"05/Jun/26 10:47 AM;557058:f58131cb-b67d-43c7-b30d-6b58d40bd077;Sub-task QA-988 ([UNITE-MSC Postman] Collaborate with Dev: Postman workspace for Unite Enrollment (QC4)) was updated:
     • Status: In Progress
     • Latest comment:  ",,,,,,,,,,,,,,,,,,,,,,,,,,,,,,,,,,320810,QA-796,Unite MSC Test Automation,Done,6/10/2026 9:01
[UNITE-MSC Framework] Create mobile-automation parent module in API Automation Framework,QA-987,333395,Story,Done,QA,QA Automation,software,Timothy Kaufman,6418909f67102fc717c0b0d8,"{quote}Automation & Performance Testing Center of Excellence 


Tracks test strategy, execution, CI results, risk mitigation, and engineering dashboards.  


Project lead: Swapnil Patil (Functional) | Timothy Kaufman (JIRA Admin){quote}",https://confluence.ascensus.com/pages/viewpage.action?pageId=315559619,Medium,Done,Swapnil Patil,6357f972fc0cc7a600ae8914,Swapnil Patil,6357f972fc0cc7a600ae8914,Swapnil Patil,6357f972fc0cc7a600ae8914,6/2/2026 13:36,6/5/2026 10:43,,6/5/2026 10:43,,AMSQUAD Sprint 26.08,6/5/2026 0:00,0,QA-Board-View,Regression,unite-msc,,,,"h3. Context

Unite MSC API automation must live under {{mobile-automation/}} in the API Automation Framework, reusing {{json-api}}, {{jsonapi-parent}}, and shared config patterns per 03-target-framework-architecture.md.

h3. Description

Create the *parent* {{mobile-automation/}} module structure in the API Automation Framework repo:

{noformat}api-automation/
├── json-api/                    # existing
├── universal/                   # existing
└── mobile-automation/           # NEW
    ├── pom.xml                  # child of jsonapi-parent
    ├── README.md
    ├── unite-enrollment/        # submodule placeholder
    ├── unite-mobile1/           # submodule placeholder
    └── unite-mobile2/           # submodule placeholder{noformat}

Wire Maven parent, shared dependencies ({{jsonapi-core}}, {{jsonapi-lib}}, {{jsonapi-encryption}}, {{qa-resource:database-loader}}), Cucumber + Rest Assured versions aligned with framework, and document tag standards ({{@mobile}}, {{@uniteEnrollment}}, {{@uniteMobile1}}, {{@uniteMobile2}}, {{@smoke}}, {{@regression}}).

h3. Scope

*In:* Parent POM, folder layout, README, empty compiles for three child module stubs, branch/PR to API Framework repo
*Out:* Scenario migration, CI pipeline, Postman (separate stories)

h3. Dependencies

* API Automation Framework repo access for QA Lead
* Dev lead confirms parent path ({{mobile-automation/}} alongside {{json-api/}})

h3. Definition of Done

PR merged; architecture page reference updated; Venkatesh/Dinesh can branch from main for module stories.",,Automation for Jira,Swapnil Patil,,557058:f58131cb-b67d-43c7-b30d-6b58d40bd077,6357f972fc0cc7a600ae8914,,,,,,,,,,,,,,,,,,,,,,,,,,,,,,,,,,,"* Target API Automation Framework *repo URL and branch* documented in tracker / RAID (replace TBD)
* {{mobile-automation/pom.xml}} inherits {{jsonapi-parent}}; {{mvn clean compile}} succeeds from repo root
* Three child module folders exist with minimal POM + package structure per architecture doc
* README lists module purpose, tag conventions, and link to program hub Confluence/markdown
* Reuse matrix (reuse / extend / new) attached — maps to MOB-AUTO-101 output
* PR reviewed by Dev lead; no secrets in committed property files",,,,,ApprovalsCFValue{approvals=[]},,,,,,,,,,,,,,,,,,,,,,,,,,,,,,,,,,,,,,,,,,,,,,,,,,,{},,,,,,,,,,,,,,,,,,,,,,,,,,,,,,,,,,,,,,,,,,,,,,,,,,,,,,,,,,,,,,,,,,,,,,,,,,,,,,,,,,,,,,,,,,,,,,,,,0|i15w2a:29,,,,,,,,,,,,,,,,,,,,,,,,,,,,,,,,,,,,,,,,,,,AMSQUAD Sprint 26.08 5/27-6/10,,,6/5/2026 0:00,,3,,,,,,,,,4821708b-58a1-45f9-93f1-fe52c0da32a7,QA Automation,,,,,,,,,,,,,,,,,,,,,39:52.0,3_*:*_1_*:*_0_*|*_10409_*:*_1_*:*_861_*|*_10000_*:*_1_*:*_248502228,"05/Jun/26 10:39 AM;557058:f58131cb-b67d-43c7-b30d-6b58d40bd077;Sub-task QA-987 ([UNITE-MSC Framework] Create mobile-automation parent module in API Automation Framework) was updated:
     • Status: In Progress
     • Latest comment:  ","05/Jun/26 10:39 AM;557058:f58131cb-b67d-43c7-b30d-6b58d40bd077;Sub-task QA-987 ([UNITE-MSC Framework] Create mobile-automation parent module in API Automation Framework) was updated:
     • Status: In Progress
     • Latest comment:  ",,,,,,,,,,,,,,,,,,,,,,,,,,,,,,,,,320810,QA-796,Unite MSC Test Automation,Done,6/5/2026 10:43
[V2/V3][Daily][Platform Support] Daily regression review & triage — V2 + V3 (Q2 26.06+),QA-977,332949,Story,Done,QA,QA Automation,software,Timothy Kaufman,6418909f67102fc717c0b0d8,"{quote}Automation & Performance Testing Center of Excellence 


Tracks test strategy, execution, CI results, risk mitigation, and engineering dashboards.  


Project lead: Swapnil Patil (Functional) | Timothy Kaufman (JIRA Admin){quote}",https://confluence.ascensus.com/pages/viewpage.action?pageId=315559619,Low,Done,Swapnil Patil,6357f972fc0cc7a600ae8914,Swapnil Patil,6357f972fc0cc7a600ae8914,Swapnil Patil,6357f972fc0cc7a600ae8914,6/1/2026 10:46,6/10/2026 12:31,,6/10/2026 9:02,,AMSQUAD Sprint 26.08,6/10/2026 0:00,0,AutomatedTesting,QA-Board-View,Regression,Regression_Testing,,,"Every business day at *7:30 AM* (local to offshore), perform a *daily health check* of the *Prime V2* and *Prime V3* regression jobs that finished overnight.
Tasks include: review *qTest* executions and *TestNG* reports, scan failures *by module*, reproduce locally or run a focused re-execution to confirm legitimacy, and communicate results.

* *If all green:* post a short status update to the team channel.
* *If failures:* email the Project Lead (Swapnil) following the bug-handling guidelines with the required evidence (plan, module, test case(s), exception, logs/screenshots, links). Swapnil will open/route defects.

*Goal:* Provide a reliable, single source of truth each morning on regression health (V2 + V3), with actionable failure details.

*Linked Docs:*

* *Bug Handling Process:* [https://confluence.ascensus.com/pages/viewpage.action?pageId=326751557|https://confluence.ascensus.com/pages/viewpage.action?pageId=326751557]
* *TestNG (V2) Report Index:* [http://seleniumhubnt2:8081/reports/unite/?C=M;O=D|http://seleniumhubnt2:8081/reports/unite/?C=M;O=D]
* *V3 Pipelines (TestNG inside job artifacts):* [https://gitlab.com/ascensus-gs/products/depot/qa-automation/prime-test-automation/-/pipeline_schedules|https://gitlab.com/ascensus-gs/products/depot/qa-automation/prime-test-automation/-/pipeline_schedules]
* *qTest Portal (Project 90985):* [https://ascensus.qtestnet.com/p/90985/portal/project#tab=testexecution|https://ascensus.qtestnet.com/p/90985/portal/project#tab=testexecution]



h2. Reporting Templates (copy/paste)

h3. A) Teams/Slack – *All Green*

{noformat}
Prime Version2
	stage1-acct-overview: <Pass/Fail> | Reason/Comment: <failures due to falkiness, so all look good>
	stage1-contributions: <Pass/Fail> | Reason/Comment: <failures due to falkiness, so all look good>
	stage1-csr-acct-main: <Pass/Fail> | Reason/Comment: <failures due to falkiness, so all look good>
	stage1-enrollments	: <Pass/Fail> | Reason/Comment: <failures due to falkiness, so all look good>
	stage1-sardine-regre: <Pass/Fail> | Reason/Comment: <failures due to falkiness, so all look good>
	stage1-web-login	: <Pass/Fail> | Reason/Comment: <failures due to falkiness, so all look good>
	stage1-web-registrat: <Pass/Fail> | Reason/Comment: <failures due to falkiness, so all look good>
	stage1-withdrawals	: <Pass/Fail> | Reason/Comment: <failures due to falkiness, so all look good>

Prime Version 3
	universal-enrollment-stage1	: <Pass/Fail> | Reason/Comment: <failures due to falkiness, so all look good>
	idp-login-stage1			: <Pass/Fail> | Reason/Comment: <failures due to falkiness, so all look good>
    Unite						: <Pass/Fail> | Reason/Comment: <failures due to falkiness, so all look good>

Overall Comment/Note: 
{noformat}

h3. B) Teams/Slack – *With Failures (pending confirmation)*

{noformat}⚠️Daily Regression: 

Prime Version2
	Module: stage1-acct-overview
	Plan: 
	Report Link:
	Exception Link:
	Screenshot link:
	Reason for failure: 

Prime Version 3
	Module: stage1-acct-overview
	Plan: 
	Report Link:
	Exception Link:
	Screenshot link:
	Reason for failure: 

Overall Comment/Note: 

Action: Reproducing locally to confirm. Will email details if legit.{noformat}",,Automation for Jira,Swapnil Patil,,557058:f58131cb-b67d-43c7-b30d-6b58d40bd077,6357f972fc0cc7a600ae8914,,,,,,,,,,,,,,,,,,,,,,,,,,,,,,,QA Automation,,,,"* A triage pass is completed *every business day at 7:30 AM* for *both V2 and V3*.
* Each module (Login, Web Reg, Enrollment, Contributions, Withdrawals, Profile/Acct Maint., Balance, Entity if present) is reviewed in the TestNG/qTest results.
* Any *failure* is verified by *local rerun or targeted re-execution*; false alarms are filtered out.
* Communication is sent:
** *Pass:* concise Teams/Slack message with run IDs and pass rate.
** *Fail:* *email* to PL with all required fields (see template below).
* A daily *comment* is added to this story (or subtask) with the outcome + links.
* Time is *logged* (actual time spent) to this story/subtasks.",,,,,ApprovalsCFValue{approvals=[]},,,,,,,,,,,,,,,,,,,,,,,,,,,,,,,,,,,,,,,,,,,,,,,,,,,{},,,,,,,,,,,,,,,,,,,,,,,,,,,,,,,,,,,,,,,,,,,,,,,,,,,,,,,,,,,,,,,,,,,,,,All 529 Plans,All ABLE Plans,,,,,,,,,,,,,,,,,,,,,,,,,,0|i176k5:yi,,,,,,,,,,,,,,,,,,,,,,,,,,,,,,,,,,,,,,,,,,,AMSQUAD Sprint 26.08 5/27-6/10,,,6/5/2026 0:00,,3,,,,,,,,,,,,,,,,,,,,,,,,,,,,,,,44:12.4,3_*:*_1_*:*_0_*|*_10409_*:*_1_*:*_63949_*|*_10000_*:*_1_*:*_344784536,"10/Jun/26 8:44 AM;557058:f58131cb-b67d-43c7-b30d-6b58d40bd077;Sub-task QA-977 ([V2/V3][Daily][Platform Support] Daily regression review & triage — V2 + V3 (Q2 26.06+)) was updated:
     • Status: In Progress
     • Latest comment:  ",,,,,,,,,,,,,,,,,,,,,,,,,,,,,,,,,,313677,QA-623,Platform Support — AMSQUAD Sprint Q2 26.05 onwards,Done,6/10/2026 9:02
"[Platform Support] Jira, qTest & KB hygiene — squad governance (Q2 26.06+)",QA-976,332943,Task,Done,QA,QA Automation,software,Timothy Kaufman,6418909f67102fc717c0b0d8,"{quote}Automation & Performance Testing Center of Excellence 


Tracks test strategy, execution, CI results, risk mitigation, and engineering dashboards.  


Project lead: Swapnil Patil (Functional) | Timothy Kaufman (JIRA Admin){quote}",https://confluence.ascensus.com/pages/viewpage.action?pageId=315559619,Low,Done,Swapnil Patil,6357f972fc0cc7a600ae8914,Swapnil Patil,6357f972fc0cc7a600ae8914,Swapnil Patil,6357f972fc0cc7a600ae8914,6/1/2026 10:42,6/10/2026 12:37,,6/10/2026 9:01,,AMSQUAD Sprint 26.08,6/10/2026 0:00,0,PlatformSupport,QA-Board-View,Regression,,,,"Purpose
Keep *boards*, *filters*, *Epic links*, and *documentation* aligned with {{docs/jira-governance}} practices: stale Story cleanup, duplicate keys, export refresh ({{Platform-support-jira-export.csv}}).

Cadence

* Bi-weekly or end-of-sprint — agree with SM.",,Automation for Jira,Swapnil Patil,,557058:f58131cb-b67d-43c7-b30d-6b58d40bd077,6357f972fc0cc7a600ae8914,,,,,,,,,,,,,,,,,,,,,,,,,,,,,,,QA Automation,,,,,,,,,ApprovalsCFValue{approvals=[]},,,,,,,,,,,,,,,,,,,,,,,,,,,,,,,,,,,,,,,,,,,,,,,,,,,{},,,,,,,,,,,,,,,,,,,,,,,,,,,,,,,,,,,,,,,,,,,,,,,,,,,,,,,,,,,,,,,,,,,,,,,,,,,,,,,,,,,,,,,,,,,,,,,,,0|i176k5:zr,,,,,,,,,,,,,,,,,,,,,,,,,,,,,,,,,,,,,,,,,,,AMSQUAD Sprint 26.08 5/27-6/10,,,5/12/2026 0:00,,1,,,,,,,,,4821708b-58a1-45f9-93f1-fe52c0da32a7,QA Automation,,,,,,,,,,,,,,,,,,,,,45:37.5,10415_*:*_1_*:*_145704_*|*_10409_*:*_1_*:*_57761_*|*_10000_*:*_1_*:*_345646440_*|*_10420_*:*_1_*:*_0,"05/Jun/26 10:45 AM;557058:f58131cb-b67d-43c7-b30d-6b58d40bd077;Sub-task QA-976 ([Platform Support] Jira, qTest & KB hygiene — squad governance (Q2 26.06+)) was updated:
     • Status: Refinement
     • Latest comment:  ",,,,,,,,,,,,,,,,,,,,,,,,,,,,,,,,,,313677,QA-623,Platform Support — AMSQUAD Sprint Q2 26.05 onwards,Done,6/10/2026 9:01
"[Platform Support] KT, onboarding & tooling/environment setup (Q2 26.06+)",QA-973,332938,Story,Done,QA,QA Automation,software,Timothy Kaufman,6418909f67102fc717c0b0d8,"{quote}Automation & Performance Testing Center of Excellence 


Tracks test strategy, execution, CI results, risk mitigation, and engineering dashboards.  


Project lead: Swapnil Patil (Functional) | Timothy Kaufman (JIRA Admin){quote}",https://confluence.ascensus.com/pages/viewpage.action?pageId=315559619,Low,Done,Swapnil Patil,6357f972fc0cc7a600ae8914,Swapnil Patil,6357f972fc0cc7a600ae8914,Swapnil Patil,6357f972fc0cc7a600ae8914,6/1/2026 10:42,6/10/2026 12:35,,6/10/2026 9:01,,AMSQUAD Sprint 26.08,6/10/2026 0:00,0,PlatformSupport,QA-Board-View,Regression,,,,"Purpose
Reserve time for *DevOps alignment*: triaging job failures due to _infrastructure_, agent pools, secrets rotation, artifact retention, and GitLab/Jenkins configuration questions — without owning product feature delivery.

Scope

* Triage pipeline-as-platform issues; raise tickets to platform/DevOps teams; verify after fixes are deployed.
* Document job names, configurations, and links in the squad knowledge base when they change.

*Acceptance criteria* 

{noformat}* ( ) Pipeline/infra issues are **documented** with job URL + error snippet in a comment or linked Task.
* ( ) **Resolution** or **handoff** is clearly noted when the issue is not owned by QA Automation code.
* ( ) No **Story points** are assigned; effort is tracked via **work log** only.{noformat}",,Automation for Jira,Swapnil Patil,,557058:f58131cb-b67d-43c7-b30d-6b58d40bd077,6357f972fc0cc7a600ae8914,,,,,,,,,,,,,,,,,,,,,,,,,,,,,,,QA Automation,,,,,,,,,ApprovalsCFValue{approvals=[]},,,,,,,,,,,,,,,,,,,,,,,,,,,,,,,,,,,,,,,,,,,,,,,,,,,{},,,,,,,,,,,,,,,,,,,,,,,,,,,,,,,,,,,,,,,,,,,,,,,,,,,,,,,,,,,,,,,,,,,,,,,,,,,,,,,,,,,,,,,,,,,,,,,,,0|i176k5:zi,,,,,,,,,,,,,,,,,,,,,,,,,,,,,,,,,,,,,,,,,,,AMSQUAD Sprint 26.08 5/27-6/10,,,5/12/2026 0:00,,1,,,,,,,,,4821708b-58a1-45f9-93f1-fe52c0da32a7,QA Automation,,,,,,,,,,,,,,,,,,,,,57:43.7,10415_*:*_1_*:*_33694_*|*_10409_*:*_1_*:*_78459_*|*_10000_*:*_1_*:*_345656749_*|*_10420_*:*_1_*:*_0,"04/Jun/26 8:57 AM;557058:f58131cb-b67d-43c7-b30d-6b58d40bd077;Sub-task QA-973 ([Platform Support] KT, onboarding & tooling/environment setup (Q2 26.06+)) was updated:
     • Status: To Do
     • Latest comment:  ",,,,,,,,,,,,,,,,,,,,,,,,,,,,,,,,,,313677,QA-623,Platform Support — AMSQUAD Sprint Q2 26.05 onwards,Done,6/10/2026 9:01
"[Platform Support] Release Support, Tech meetings & engineering alignment (Q2 26.06+)",QA-972,332937,Story,Done,QA,QA Automation,software,Timothy Kaufman,6418909f67102fc717c0b0d8,"{quote}Automation & Performance Testing Center of Excellence 


Tracks test strategy, execution, CI results, risk mitigation, and engineering dashboards.  


Project lead: Swapnil Patil (Functional) | Timothy Kaufman (JIRA Admin){quote}",https://confluence.ascensus.com/pages/viewpage.action?pageId=315559619,Low,Done,Swapnil Patil,6357f972fc0cc7a600ae8914,Swapnil Patil,6357f972fc0cc7a600ae8914,Swapnil Patil,6357f972fc0cc7a600ae8914,6/1/2026 10:41,6/10/2026 12:35,,6/10/2026 9:01,,AMSQUAD Sprint 26.08,6/10/2026 0:00,0,PlatformSupport,QA-Board-View,Regression,,,,"Here’s a tightened, more uniform version you can paste in:

{noformat}h2. Purpose
Provide capacity for **tech chapter**, **program**, **architecture**, **security**, and **release readiness** forums where AMSQUAD represents automation/regression concerns that are **not tied to a single feature Epic**.

h2. Scope
* Attend agreed recurring forums.
* Capture action items impacting **automation**, **test data**, or **pipelines**.
* Follow up on or delegate those actions and update this Story accordingly.

h2. Out of scope
* Acting as SM/PO for decisions — provides *input only* unless explicitly delegated.{noformat}

Acceptance criteria (clean copy):

{noformat}* ( ) Recurring meetings are listed in the Story **description** or first comment (name + frequency).
* ( ) For each in-scope sprint: **minutes** or **3–5 outcome bullets** are added as a Story comment (including actions + owners).
* ( ) Automation-relevant decisions are linked to the corresponding feature Stories or Epics where applicable.{noformat}

If you’d like, I can also rewrite this in strict Jira “Given/When/Then” style, or tune the wording for a specific team/template.",,Automation for Jira,Swapnil Patil,,557058:f58131cb-b67d-43c7-b30d-6b58d40bd077,6357f972fc0cc7a600ae8914,,,,,,,,,,,,,,,,,,,,,,,,,,,,,,,,,,,,,,,,ApprovalsCFValue{approvals=[]},,,,,,,,,,,,,,,,,,,,,,,,,,,,,,,,,,,,,,,,,,,,,,,,,,,{},,,,,,,,,,,,,,,,,,,,,,,,,,,,,,,,,,,,,,,,,,,,,,,,,,,,,,,,,,,,,,,,,,,,,,,,,,,,,,,,,,,,,,,,,,,,,,,,,0|i176k5:z,,,,,,,,,,,,,,,,,,,,,,,,,,,,,,,,,,,,,,,,,,,AMSQUAD Sprint 26.08 5/27-6/10,,,5/12/2026 0:00,,1,,,,,,,,,,,,,,,,,,,,,,,,,,,,,,,37:55.8,10415_*:*_1_*:*_233243_*|*_10409_*:*_1_*:*_75072_*|*_10000_*:*_1_*:*_345022886_*|*_10420_*:*_1_*:*_0,"05/Jun/26 10:37 AM;557058:f58131cb-b67d-43c7-b30d-6b58d40bd077;Sub-task QA-972 ([Platform Support] Release Support, Tech meetings & engineering alignment (Q2 26.06+)) was updated:
     • Status: Review
     • Latest comment:  ",,,,,,,,,,,,,,,,,,,,,,,,,,,,,,,,,,313677,QA-623,Platform Support — AMSQUAD Sprint Q2 26.05 onwards,Done,6/10/2026 9:01
[UNITE-MSC] Confirm UniteMSC repo access and close DEC-1 pilot order for sprint,QA-889,329496,Story,Done,QA,QA Automation,software,Timothy Kaufman,6418909f67102fc717c0b0d8,"{quote}Automation & Performance Testing Center of Excellence 


Tracks test strategy, execution, CI results, risk mitigation, and engineering dashboards.  


Project lead: Swapnil Patil (Functional) | Timothy Kaufman (JIRA Admin){quote}",https://confluence.ascensus.com/pages/viewpage.action?pageId=315559619,Medium,Done,Swapnil Patil,6357f972fc0cc7a600ae8914,Swapnil Patil,6357f972fc0cc7a600ae8914,Swapnil Patil,6357f972fc0cc7a600ae8914,5/18/2026 19:09,6/10/2026 9:04,,6/5/2026 10:37,,AMSQUAD Sprint 26.08,6/5/2026 0:00,0,MobileAutomation,QA-Board-View,unite-msc,,,,"Unblock the team for sprint execution:

# Verify *read access* to {{ascensus-gs/products/unitemsc}} for you, Venkatesh, and Dinesh
# Document repo map: service → test artifact path
# Facilitate *DEC-1* decision: Enrollment-first (program brief) vs Mobile 2-first (Nick/Brian estimate) — record in 09-raid-log.md
# Confirm whether DEC-2 (Cucumber vs Path B TestNG) is *Cucumber migration* for this sprint

h3. Acceptance Criteria

* All three assignees can clone/read UniteMSC test folders
* Repo map table in technical reference or tracker
* DEC-1 recorded with date, owner, and sprint impact note
* DEC-2 recorded or explicitly deferred with Cucumber as sprint default
* Action items A1–A4 in action-items.md updated

h3. Definition of Done

RAID updated; sprint plan aligned with DEC-1 outcome.",,Automation for Jira,Swapnil Patil,,557058:f58131cb-b67d-43c7-b30d-6b58d40bd077,6357f972fc0cc7a600ae8914,,,,,,,,,,,,,,,,,,,,,,,,,,,,,,,QA Automation,,,,,,,,,ApprovalsCFValue{approvals=[]},,,,,,,,,,,,,,,,,,,,,,,,,,,,,,,,,,,,,,,,,,,,,,,,,,,{},,,,,,,,,,,,,,,,,,,,,,,,,,,,,,,,,,,,,,,,,,,,,,,,,,,,,,,,,,,,,,,,,,,,,,,,,,,,,,,,,,,,,,,,,,,,,,,,,0|i15w2a:24,,,,,,,,,,,,,,,,,,,,,,,,,,,,,,,,,,,,,,,,,,,AMSQUAD Sprint 26.08 5/27-6/10,,,6/2/2026 0:00,,2,,,,,,,,,4821708b-58a1-45f9-93f1-fe52c0da32a7,QA Automation,,,,,,,,,,,,,,,,,,,,,36:35.8,3_*:*_1_*:*_247829029_*|*_10409_*:*_1_*:*_64720_*|*_10000_*:*_1_*:*_1276494226_*|*_10420_*:*_1_*:*_0,"05/Jun/26 10:36 AM;557058:f58131cb-b67d-43c7-b30d-6b58d40bd077;Sub-task QA-889 ([UNITE-MSC] Confirm UniteMSC repo access and close DEC-1 pilot order for sprint) was updated:
     • Status: Review
     • Latest comment:  ",,,,,,,,,,,,,,,,,,,,,,,,,,,,,,,,,,320810,QA-796,Unite MSC Test Automation,Done,6/5/2026 10:37
[UNITE-MSC] Enrollment - Apply migration decision matrix to Enrollment scenarios,QA-888,329495,Story,Done,QA,QA Automation,software,Timothy Kaufman,6418909f67102fc717c0b0d8,"{quote}Automation & Performance Testing Center of Excellence 


Tracks test strategy, execution, CI results, risk mitigation, and engineering dashboards.  


Project lead: Swapnil Patil (Functional) | Timothy Kaufman (JIRA Admin){quote}",https://confluence.ascensus.com/pages/viewpage.action?pageId=315559619,Medium,Done,Swapnil Patil,6357f972fc0cc7a600ae8914,Swapnil Patil,6357f972fc0cc7a600ae8914,Swapnil Patil,6357f972fc0cc7a600ae8914,5/18/2026 19:07,6/10/2026 9:03,,6/5/2026 10:35,,AMSQUAD Sprint 26.08,6/5/2026 0:00,0,MobileAutomation,QA-Board-View,unite-msc,,,,"Evaluate every inventoried enrollment scenario using the decision matrix: migrate, update, consolidate, parameterize, exclude, park for review.

h3. Scope

* Populate Decision and Status columns in tracker
* Require reason for every exclude/park

h3. Acceptance Criteria

* 100% of scenarios have a decision recorded
* Exclusions log has reason, date, approver for each exclude
* ≥3 scenarios marked migrate for vertical slice

h3. Dependencies

* all the Spikes

h3. Definition of Done

QA lead sign-off on exclusion list.",,Automation for Jira,Swapnil Patil,,557058:f58131cb-b67d-43c7-b30d-6b58d40bd077,6357f972fc0cc7a600ae8914,,,,,,,,,,,,,,,,,,,,,,,,,,,,,,,QA Automation,,,,,,,,,ApprovalsCFValue{approvals=[]},,,,,,,,,,,,,,,,,,,,,,,,,,,,,,,,,,,,,,,,,,,,,,,,,,,{},,,,,,,,,,,,,,,,,,,,,,,,,,,,,,,,,,,,,,,,,,,,,,,,,,,,,,,,,,,,,,,,,,,,,,,,,,,,,,,,,,,,,,,,,,,,,,,,,0|i15w2a:2,,,,,,,,,,,,,,,,,,,,,,,,,,,,,,,,,,,,,,,,,,,AMSQUAD Sprint 26.08 5/27-6/10,,,6/2/2026 0:00,,3,,,,,,,,,4821708b-58a1-45f9-93f1-fe52c0da32a7,QA Automation,,,,,,,,,,,,,,,,,,,,,34:13.8,10415_*:*_1_*:*_3142_*|*_3_*:*_1_*:*_247235382_*|*_10409_*:*_1_*:*_597_*|*_10000_*:*_1_*:*_1277106728_*|*_10420_*:*_1_*:*_0,"05/Jun/26 10:34 AM;557058:f58131cb-b67d-43c7-b30d-6b58d40bd077;Sub-task QA-888 ([UNITE-MSC] Enrollment - Apply migration decision matrix to Enrollment scenarios) was updated:
     • Status: Review
     • Latest comment:  ",,,,,,,,,,,,,,,,,,,,,,,,,,,,,,,,,,320810,QA-796,Unite MSC Test Automation,Done,6/5/2026 10:35
"[UNITE-MSC] Map Enrollment endpoints, payloads, validations, SQL, and configs",QA-887,329494,Spike,Done,QA,QA Automation,software,Timothy Kaufman,6418909f67102fc717c0b0d8,"{quote}Automation & Performance Testing Center of Excellence 


Tracks test strategy, execution, CI results, risk mitigation, and engineering dashboards.  


Project lead: Swapnil Patil (Functional) | Timothy Kaufman (JIRA Admin){quote}",https://confluence.ascensus.com/pages/viewpage.action?pageId=315559619,Medium,Done,Swapnil Patil,6357f972fc0cc7a600ae8914,Swapnil Patil,6357f972fc0cc7a600ae8914,Swapnil Patil,6357f972fc0cc7a600ae8914,5/18/2026 19:05,5/22/2026 9:57,,5/22/2026 9:57,,AMSQUAD Sprint 26.07,5/22/2026 0:00,0,MobileAutomation,QA-Board-View,unite-msc,,,,"For each enrollment scenario selected for migration, document REST endpoints, request/response payloads, assertion types, SQL scripts, and config keys required for QC4/Stage1 execution.

h3. Scope

* Endpoint list with HTTP methods
* Payload sources (inline vs file)
* DB validation SQL
* Environment-specific config keys

h3. Acceptance Criteria

* Endpoint catalog covers all vertical-slice candidate scenarios
* Each endpoint has QC4 base URL/config reference (TBD filled or flagged)
* SQL scripts categorized: migrate / rewrite / exclude
* Config gap list created for IDP/UP issues

h3. Technical Notes

* Align property files with {{jsonapi-lib/.../config/unite/}} pattern
* Reference 03-target-framework-architecture.md

h3. Dependencies

* [https://ascensuscollegesavings.atlassian.net/browse/QA-886|https://ascensuscollegesavings.atlassian.net/browse/QA-886|smart-link] 

h3. Definition of Done

Endpoint catalog stored in tracker; config gaps have RAID entries if blocking.",,Swapnil Patil,,,6357f972fc0cc7a600ae8914,,,,,,,,,,,,,,,,,,,,,,,,,,,,,,,,QA Automation,,,,,,,,,ApprovalsCFValue{approvals=[]},,,,,,,,,,,,,,,,,,,,,,,,,,,,,,,,,,,,,,,,,,,,,,,,,,,{},,,,,,,,,,,,,,,,,,,,,,,,,,,,,,,,,,,,,,,,,,,,,,,,,,,,,,,,,,,,,,,,,,,,,,,,,,,,,,,,,,,,,,,,,,,,,,,,,0|i16z7m:,,,,,,,,,,,,,,,,,,,,,,,,,,,,,,,,,,,,,,,,,,,AMSQUAD Sprint 26.07 5/13-5/27,,,,,2,,,,,,,,,4821708b-58a1-45f9-93f1-fe52c0da32a7,QA Automation,,,,,,,,,,,,,,,,,,,,,,3_*:*_1_*:*_0_*|*_10409_*:*_1_*:*_13245_*|*_10000_*:*_1_*:*_311433548,"22/May/26 9:55 AM;6357f972fc0cc7a600ae8914;h2. Spike closure — QA-887: Map Enrollment endpoints, payloads, validations, SQL, and configs

h3. Why this spike existed
Enrollment automation migration must know _exact APIs_, _payload shape_ (including encryption), _assertions_, and _environment config_ before vertical slice implementation. Legacy Cucumber does not document this clearly; Postman collections from Luis & Nick plus Tech Demo are the best current truth for BFF enrollment behavior.

h3. Sources

h1. Luis: {{docs/.../Postman Collections/MSC Mobile app.postman_collection 3.json}}

h1. Nick/Luis: {{docs/.../Postman Collections/Mobile App_boomerang.json}}

h1. Tech Demo Meeting.txt

h1. enrollment OpenAPI reference: GET .../enrollmentapi/v1/openapi.json (in Boomerang)

h3. Step-by-step activities performed

h1. Extracted all {{enrollmentapi/v1}} requests from both collections.

h1. Grouped by functional area and HTTP method.

h1. Documented auth, env hosts, payload/encryption, and validation patterns.

h1. Linked each to vertical-slice / smoke / regression priority for story creation.

h3. Environment & config map

|| Env || Example host (from collections) || Variables || Notes ||
| QC4 / Dev | mobileapi.dev.my529.cloud | {{url-cloud}}, {{mobileMsc.host.url}} | DEV OpenAPI server listed |
| Stage1 (cloud BFF) | [unite-bff-cloud.stage1.unite529.com|http://unite-bff-cloud.stage1.unite529.com] | {{url-cloud}} | Primary Boomerang recordings |
| Stage1 (wtn BFF) | [unite-bff-wtn.stage1.acs529.com|http://unite-bff-wtn.stage1.acs529.com] | {{url}} | Plan/content variants |
| Local | localhost:8080 | Dev only | certificate, prospects samples |

_Config keys to migrate to framework:_ {{mobileMsc.host.url}}, {{url}}, {{url-cloud}}, {{mobileMsc.jwt}} (Bearer), plan ids (upromise, arkansas, hawaii, etc.)

_Target framework alignment:_ jsonapi-lib/config/unite — qc4.properties, stage1.properties (TBD exact property names on implementation story)

h3. Authentication & headers

* _Auth type:_ Bearer token — {{mobileMsc.jwt}} (Luis collection)
* _Prerequisite flows (other services):_ Mobile1 {{mobilemembersession}}, {{idptokenexchange}} — enrollment tests may depend on session/token from Mobile1/Auth (coordinate in pipeline stories)
* _2FA/OTP:_ Not in scope — disable on test accounts (demo)

h3. Enrollment API catalog (mapped)

_Base path:_ {{/enrollmentapi/v1}}

h4. A. Reference / setup (GET) — good smoke candidates
|| Request name (Postman) || Method || Path || Validation focus ||
| Plans | GET | /plans/{planId} (e.g. upromise) | mobileEnabled, ENROLLMENT_ENABLED metadata |
| Content (multiple) | GET | /content?id=&lang=&name= | HTML content, terms, e-delivery copy |
| US States | GET | /usstates | Reference list |
| Certificate | GET | /certificate | Public cert for encryption |
| OpenAPI | GET | /openapi.json | Contract reference for coverage |
| Enrollment allocation funds | GET/POST | /enrollmentallocationfunds/get | Fund list, encAesKey in response |

h4. B. Verification (POST)
|| Request || Path || Payload notes ||
| Verify username | POST /verify/username | Encrypted/username hash |
| Verify routing number | POST /verify/routingnumber | Bank validation |

h4. C. Enrollment event pipeline (POST) — core regression
_Pattern:_ JSON array with event object; fields include parent, prospect, beneficiary, owner, bank, oneTimeInstruction, eventType, correlationId, encAesKey; many PII fields _encrypted_.

|| Event / step name (path suffix) || Method || Path || Postman source ||
| Prospects | POST | /enrollments/prospects | Boomerang |
| Upromise enroll selected | POST | /enrollments/enrollment/upromise-enroll-selected | Boomerang |
| Beneficiary entered | POST | /enrollments/enrollment/beneficiary-entered | Boomerang |
| Owner entered | POST | /enrollments/enrollment/owner-entered | Boomerang |
| Owner address entered | POST | /enrollments/enrollment/owner-address-entered | Boomerang |
| Bank entered | POST | /enrollments/enrollment/bank-entered | Luis + Boomerang |
| Allocations entered | POST | /enrollments/enrollment/allocations-entered | Boomerang |
| Recurring contribution entered | POST | /enrollments/enrollment/recurring-contribution-entered | Boomerang |
| Recurring contribution skipped | POST | /enrollments/enrollment/recurring-contribution-skipped | Boomerang |
| Review confirm entered | POST | /enrollments/enrollment/review-confirm-entered | Boomerang (Submit Enrollment) |
| Enrollment - Validate (Luis) | POST | /enrollments/enrollment/bank-entered | Sample full encrypted payload, eventType beneficiary-entered |

h4. D. OAuth (from OpenAPI snippet)
|| Operation || Path || Notes ||
| Partner auth | POST /oauth/token | Client credentials — TBD if needed for partner flows |

h3. Payload & validation standards (for migration)

h1. _Payloads:_ Store under test-data/ as logical names; do not keep large encrypted blobs in .feature files.

h1. _Encryption:_ certificate → encAesKey pattern; reuse Mobile1 encryption utilities (Nick estimate).

h1. _Assertions:_ HTTP status; response body (_embedded, errors[], eventType, seqNum); DB row checks via JDBC on shared QC4 (not local seed SQL).

h1. _SQL:_ Legacy _Datastore.sql_ from app repo — _do not migrate as-is_; rewrite assertions for shared DB (per integration-test design).

h3. Priority for upcoming stories (from mapping)
|| Priority || Endpoints ||
| P0 Smoke | GET /certificate, GET /plans/{plan}, POST /verify/username, POST .../prospects |
| P1 Vertical slice | beneficiary-entered → owner-entered → bank-entered → review-confirm-entered |
| P2 Regression | All content variants, allocations, recurring paths, routing verify |
| P3 Park | OAuth partner flow if not mobile-critical |

h3. Gaps / TBD (explicit)

h1. Full OpenAPI path list — export from /openapi.json on QC4 when access available

h1. Legacy Cucumber SQL scripts — list from repo; map 1:1 to new DB assertions

h1. Exact QC4 base URL for enrollment-only pipeline (DevOps)

h1. Which plans are IDP-enabled vs legacy (Luis: separate flags for Unite vs mobile)

h3. Outputs

* Endpoint catalog (this comment + program hub 05-tracker / 08-pipeline strategy)
* Sample payload reference: Luis {{Enrollment - Validate}} (bank-entered, hawaii plan, encrypted fields)
* Config/env table for property files
* Priority matrix for smoke vs regression stories

h3. Spike acceptance — met?
(/) Enrollment endpoints catalogued from Luis + Nick Postman collections
(/) Payload pattern (encrypted event model) documented
(/) Auth, env, and config variables identified
(/) Validation strategy aligned to target framework (API + JDBC, not local seed)
(/) Smoke vs regression priority proposed for story breakdown
(!) Legacy SQL file inventory — deferred to repo access story

_Status:_ Done — sufficient endpoint/config map to create implementation stories; OpenAPI export + SQL list follow in next sprint.",,,,,,,,,,,,,,,,,,,,,,,,,,,,,,,,,,320810,QA-796,Unite MSC Test Automation,Done,5/22/2026 9:57
[UNITE-MSC] Map Unite Enrollment feature files to step definitions,QA-886,329490,Spike,Done,QA,QA Automation,software,Timothy Kaufman,6418909f67102fc717c0b0d8,"{quote}Automation & Performance Testing Center of Excellence 


Tracks test strategy, execution, CI results, risk mitigation, and engineering dashboards.  


Project lead: Swapnil Patil (Functional) | Timothy Kaufman (JIRA Admin){quote}",https://confluence.ascensus.com/pages/viewpage.action?pageId=315559619,Medium,Done,Swapnil Patil,6357f972fc0cc7a600ae8914,Swapnil Patil,6357f972fc0cc7a600ae8914,Swapnil Patil,6357f972fc0cc7a600ae8914,5/18/2026 19:02,5/22/2026 9:49,,5/22/2026 9:48,,AMSQUAD Sprint 26.07,5/22/2026 0:00,0,MobileAutomation,QA-Board-View,unite-msc,,,,"Create a mapping matrix linking each enrollment feature/scenario to its step definitions, shared steps, and reuse opportunities.

h3. Scope

* Feature → step definition map
* Flag duplicate step logic
* Flag steps with app-repo dependencies (anti-pattern for migration)

h3. Acceptance Criteria

* Mapping matrix attached to tracker or linked doc
* 100% of inventoried scenarios mapped or marked N/A
* Orphan step definitions identified
* Consolidation candidates listed (≥1 or ""none found"")

h3. Technical Notes

* Output format: table in tracker or CSV attachment

h3. Dependencies

[https://ascensuscollegesavings.atlassian.net/browse/QA-885|https://ascensuscollegesavings.atlassian.net/browse/QA-885|smart-link] 

h3. Definition of Done

Matrix reviewed; consolidation list agreed with Dev lead.",,Swapnil Patil,,,6357f972fc0cc7a600ae8914,,,,,,,,,,,,,,,,,,,,,,,,,,,,,,,,QA Automation,,,,,,,,,ApprovalsCFValue{approvals=[]},,,,,,,,,,,,,,,,,,,,,,,,,,,,,,,,,,,,,,,,,,,,,,,,,,,{},,,,,,,,,,,,,,,,,,,,,,,,,,,,,,,,,,,,,,,,,,,,,,,,,,,,,,,,,,,,,,,,,,,,,,,,,,,,,,,,,,,,,,,,,,,,,,,,,0|i15w2x:zz,,,,,,,,,,,,,,,,,,,,,,,,,,,,,,,,,,,,,,,,,,,AMSQUAD Sprint 26.07 5/13-5/27,,,,,1,,,,,,,,,4821708b-58a1-45f9-93f1-fe52c0da32a7,QA Automation,,,,,,,,,,,,,,,,,,,,,,3_*:*_1_*:*_0_*|*_10409_*:*_1_*:*_8648_*|*_10000_*:*_1_*:*_166097496,"22/May/26 9:48 AM;6357f972fc0cc7a600ae8914;h2. Spike closure — QA-885: Discover legacy Unite Enrollment automation assets

h3. Why this spike existed

Before we could size or write migration stories for Unite Enrollment, we needed a fact-based picture of *where* automation lives today, *whether* it is trustworthy, and *what* blocks execution (IDP, env, local DB seeds). The program (QA-796 / UNITE MSC Test Automation) cannot migrate scenarios we have not inventoried. This spike was time-boxed discovery only — no migration implementation.

h3. Context sources reviewed (step by step)

# *Tech Demo* (Nizar, Nick, Luis — transcript in Tech Demo Meeting.txt): architecture, BFF vs core services, current Cucumber/integration test approach, IDP/OTP guidance, manual testing approach.
# *Prior team discussions* (MobileAutomation/General Docs): integration-test design (legacy suites not E2E; local Postgres *Datastore.sql*); Nick/Brian sprint estimates for Enrollment after Mobile1/Mobile2 setup.
# *Postman collections* (not legacy automation, but primary manual API reference — no org-standard collection per demo):
#* Luis: {{MSC Mobile app.postman_collection 3.json}}
#* Nick/Luis: {{Mobile App_boomerang.json}} (Boomerang export)
# *Program documentation* (qa-automation-kb): mobile-automation-program-hub, migration tracker template, RAID (DEC-1 pilot order, DEC-2 Cucumber vs Path B).

h3. Step-by-step activities performed

# Attended / reviewed UNITE MSC technical demo and captured enrollment as a *BFF microservice* (unite-enrollment) separate from mobile1/mobile2 and core services (auth, account, metadata, etc.).
# Confirmed *source system of record* for legacy tests: UniteMSC application repo (GitLab: ascensus-gs/products/unitemsc) — *read-only* for migration; exact enrollment service sub-path still to be confirmed on repo access.
# Documented *legacy automation pattern* from demo + integration-test design:
#* Per-service integration tests in app repos: {{mvn install -P debug}}, Cucumber + Cucable + Failsafe
#* Local Postgres seeded from committed {{*Datastore.sql}} snapshots
#* *Not running end-to-end today* — IdP and Universal Platform integrations never completed → suite is not a reliable regression signal
#* Even when historically green, tests were *environment-blind* (seed always matched code; shared QC4/Stage DB drift not detected)
# Recorded *manual testing reality* (Luis): no consolidated Postman collection; dev/QA maintain individual collections; focus on APIs under active development.
# Listed *enrollment-relevant manual API entry* from Luis collection: {{Enrollment - Validate}} → POST {{enrollmentapi/v1/enrollments/enrollment/bank-entered}} (encrypted event payload, Bearer JWT).
# Identified *gaps requiring follow-up* (not blockers to close spike): full file-level inventory (feature file count, step classes, SQL paths) pending read access + Infinity/QA-796 data per Brian’s note.

h3. Discovery findings — asset categories

||Category||Finding||Migration impact||
|Feature files / Cucumber scenarios|Exist in app repos near {{src/test}}; stale/unreliable per demo; E2E broken for IDP|Treat as *reference only* until re-validated in target framework|
|Step definitions|Rest Assured–style steps expected; possible app-repo coupling TBD on access|Map in QA-886; flag anti-patterns|
|Config / properties|QC4, Stage1, legacy IDP/UP assumptions likely|Must align to jsonapi-lib unite config pattern|
|SQL / DB validation|Tied to local seed DB in legacy model|Rewrite for shared QC4/Stage JDBC assertions|
|Test data|Heavy/encrypted payloads in requests (see Postman); not env-neutral|Externalize to test-data/ in migration stories|
|Runners / Maven profiles|{{debug}} profile pattern documented|Map to @smoke / @regression tags in target|
|Postman (Luis/Nick)|Supplementary; not automated legacy|Use for endpoint/payload baseline (QA-887)|

h3. Execution / trust status (legacy automation)

* *Last known reliable E2E:* No — IDP/UP incomplete (per integration-test design + demo).
* *Recommended use of legacy assets:* Reference for scenario ideas and coverage gaps — *not* production-ready regression.
* *OTP / 2FA:* Out of scope for MSC integration tests — disable 2FA on test accounts (Nizar/Luis); no API to fetch OTP.

h3. Top risks / blockers for downstream stories

# Repo read access to unitemsc enrollment paths — owner TBD
# DEC-1: Enrollment pilot vs Mobile2-first sequencing (Nick estimate vs program brief)
# DEC-2: Cucumber migration to API Automation Framework vs Path B (unite-msc TestNG zip)
# IDP migration in progress — legacy auth flows may still need coverage until Rajib confirms scope (Brian action item)
# Encryption on enrollment payloads — dependency on Mobile1 patterns per Nick estimate
# Consolidated Postman collection still open (Nizar/team follow-up from demo)

h3. Spike outputs (deliverables)

* Enrollment discovery notes captured in program hub: docs/mobile-automation-program-hub/05-unite-enrollment-migration-tracker.md (inventory table — counts TBD until repo access)
* RAID items updated conceptually: R1 stale tests, R2 IDP/config, R4 pilot order, R5 dual architecture
* Inputs ready for QA-886 (feature/step mapping framework) and QA-887 (endpoint catalog from Postman)

h3. Recommendation for next sprint stories (not in this spike)

# Story: Complete file-level inventory when repo access granted (feature count, step classes, SQL list)
# Story: Apply migration decision matrix per scenario (migrate/update/exclude/park)
# Story: Vertical slice 3–5 enrollment scenarios in API Automation Framework
# Spike/Task: Confirm with Rajib legacy vs IDP-only test scope during migration

h3. Spike acceptance — met?

Business/architecture context for enrollment automation documented Legacy test limitations documented with evidence (demo + design doc) Manual API reference sources identified (Luis/Nick Postman) Blockers and follow-ups listed for story creation File-level counts — deferred to next story pending repo access (explicit TBD)

✅

*Status:* Done — spike objective met; file-level inventory is a separate story dependency.",,,,,,,,,,,,,,,,,,,,,,,,,,,,,,,,,,320810,QA-796,Unite MSC Test Automation,Done,5/22/2026 9:48
[UNITE-MSC]Discover legacy Unite Enrollment automation assets,QA-885,329489,Spike,Done,QA,QA Automation,software,Timothy Kaufman,6418909f67102fc717c0b0d8,"{quote}Automation & Performance Testing Center of Excellence 


Tracks test strategy, execution, CI results, risk mitigation, and engineering dashboards.  


Project lead: Swapnil Patil (Functional) | Timothy Kaufman (JIRA Admin){quote}",https://confluence.ascensus.com/pages/viewpage.action?pageId=315559619,Medium,Done,Swapnil Patil,6357f972fc0cc7a600ae8914,Swapnil Patil,6357f972fc0cc7a600ae8914,Swapnil Patil,6357f972fc0cc7a600ae8914,5/18/2026 18:58,5/22/2026 9:45,,5/22/2026 9:45,,AMSQUAD Sprint 26.07,5/22/2026 0:00,0,MobileAutomation,QA-Board-View,unite-msc,,,,"Catalog all Unite Enrollment API automation artifacts in the source application repository (read-only): feature files, step definitions, configs, SQL, test data, runners, and last-known execution status.

h3. Scope

* Count and list feature files and scenarios
* List step definition classes and shared utilities
* Document config/property files and environment assumptions
* Note IDP/Universal Platform dependencies

h3. Acceptance Criteria

* Inventory table populated in migration tracker (counts or TBD with owner)
* Source repo path documented (was TBD)
* Last known execution status recorded per asset group
* Top 10 risks/blockers listed with owners

h3. Technical Notes

* Source repo: TBD under {{ascensus-gs/products/unitemsc}}
* Do not modify source repo
* Coordinate with Infinity team data for QA-796 if applicable

h3. Dependencies

* MOB-AUTO-105 (repo access)

h3. Definition of Done

Inventory reviewed by QA lead; linked from Confluence tracker page.",,Swapnil Patil,,,6357f972fc0cc7a600ae8914,,,,,,,,,,,,,,,,,,,,,,,,,,,,,,,,QA Automation,,,,,,,,,ApprovalsCFValue{approvals=[]},,,,,,,,,,,,,,,,,,,,,,,,,,,,,,,,,,,,,,,,,,,,,,,,,,,{},,,,,,,,,,,,,,,,,,,,,,,,,,,,,,,,,,,,,,,,,,,,,,,,,,,,,,,,,,,,,,,,,,,,,,,,,,,,,,,,,,,,,,,,,,,,,,,,,0|i15w2x:zy,,,,,,,,,,,,,,,,,,,,,,,,,,,,,,,,,,,,,,,,,,,AMSQUAD Sprint 26.07 5/13-5/27,,,,,1,,,,,,,,,4821708b-58a1-45f9-93f1-fe52c0da32a7,QA Automation,,,,,,,,,,,,,,,,,,,,,,10415_*:*_1_*:*_145523453_*|*_3_*:*_1_*:*_0_*|*_10409_*:*_1_*:*_608_*|*_10000_*:*_1_*:*_166346741,"22/May/26 9:45 AM;6357f972fc0cc7a600ae8914;h2. Spike closure — QA-885: Discover legacy Unite Enrollment automation assets

h3. Why this spike existed

Before we could size or write migration stories for Unite Enrollment, we needed a fact-based picture of *where* automation lives today, *whether* it is trustworthy, and *what* blocks execution (IDP, env, local DB seeds). The program (QA-796 / UNITE MSC Test Automation) cannot migrate scenarios we have not inventoried. This spike was time-boxed discovery only — no migration implementation.

h3. Context sources reviewed (step by step)

# *Tech Demo* (Nizar, Nick, Luis — transcript in Tech Demo Meeting.txt): architecture, BFF vs core services, current Cucumber/integration test approach, IDP/OTP guidance, manual testing approach.
# *Prior team discussions* (MobileAutomation/General Docs): integration-test design (legacy suites not E2E; local Postgres *Datastore.sql*); Nick/Brian sprint estimates for Enrollment after Mobile1/Mobile2 setup.
# *Postman collections* (not legacy automation, but primary manual API reference — no org-standard collection per demo):
#* Luis: {{MSC Mobile app.postman_collection 3.json}}
#* Nick/Luis: {{Mobile App_boomerang.json}} (Boomerang export)
# *Program documentation* (qa-automation-kb): mobile-automation-program-hub, migration tracker template, RAID (DEC-1 pilot order, DEC-2 Cucumber vs Path B).

h3. Step-by-step activities performed

# Attended / reviewed UNITE MSC technical demo and captured enrollment as a *BFF microservice* (unite-enrollment) separate from mobile1/mobile2 and core services (auth, account, metadata, etc.).
# Confirmed *source system of record* for legacy tests: UniteMSC application repo (GitLab: ascensus-gs/products/unitemsc) — *read-only* for migration; exact enrollment service sub-path still to be confirmed on repo access.
# Documented *legacy automation pattern* from demo + integration-test design:
#* Per-service integration tests in app repos: {{mvn install -P debug}}, Cucumber + Cucable + Failsafe
#* Local Postgres seeded from committed {{*Datastore.sql}} snapshots
#* *Not running end-to-end today* — IdP and Universal Platform integrations never completed → suite is not a reliable regression signal
#* Even when historically green, tests were *environment-blind* (seed always matched code; shared QC4/Stage DB drift not detected)
# Recorded *manual testing reality* (Luis): no consolidated Postman collection; dev/QA maintain individual collections; focus on APIs under active development.
# Listed *enrollment-relevant manual API entry* from Luis collection: {{Enrollment - Validate}} → POST {{enrollmentapi/v1/enrollments/enrollment/bank-entered}} (encrypted event payload, Bearer JWT).
# Identified *gaps requiring follow-up* (not blockers to close spike): full file-level inventory (feature file count, step classes, SQL paths) pending read access + Infinity/QA-796 data per Brian’s note.

h3. Discovery findings — asset categories

||Category||Finding||Migration impact||
|Feature files / Cucumber scenarios|Exist in app repos near {{src/test}}; stale/unreliable per demo; E2E broken for IDP|Treat as *reference only* until re-validated in target framework|
|Step definitions|Rest Assured–style steps expected; possible app-repo coupling TBD on access|Map in QA-886; flag anti-patterns|
|Config / properties|QC4, Stage1, legacy IDP/UP assumptions likely|Must align to jsonapi-lib unite config pattern|
|SQL / DB validation - Pending|Tied to local seed DB in legacy model|Rewrite for shared QC4/Stage JDBC assertions|
|Test data|Heavy/encrypted payloads in requests (see Postman); not env-neutral|Externalize to test-data/ in migration stories|
|Runners / Maven profiles|{{debug}} profile pattern documented|Map to @smoke / @regression tags in target|
|Postman (Luis/Nick)|Supplementary; not automated legacy|Use for endpoint/payload baseline (QA-887)|

h3. Execution / trust status (legacy automation)

* *Last known reliable E2E:* No — IDP/UP incomplete (per integration-test design + demo).
* *Recommended use of legacy assets:* Reference for scenario ideas and coverage gaps — *not* production-ready regression.
* *OTP / 2FA:* Out of scope for MSC integration tests — disable 2FA on test accounts (Nizar/Luis); no API to fetch OTP.

h3. Top risks / blockers for downstream stories

# Repo read access to unitemsc enrollment paths — owner TBD
# DEC-1: Enrollment pilot vs Mobile2-first sequencing (Nick estimate vs program brief)
# DEC-2: Cucumber migration to API Automation Framework vs Path B (unite-msc TestNG zip)
# IDP migration in progress — legacy auth flows may still need coverage until Rajib confirms scope (Brian action item)
# Encryption on enrollment payloads — dependency on Mobile1 patterns per Nick estimate
# Consolidated Postman collection still open (Nizar/team follow-up from demo)

h3. Spike outputs (deliverables)

* Enrollment discovery notes captured in program hub: docs/mobile-automation-program-hub/05-unite-enrollment-migration-tracker.md (inventory table — counts TBD until repo access)
* RAID items updated conceptually: R1 stale tests, R2 IDP/config, R4 pilot order, R5 dual architecture
* Inputs ready for QA-886 (feature/step mapping framework) and QA-887 (endpoint catalog from Postman)

h3. Recommendation for next sprint stories (not in this spike)

# Story: Complete file-level inventory when repo access granted (feature count, step classes, SQL list)
# Story: Apply migration decision matrix per scenario (migrate/update/exclude/park)
# Story: Vertical slice 3–5 enrollment scenarios in API Automation Framework
# Spike/Task: Confirm with Rajib legacy vs IDP-only test scope during migration

h3. Spike acceptance — met?

Business/architecture context for enrollment automation documented Legacy test limitations documented with evidence (demo + design doc) Manual API reference sources identified (Luis/Nick Postman) Blockers and follow-ups listed for story creation File-level counts — deferred to next story pending repo access (explicit TBD)

✅

*Status:* Done — spike objective met; file-level inventory is a separate story dependency.",,,,,,,,,,,,,,,,,,,,,,,,,,,,,,,,,,320810,QA-796,Unite MSC Test Automation,Done,5/22/2026 9:45
[Stage 1][Regression] UE down / enrollment blocked — expired creds + Helm Secret collision; Upromise Nextgen message missing,QA-873,324373,Bug,Closed,QA,QA Automation,software,Timothy Kaufman,6418909f67102fc717c0b0d8,"{quote}Automation & Performance Testing Center of Excellence 


Tracks test strategy, execution, CI results, risk mitigation, and engineering dashboards.  


Project lead: Swapnil Patil (Functional) | Timothy Kaufman (JIRA Admin){quote}",https://confluence.ascensus.com/pages/viewpage.action?pageId=315559619,Critical,Done,Swapnil Patil,6357f972fc0cc7a600ae8914,Swapnil Patil,6357f972fc0cc7a600ae8914,Swapnil Patil,6357f972fc0cc7a600ae8914,5/14/2026 13:15,7/20/2026 14:46,,5/14/2026 14:03,,AMSQUAD Sprint 26.07,5/18/2026 0:00,0,QA-Board-View,Regression,,,,,"*One-liner:* 05/14/2026 morning *Stage 1* outage pattern: *all UE regression failed*; *IDP* OK; UE enrollment URL unhealthy. *RCA:* expired *agsup-ui-enrollment* Stage 1 credentials (*#512223* CERT / IDP cert theme) plus *Helm* failing to adopt pre-existing {{enrollment-core-services-credential-v1}} Secret. *Separate:* *Upromise* Nextgen — expected *error message* not on page after enrollment → failures.

----

h2. 2. What we observed (from {{Details.txt}})

* *Swapnil Patil:* “Due to *Stage1 Down* all Regression test cases got failed — *Universal Enrollment*.”
* *UE vs IDP:* “Looks like issue with *Universal Enrollment* page but *IDP Login* is happening” — example: {{https://nyd.stage1.acs529.com/enrollments/newyork}}
* *Recovery note:* “seems like *Stage 1 is up*” (treat as *intermittent / recovered* unless monitoring shows repeat).
* *V2 / Upromise:* “V2 Regression looks *good* except *upromise* … *Error message not getting in the page* after completing the enrollment for *Nextgen Enrollment*” → Nextgen enrollment cases failing.

*Local artifacts (this folder)*

||File||Use||
|{{Details.txt}}|Thread summary above|
|{{RCA.txt}}|Teams + Helm / Secret RCA (do *not* paste live secrets from job logs into Jira)|
|{{Enrollment is down - UE flow.png}}, {{image.png}}|Screenshots|

----

h2. 3. Root cause analysis (RCA) — Stage 1 UE / credentials

*Source:* {{RCA.txt}} (Robert Broden; *#512223* — CERT: IDP cert expiring Stage 1; *agsup-ui-enrollment* Stage 1 credentials expired).

*Helm / deploy failure (summary)*

* {{helm upgrade --install}} for {{agsup-ui-enrollment}} failed because Secret {{enrollment-core-services-credential-v1}} in namespace {{agsupaws-useast1-stage1}} *already existed* and was *not* owned by Helm (missing {{app.kubernetes.io/managed-by: Helm}} and {{meta.helm.sh/release-name}} / {{release-namespace}} annotations).
* Helm *refuses to import* a Secret it did not create → deploy blocked → pods could not get updated credentials as intended.
* *Ops remediation (documented in RCA):* typically *delete* the orphan Secret and *re-run* deploy so Helm recreates it with correct ownership and data — *or* adopt via label/annotation patch (higher risk). *Executor:* platform / kube access on agreed cluster (naming per {{RCA.txt}}).

*Reference links (from imports)*

* Teams (DevOps Request thread): URL as in {{RCA.txt}} _(verify access)_  
* GitLab pipeline example: *Pipeline #2525458345* — {{Ascensus GS / sandbox / agsup-ui-enrollment}} _(path per RCA)_

*Security note (from RCA):* Job logs / eval files may contain *credentials* (e.g. Nexus-style vars). *Rotate* if exposed; *do not* attach raw logs containing secrets to Jira.

----

h2. 4. Related finding — Upromise / Nextgen (possible separate defect)

||Item||Detail||
|*Area*|V2 — *Upromise* — *Nextgen enrollment*|
|*Symptom*|Expected *error message* not rendered on page *after* completing enrollment|
|*Impact*|*Nextgen enrollment* automation cases *fail* (assertion on message)|
|*Action*|If still reproducible on healthy Stage 1 → file *product* bug + optional {{QA-[separate]}} for automation alignment; link *this* doc under “See also.”|

----

h2. 5. Acceptance for closing {{QA-…}}

* *Stage 1 UE:* Confirmed healthy (smoke: IDP + UE landing / start enrollment) post-fix window.  
* *RCA* paragraph finalized (who applied Secret delete / redeploy, ticket *#512223* or RT link).  
* *Regression:* Re-run UE (and note V2 Upromise) — attach *post-fix* job or report link.  
* *Upromise:* Tracked under separate key *or* marked N/A with SME sign-off.",Stage 1,Swapnil Patil,,,6357f972fc0cc7a600ae8914,,,43200,0,,0%,43200,0,,,,,,,,,,,,,DEVOPS-8494,,,,,,,,,,,,,,,,,,,,ApprovalsCFValue{approvals=[]},,,,,,,,,,,,,,,,,,,,,,,,,,,,,,,,,,,,,,,High,,,,,,,,,,,,{},,,,,,,,,,,,,,,,,,,,,,,,,,,,,,,,,,,,,,,,,,,,,,,,,,,,,,,,,,,,,,,,,,,,,,,,,,,,,,,,,,,,,,,,,,,,,,,,,0|i15w2x:zv,,,,,,,,,,,,,,,,,,,,,,"Source: RCA.txt (Robert Broden; #512223 — CERT: IDP cert expiring Stage 1; agsup-ui-enrollment Stage 1 credentials expired).

Helm / deploy failure (summary)

helm upgrade --install for agsup-ui-enrollment failed because Secret enrollment-core-services-credential-v1 in namespace agsupaws-useast1-stage1 already existed and was not owned by Helm (missing app.kubernetes.io/managed-by: Helm and meta.helm.sh/release-name / release-namespace annotations).

Helm refuses to import a Secret it did not create → deploy blocked → pods could not get updated credentials as intended.

Ops remediation (documented in RCA): typically delete the orphan Secret and re-run deploy so Helm recreates it with correct ownership and data — or adopt via label/annotation patch (higher risk). Executor: platform / kube access on agreed cluster.

Security note (from RCA): Job logs / eval files may contain credentials (e.g. Nexus-style vars). Rotate if exposed; do not attach raw logs containing secrets to Jira.",Infrastructure Related,,,,,,,,,,,,,,,,,,,,AMSQUAD Sprint 26.07 5/13-5/27,,,,,,,,,,,,,,4821708b-58a1-45f9-93f1-fe52c0da32a7,QA Automation,,,,,,,,,,,,,,,,,,,,,,1_*:*_1_*:*_13876_*|*_3_*:*_1_*:*_10936_*|*_11560_*:*_1_*:*_0_*|*_11550_*:*_1_*:*_3514,,,,,,,,,,,,,,,,,,,,,,,,,,,,,,,,,,,225845,QA-3,"Update regression test plan for Unite, Universal",Done,5/14/2026 14:53
[V2/V3][Daily][Platform Support] Daily regression review & triage — V2 + V3 (Q2 26.07+),QA-850,323633,Story,Done,QA,QA Automation,software,Timothy Kaufman,6418909f67102fc717c0b0d8,"{quote}Automation & Performance Testing Center of Excellence 


Tracks test strategy, execution, CI results, risk mitigation, and engineering dashboards.  


Project lead: Swapnil Patil (Functional) | Timothy Kaufman (JIRA Admin){quote}",https://confluence.ascensus.com/pages/viewpage.action?pageId=315559619,Low,Done,Swapnil Patil,6357f972fc0cc7a600ae8914,Swapnil Patil,6357f972fc0cc7a600ae8914,Swapnil Patil,6357f972fc0cc7a600ae8914,5/13/2026 15:06,5/26/2026 9:06,,5/26/2026 9:06,,AMSQUAD Sprint 26.07,5/26/2026 0:00,0,AutomatedTesting,QA-Board-View,Regression,Regression_Testing,,,"Every business day at *7:30 AM* (local to offshore), perform a *daily health check* of the *Prime V2* and *Prime V3* regression jobs that finished overnight.
Tasks include: review *qTest* executions and *TestNG* reports, scan failures *by module*, reproduce locally or run a focused re-execution to confirm legitimacy, and communicate results.

* *If all green:* post a short status update to the team channel.
* *If failures:* email the Project Lead (Swapnil) following the bug-handling guidelines with the required evidence (plan, module, test case(s), exception, logs/screenshots, links). Swapnil will open/route defects.

*Goal:* Provide a reliable, single source of truth each morning on regression health (V2 + V3), with actionable failure details.

*Linked Docs:*

* *Bug Handling Process:* [https://confluence.ascensus.com/pages/viewpage.action?pageId=326751557|https://confluence.ascensus.com/pages/viewpage.action?pageId=326751557]
* *TestNG (V2) Report Index:* [http://seleniumhubnt2:8081/reports/unite/?C=M;O=D|http://seleniumhubnt2:8081/reports/unite/?C=M;O=D]
* *V3 Pipelines (TestNG inside job artifacts):* [https://gitlab.com/ascensus-gs/products/depot/qa-automation/prime-test-automation/-/pipeline_schedules|https://gitlab.com/ascensus-gs/products/depot/qa-automation/prime-test-automation/-/pipeline_schedules]
* *qTest Portal (Project 90985):* [https://ascensus.qtestnet.com/p/90985/portal/project#tab=testexecution|https://ascensus.qtestnet.com/p/90985/portal/project#tab=testexecution]



h2. Reporting Templates (copy/paste)

h3. A) Teams/Slack – *All Green*

{noformat}
Prime Version2
	stage1-acct-overview: <Pass/Fail> | Reason/Comment: <failures due to falkiness, so all look good>
	stage1-contributions: <Pass/Fail> | Reason/Comment: <failures due to falkiness, so all look good>
	stage1-csr-acct-main: <Pass/Fail> | Reason/Comment: <failures due to falkiness, so all look good>
	stage1-enrollments	: <Pass/Fail> | Reason/Comment: <failures due to falkiness, so all look good>
	stage1-sardine-regre: <Pass/Fail> | Reason/Comment: <failures due to falkiness, so all look good>
	stage1-web-login	: <Pass/Fail> | Reason/Comment: <failures due to falkiness, so all look good>
	stage1-web-registrat: <Pass/Fail> | Reason/Comment: <failures due to falkiness, so all look good>
	stage1-withdrawals	: <Pass/Fail> | Reason/Comment: <failures due to falkiness, so all look good>

Prime Version 3
	universal-enrollment-stage1	: <Pass/Fail> | Reason/Comment: <failures due to falkiness, so all look good>
	idp-login-stage1			: <Pass/Fail> | Reason/Comment: <failures due to falkiness, so all look good>
    Unite						: <Pass/Fail> | Reason/Comment: <failures due to falkiness, so all look good>

Overall Comment/Note: 
{noformat}

h3. B) Teams/Slack – *With Failures (pending confirmation)*

{noformat}⚠️Daily Regression: 

Prime Version2
	Module: stage1-acct-overview
	Plan: 
	Report Link:
	Exception Link:
	Screenshot link:
	Reason for failure: 

Prime Version 3
	Module: stage1-acct-overview
	Plan: 
	Report Link:
	Exception Link:
	Screenshot link:
	Reason for failure: 

Overall Comment/Note: 

Action: Reproducing locally to confirm. Will email details if legit.{noformat}",,Swapnil Patil,,,6357f972fc0cc7a600ae8914,,,,,,,,,,,,,,,,,,,,,,,,,,,,,,,,QA Automation,,,,"* A triage pass is completed *every business day at 7:30 AM* for *both V2 and V3*.
* Each module (Login, Web Reg, Enrollment, Contributions, Withdrawals, Profile/Acct Maint., Balance, Entity if present) is reviewed in the TestNG/qTest results.
* Any *failure* is verified by *local rerun or targeted re-execution*; false alarms are filtered out.
* Communication is sent:
** *Pass:* concise Teams/Slack message with run IDs and pass rate.
** *Fail:* *email* to PL with all required fields (see template below).
* A daily *comment* is added to this story (or subtask) with the outcome + links.
* Time is *logged* (actual time spent) to this story/subtasks.",,,,,ApprovalsCFValue{approvals=[]},,,,,,,,,,,,,,,,,,,,,,,,,,,,,,,,,,,,,,,,,,,,,,,,,,,{},,,,,,,,,,,,,,,,,,,,,,,,,,,,,,,,,,,,,,,,,,,,,,,,,,,,,,,,,,,,,,,,,,,,,,All 529 Plans,All ABLE Plans,,,,,,,,,,,,,,,,,,,,,,,,,,0|i15w2x:zr,,,,,,,,,,,,,,,,,,,,,,,,,,,,,,,,,,,,,,,,,,,AMSQUAD Sprint 26.07 5/13-5/27,,,5/20/2026 0:00,,3,,,,,,,,,,,,,,,,,,,,,,,,,,,,,,,,3_*:*_1_*:*_0_*|*_10409_*:*_1_*:*_76362_*|*_10000_*:*_1_*:*_612263151,,,,,,,,,,,,,,,,,,,,,,,,,,,,,,,,,,,313677,QA-623,Platform Support — AMSQUAD Sprint Q2 26.05 onwards,Done,5/26/2026 9:06
"[Platform Support] Release Support, Tech meetings & engineering alignment (Q2 26.07+)",QA-849,323632,Story,Done,QA,QA Automation,software,Timothy Kaufman,6418909f67102fc717c0b0d8,"{quote}Automation & Performance Testing Center of Excellence 


Tracks test strategy, execution, CI results, risk mitigation, and engineering dashboards.  


Project lead: Swapnil Patil (Functional) | Timothy Kaufman (JIRA Admin){quote}",https://confluence.ascensus.com/pages/viewpage.action?pageId=315559619,Low,Done,Swapnil Patil,6357f972fc0cc7a600ae8914,Swapnil Patil,6357f972fc0cc7a600ae8914,Swapnil Patil,6357f972fc0cc7a600ae8914,5/13/2026 15:06,5/26/2026 9:06,,5/26/2026 9:06,,AMSQUAD Sprint 26.07,5/26/2026 0:00,0,PlatformSupport,QA-Board-View,Regression,,,,"Here’s a tightened, more uniform version you can paste in:

{noformat}h2. Purpose
Provide capacity for **tech chapter**, **program**, **architecture**, **security**, and **release readiness** forums where AMSQUAD represents automation/regression concerns that are **not tied to a single feature Epic**.

h2. Scope
* Attend agreed recurring forums.
* Capture action items impacting **automation**, **test data**, or **pipelines**.
* Follow up on or delegate those actions and update this Story accordingly.

h2. Out of scope
* Acting as SM/PO for decisions — provides *input only* unless explicitly delegated.{noformat}

Acceptance criteria (clean copy):

{noformat}* ( ) Recurring meetings are listed in the Story **description** or first comment (name + frequency).
* ( ) For each in-scope sprint: **minutes** or **3–5 outcome bullets** are added as a Story comment (including actions + owners).
* ( ) Automation-relevant decisions are linked to the corresponding feature Stories or Epics where applicable.{noformat}

If you’d like, I can also rewrite this in strict Jira “Given/When/Then” style, or tune the wording for a specific team/template.",,Swapnil Patil,,,6357f972fc0cc7a600ae8914,,,,,,,,,,,,,,,,,,,,,,,,,,,,,,,,,,,,,,,,,ApprovalsCFValue{approvals=[]},,,,,,,,,,,,,,,,,,,,,,,,,,,,,,,,,,,,,,,,,,,,,,,,,,,{},,,,,,,,,,,,,,,,,,,,,,,,,,,,,,,,,,,,,,,,,,,,,,,,,,,,,,,,,,,,,,,,,,,,,,,,,,,,,,,,,,,,,,,,,,,,,,,,,0|i15w2x:zi,,,,,,,,,,,,,,,,,,,,,,,,,,,,,,,,,,,,,,,,,,,AMSQUAD Sprint 26.07 5/13-5/27,,,5/20/2026 0:00,,1,,,,,,,,,,,,,,,,,,,,,,,,,,,,,,,,3_*:*_1_*:*_0_*|*_10409_*:*_1_*:*_79844_*|*_10000_*:*_1_*:*_612275879,,,,,,,,,,,,,,,,,,,,,,,,,,,,,,,,,,,313677,QA-623,Platform Support — AMSQUAD Sprint Q2 26.05 onwards,Done,5/26/2026 9:06
"[Platform Support] KT, onboarding & tooling/environment setup (Q2 26.07+)",QA-846,323629,Story,Done,QA,QA Automation,software,Timothy Kaufman,6418909f67102fc717c0b0d8,"{quote}Automation & Performance Testing Center of Excellence 


Tracks test strategy, execution, CI results, risk mitigation, and engineering dashboards.  


Project lead: Swapnil Patil (Functional) | Timothy Kaufman (JIRA Admin){quote}",https://confluence.ascensus.com/pages/viewpage.action?pageId=315559619,Low,Done,Swapnil Patil,6357f972fc0cc7a600ae8914,Swapnil Patil,6357f972fc0cc7a600ae8914,Swapnil Patil,6357f972fc0cc7a600ae8914,5/13/2026 15:05,5/26/2026 9:06,,5/26/2026 9:06,,AMSQUAD Sprint 26.07,5/26/2026 0:00,0,PlatformSupport,QA-Board-View,Regression,,,,"Purpose
Reserve time for *DevOps alignment*: triaging job failures due to _infrastructure_, agent pools, secrets rotation, artifact retention, and GitLab/Jenkins configuration questions — without owning product feature delivery.

Scope

* Triage pipeline-as-platform issues; raise tickets to platform/DevOps teams; verify after fixes are deployed.
* Document job names, configurations, and links in the squad knowledge base when they change.

*Acceptance criteria* 

{noformat}* ( ) Pipeline/infra issues are **documented** with job URL + error snippet in a comment or linked Task.
* ( ) **Resolution** or **handoff** is clearly noted when the issue is not owned by QA Automation code.
* ( ) No **Story points** are assigned; effort is tracked via **work log** only.{noformat}",,Swapnil Patil,,,6357f972fc0cc7a600ae8914,,,,,,,,,,,,,,,,,,,,,,,,,,,,,,,,QA Automation,,,,,,,,,ApprovalsCFValue{approvals=[]},,,,,,,,,,,,,,,,,,,,,,,,,,,,,,,,,,,,,,,,,,,,,,,,,,,{},,,,,,,,,,,,,,,,,,,,,,,,,,,,,,,,,,,,,,,,,,,,,,,,,,,,,,,,,,,,,,,,,,,,,,,,,,,,,,,,,,,,,,,,,,,,,,,,,0|i15w2x:z,,,,,,,,,,,,,,,,,,,,,,,,,,,,,,,,,,,,,,,,,,,AMSQUAD Sprint 26.07 5/13-5/27,,,5/26/2026 0:00,,1,,,,,,,,,4821708b-58a1-45f9-93f1-fe52c0da32a7,QA Automation,,,,,,,,,,,,,,,,,,,,,,10415_*:*_1_*:*_489144350_*|*_3_*:*_1_*:*_0_*|*_10409_*:*_1_*:*_109037_*|*_10000_*:*_1_*:*_612299862,,,,,,,,,,,,,,,,,,,,,,,,,,,,,,,,,,,313677,QA-623,Platform Support — AMSQUAD Sprint Q2 26.05 onwards,Done,5/26/2026 9:06
"[Platform Support] Jira, qTest & KB hygiene — squad governance (Q2 26.07+)",QA-845,323628,Task,Done,QA,QA Automation,software,Timothy Kaufman,6418909f67102fc717c0b0d8,"{quote}Automation & Performance Testing Center of Excellence 


Tracks test strategy, execution, CI results, risk mitigation, and engineering dashboards.  


Project lead: Swapnil Patil (Functional) | Timothy Kaufman (JIRA Admin){quote}",https://confluence.ascensus.com/pages/viewpage.action?pageId=315559619,Low,Done,Swapnil Patil,6357f972fc0cc7a600ae8914,Swapnil Patil,6357f972fc0cc7a600ae8914,Swapnil Patil,6357f972fc0cc7a600ae8914,5/13/2026 15:05,5/26/2026 9:06,,5/26/2026 9:05,,AMSQUAD Sprint 26.07,5/26/2026 0:00,0,PlatformSupport,QA-Board-View,Regression,,,,"Purpose
Keep *boards*, *filters*, *Epic links*, and *documentation* aligned with {{docs/jira-governance}} practices: stale Story cleanup, duplicate keys, export refresh ({{Platform-support-jira-export.csv}}).

Cadence

* Bi-weekly or end-of-sprint — agree with SM.",,Swapnil Patil,,,6357f972fc0cc7a600ae8914,,,,,,,,,,,,,,,,,,,,,,,,,,,,,,,,QA Automation,,,,,,,,,ApprovalsCFValue{approvals=[]},,,,,,,,,,,,,,,,,,,,,,,,,,,,,,,,,,,,,,,,,,,,,,,,,,,{},,,,,,,,,,,,,,,,,,,,,,,,,,,,,,,,,,,,,,,,,,,,,,,,,,,,,,,,,,,,,,,,,,,,,,,,,,,,,,,,,,,,,,,,,,,,,,,,,0|i15w2x:y,,,,,,,,,,,,,,,,,,,,,,,,,,,,,,,,,,,,,,,,,,,AMSQUAD Sprint 26.07 5/13-5/27,,,5/26/2026 0:00,,1,,,,,,,,,4821708b-58a1-45f9-93f1-fe52c0da32a7,QA Automation,,,,,,,,,,,,,,,,,,,,,,3_*:*_1_*:*_0_*|*_10409_*:*_1_*:*_109726_*|*_10000_*:*_1_*:*_1101456792,,,,,,,,,,,,,,,,,,,,,,,,,,,,,,,,,,,313677,QA-623,Platform Support — AMSQUAD Sprint Q2 26.05 onwards,Done,5/26/2026 9:05
"[V2][CSR][Prefill] Prefill Online Enrollment regression expand beyond NVU baseline - NVU , IND, NJD",QA-828,323120,Story,Done,QA,QA Automation,software,Timothy Kaufman,6418909f67102fc717c0b0d8,"{quote}Automation & Performance Testing Center of Excellence 


Tracks test strategy, execution, CI results, risk mitigation, and engineering dashboards.  


Project lead: Swapnil Patil (Functional) | Timothy Kaufman (JIRA Admin){quote}",https://confluence.ascensus.com/pages/viewpage.action?pageId=315559619,Low,Done,Swapnil Patil,6357f972fc0cc7a600ae8914,Swapnil Patil,6357f972fc0cc7a600ae8914,Swapnil Patil,6357f972fc0cc7a600ae8914,5/12/2026 17:44,5/26/2026 13:10,,5/26/2026 2:05,,AMSQUAD Sprint 26.07,5/26/2026 0:00,0,QA-Board-View,Regression,,,,,"h2. Context

* Confluence: [https://confluence.ascensus.com/display/GSSD/Prefill+Online+Enrollment+Test+Cases|https://confluence.ascensus.com/display/GSSD/Prefill+Online+Enrollment+Test+Cases]
* Existing automation baseline: PrefillEnrollmentPositive.feature under frontoffice/csr/prefillenroll (see QA-470 / Platform-support-jira-export.csv for path and Stage 1 defect narrative).

h2. Scope

* Map each Confluence row (NVU minimum; expand plans per MAY regression matrix) to automated or explicitly manual-only with sign-off.
* Cover error-message suite (Participant, Address, Successor, Beneficiary) and positive paths (UGMA/UTMA CHECK/ROLLOVER, Individual ROLLOVER, AIP variants, EBT, PAYROLL).

h2. Acceptance criteria

* [ ] Traceability matrix: Confluence case ID or name → feature method → @tags.
* [ ] Stage 1 green run for in-scope rows; attach report link.
* [ ] Regression suite includes prefill package without breaking unrelated CSR modules.",,Swapnil Patil,,,6357f972fc0cc7a600ae8914,,,,,,,,,,,,,,,,,,,,,,,,,,,,,,,,,,,,,,,,,ApprovalsCFValue{approvals=[]},,,,,,,,,,,,,,,,,,,,,,,,,,,,,,,,,,,,,,,,,,,,,,,,,,,{},,,,,,,,,,,,,,,,,,,,,,,,,,,,,,,,,,,,,,,,,,,,,,,,,,,,,,,,,,,,,,,,,,,,,,,,,,,,,,,,,,,,,,,,,,,,,,,,,0|i15w2x:r,,,,,,,,,,,,,,,,,,,,,,,,,,,,,,,,,,,,,,,,,,,AMSQUAD Sprint 26.07 5/13-5/27,,,5/20/2026 0:00,,2,,,,,,,,,4821708b-58a1-45f9-93f1-fe52c0da32a7,QA Automation,,,,,,,,,,,,,,,,,,,,,,3_*:*_1_*:*_0_*|*_10409_*:*_1_*:*_435_*|*_10000_*:*_1_*:*_657866370,"12/May/26 5:44 PM;6357f972fc0cc7a600ae8914;*Intent:* Align automation with *GSSD* [Prefill Online Enrollment Test Cases|https://confluence.ascensus.com/display/GSSD/Prefill+Online+Enrollment+Test+Cases] and the *NVU* catalog from Unite Regression Automation (12 cases).

*NVU test names (from Confluence / Unite Regression Automation)*

||#||Test name||
|1|Validate CSR Pre-fill Enrollment Error Messages for Pre-fill Enrollment Participant Info Individual|
|2|Validate CSR Pre-fill Enrollment Error Messages for Pre-fill Enrollment Address Info|
|3|Validate CSR Pre-fill Enrollment Error Messages for Pre-fill Enrollment Successor Info|
|4|Validate CSR Pre-fill Enrollment Error Messages for Pre-fill Enrollment Beneficiary Info|
|5|CSR Pre-fill Enrollment with Pre-fill Enrollment UGMA/UTMA CHECK|
|6|CSR Pre-fill Enrollment with Pre-fill Enrollment Individual ROLLOVER|
|7|CSR Pre-fill Enrollment with Pre-fill Enrollment Individual AIP Monthly|
|8|CSR Pre-fill Enrollment with Pre-fill Enrollment UGMA/UTMA ROLLOVER|
|9|CSR Pre-fill Enrollment with Pre-fill Enrollment Individual AIP No Annual Increase|
|10|CSR Pre-fill Enrollment with Pre-fill Enrollment Individual EBT|
|11|CSR Pre-fill Enrollment with Pre-fill Enrollment Individual PAYROLL|
|12|CSR Pre-fill Enrollment with Pre-fill Enrollment Individual AIP Quarterly|",,,,,,,,,,,,,,,,,,,,,,,,,,,,,,,,,,225845,QA-3,"Update regression test plan for Unite, Universal",Done,5/26/2026 2:05
[TVG Test]CST-469 / QIPS-413 — Manual validation: TVG calculator + microsecond create/update timestamps,QA-826,323070,Story,Done,QA,QA Automation,software,Timothy Kaufman,6418909f67102fc717c0b0d8,"{quote}Automation & Performance Testing Center of Excellence 


Tracks test strategy, execution, CI results, risk mitigation, and engineering dashboards.  


Project lead: Swapnil Patil (Functional) | Timothy Kaufman (JIRA Admin){quote}",https://confluence.ascensus.com/pages/viewpage.action?pageId=315559619,Low,Done,Swapnil Patil,6357f972fc0cc7a600ae8914,Swapnil Patil,6357f972fc0cc7a600ae8914,Swapnil Patil,6357f972fc0cc7a600ae8914,5/12/2026 16:48,5/20/2026 17:10,,5/20/2026 17:10,,AMSQUAD Sprint 26.06,5/20/2026 0:00,0,QA-Board-View,TVG,,,,,"h2. Purpose

Support Naomi Bechar (Comet / CST) on validation of *QIPS-413 / AKD — TVG Calculator Credits* fix delivered under CST-469 (parent CST-472). Focus: *manual* verification that credit/guarantee ordering is deterministic after moving from SYSDATE to timestamps with *fractional seconds* (microsecond precision in Oracle terms).

h2. Context

* Comet Story CST-469: replace SYSDATE with LOCALTIMESTAMP in relevant XML; update existing data to include fractional seconds.
* Risk addressed: identical wall-clock second → non-deterministic ordering → wrong guarantee calculations.

h2. Scope (this QA Story)

* Author and execute *manual* test cases: UI/calculator (where Client Services checks apply) + *database* checks that CREATE_DT / UPDATE_DT (or equivalent column names) reflect *microsecond* changes on successive updates.
* Prepare *test data* and queries to prove: (1) initial insert has fractional part; (2) each update advances UPDATE timestamp with a *different* fractional second when updates occur in quick succession; (3) ordering of dependent calculations matches expected sequence.

h2. Out of scope

* Production deployment (Comet).
* Automated UI suite for TVG (optional follow-up Story unless requested).

h2. Dependencies

* Target environment + schema build containing CST-469 code and DB changes (confirm with Naomi: branch, env, ctl_ins_* objects).
* Table/column list from dev (exact names for audit/create/update columns touched by the fix).

h2. Evidence

* Attach or link: spreadsheet / Ganesh calculator cross-checks if used; SQL output snippets (masked if PII); screenshots of calculator results; Jira comment on CST-469 with “QA Automation validation complete” and link to this QA Story.",,Swapnil Patil,,,6357f972fc0cc7a600ae8914,,,,,,,,,,,,,,,,,,CST-469,,,,,,,,,,,,,,QA Automation,,,,"* [ ] *Manual test pack delivered:* At least *8* manual cases documented (this file §3) — executed or explicitly _Blocked_ with reason and owner.
* [ ] *Microsecond / fractional-second proof:* For agreed audit columns (*CREATE_DT*, *UPDATE_DT* or names from dev), SQL evidence shows:
** [ ] Format/precision includes fractional seconds (e.g. {{FF6}} in {{TO_CHAR}}, or query comparing {{EXTRACT}} from fractional second).
** [ ] *Two rapid successive updates* on the same logical row produce *distinct* {{UPDATE_DT}} values (not identical to second precision only).
* [ ] *Calculator / credits behavior:* At least one *positive* and one *edge* scenario (e.g. tied-second ordering resolved by fractional time or documented tie-break) match *expected* guarantee/credit outcome vs baseline spreadsheet or Naomi’s expected matrix.
* [ ] *CST linkage:* Comment on *CST-469* (or CST-472) with summary + link to this *QA-___* Story; log *Tempo / worklog* on *QA-___* for all time spent.
* [ ] *Test data doc:* §4 test-data recipe stored in Story comment or Confluence/Git link so reruns are reproducible.",,,,,ApprovalsCFValue{approvals=[]},,,,,,,,,,,,,,,,,,,,,,,,,,,,,,,,,,,,,,,,,,,,,,,,,,,{},,,,,,,,,,,,,,,,,,,,,,,,,,,,,,,,,,,,,,,,,,,,,,,,,,,,,,,,,,,,,,,,,,,,,,,,,,,,,,,,,,,,,,,,,,,,,,,,,0|i15w2x:,,,,,,,,,,,,,,,,,,,,,,,,,,,,,,,,,,,,,,,,,,,AMSQUAD Sprint 26.07 5/13-5/27,,,5/13/2026 0:00,,1,,,,,,,,,4821708b-58a1-45f9-93f1-fe52c0da32a7,QA Automation,,,,,,,,,,,,,,,,,,,,,,3_*:*_1_*:*_0_*|*_10409_*:*_1_*:*_23237_*|*_10000_*:*_1_*:*_80961436,,,,,,,,,,,,,,,,,,,,,,,,,,,,,,,,,,,313677,QA-623,Platform Support — AMSQUAD Sprint Q2 26.05 onwards,Done,5/20/2026 17:10
[Stage 1][Regression] Universal Enrollment + sub-bene — mass SQL failures (05/08/2026),QA-821,322067,Bug,Closed,QA,QA Automation,software,Timothy Kaufman,6418909f67102fc717c0b0d8,"{quote}Automation & Performance Testing Center of Excellence 


Tracks test strategy, execution, CI results, risk mitigation, and engineering dashboards.  


Project lead: Swapnil Patil (Functional) | Timothy Kaufman (JIRA Admin){quote}",https://confluence.ascensus.com/pages/viewpage.action?pageId=315559619,Critical,Done,Swapnil Patil,6357f972fc0cc7a600ae8914,Swapnil Patil,6357f972fc0cc7a600ae8914,Swapnil Patil,6357f972fc0cc7a600ae8914,5/8/2026 16:17,7/20/2026 14:46,,5/8/2026 16:23,,AMSQUAD Sprint 26.06,5/12/2026 0:00,0,QA-Board-View,Regression,,,,,"*One-liner:* Nightly/regression UE run hit *SQL exceptions across plans* and *sub-bene* scenarios failed to complete; *pre-fix* evidence in job *14273272936* and folder artifacts below.

----

h2. 2. Description (for JIRA — our source of truth)

h3. What we observed (QA Automation)

* *Run:* V3 regression, *05/08/2026*.
* *Scope:* *Universal Enrollment* flow — failures *not isolated to one plan* (multiple plan codes affected).
* *Enrollment (positive / review steps):* Failures with *SQL exception* behavior during enrollment (automation reports *most UE cases failed*).
* *Sub-bene:* *First-step sub-bene* (and related) scenarios failed — e.g. *page not loading* / flow not completing when following enroll/sub-bene paths (see notes in {{Bug - Enrollment & Sub Seq enrollment issue.txt}}).

h3. Evidence (hard links)

||Artifact||URL||
|*Surefire index*|[https://ascensus-gs.gitlab.io/-/products/depot/qa-automation/prime-test-automation/-/jobs/14273272936/artifacts/unite/unite-universal-enrollment/target/surefire-reports/index.html|https://ascensus-gs.gitlab.io/-/products/depot/qa-automation/prime-test-automation/-/jobs/14273272936/artifacts/unite/unite-universal-enrollment/target/surefire-reports/index.html]|
|*Example — UE positive (NY)*|[https://ascensus-gs.gitlab.io/-/products/depot/qa-automation/prime-test-automation/-/jobs/14273272936/artifacts/unite/unite-universal-enrollment/target/surefire-reports/nyd.20260508001800624.UniversalEnrollmentPositive.feature_html_chrome_failedresult.html|https://ascensus-gs.gitlab.io/-/products/depot/qa-automation/prime-test-automation/-/jobs/14273272936/artifacts/unite/unite-universal-enrollment/target/surefire-reports/nyd.20260508001800624.UniversalEnrollmentPositive.feature_html_chrome_failedresult.html]|
|*Example — sub-bene (NJ)*|[https://ascensus-gs.gitlab.io/-/products/depot/qa-automation/prime-test-automation/-/jobs/14273272936/artifacts/unite/unite-universal-enrollment/target/surefire-reports/njd.20260508031908800.UniversalEnrollmentFirstStepSubBene.feature_html_chrome_failedresult.html|https://ascensus-gs.gitlab.io/-/products/depot/qa-automation/prime-test-automation/-/jobs/14273272936/artifacts/unite/unite-universal-enrollment/target/surefire-reports/njd.20260508031908800.UniversalEnrollmentFirstStepSubBene.feature_html_chrome_failedresult.html]|

h3. Related product tickets (reference only)

* *ODY-2518* / *ODY-2519* were raised in *Teams* for similar *Stage 1* symptoms. *We do not rely on those tickets for our record* (thin description / not cloneable for our process). Link them in JIRA only under *“See also”* if required.

!image (2).png|width=671,alt=""image (2).png""!

!image (1).png|width=671,alt=""image (1).png""!

!image (3).png|width=671,alt=""image (3).png""!

!image-20260508-090654.png|width=671,alt=""image-20260508-090654.png""!

!image.png|width=671,alt=""image.png""!",Stage 1,Swapnil Patil,,,6357f972fc0cc7a600ae8914,,,43200,0,,0%,43200,0,,,,,,,,,,,,,DEVOPS-8494,,,,,,08/May/26 4:17 PM;6357f972fc0cc7a600ae8914;image (1).png;https://ascensuscollegesavings.atlassian.net/rest/api/3/attachment/content/91208,08/May/26 4:17 PM;6357f972fc0cc7a600ae8914;image (2).png;https://ascensuscollegesavings.atlassian.net/rest/api/3/attachment/content/91210,08/May/26 4:17 PM;6357f972fc0cc7a600ae8914;image (3).png;https://ascensuscollegesavings.atlassian.net/rest/api/3/attachment/content/91207,08/May/26 4:17 PM;6357f972fc0cc7a600ae8914;image-20260508-090654.png;https://ascensuscollegesavings.atlassian.net/rest/api/3/attachment/content/91209,08/May/26 4:17 PM;6357f972fc0cc7a600ae8914;image.png;https://ascensuscollegesavings.atlassian.net/rest/api/3/attachment/content/91211,,,,,,,,,,ApprovalsCFValue{approvals=[]},,,,,,,,,,,,,,,,,,,,,,,,,,,,,,,,,,,,,,,High,,,,,,,,,,,,{},,,,,,,,,,,,,,,,,,,,,,,,,,,,,,,,,,,,,,,,,,,,,,,,,,,,,,,,,,,,,,,,,,,,,,,,,,,,,,,,,,,,,,,,,,,,,,,,,0|i160ax:,,,,,,,,,,,,,,,,,,,,,,"Draft hypothesis from engineering thread: missed PR_107560 (metrics / “total balance” proc, EWW-330) on Stage 1 → semantic validation path threw SQL errors, affecting UE and sub-bene. ",Design Incomplete,,,,,,,,,,,,,,,,,,,,AMSQUAD Sprint 26.06 4/29-5/12,,,,,,,,,,,,,,4821708b-58a1-45f9-93f1-fe52c0da32a7,QA Automation,,,,,,,,,,,,,,,,,,,,,,1_*:*_1_*:*_13904_*|*_3_*:*_1_*:*_193393_*|*_11560_*:*_1_*:*_0_*|*_11550_*:*_1_*:*_2529,,,,,,,,,,,,,,,,,,,,,,,,,,,,,,,,,,,225845,QA-3,"Update regression test plan for Unite, Universal",Done,5/8/2026 16:23
[V3][Stage 5][Unite] Integrate Stage 5 smoke into pipeline — schedule + on-demand + docs,QA-777,320371,Story,Done,QA,QA Automation,software,Timothy Kaufman,6418909f67102fc717c0b0d8,"{quote}Automation & Performance Testing Center of Excellence 


Tracks test strategy, execution, CI results, risk mitigation, and engineering dashboards.  


Project lead: Swapnil Patil (Functional) | Timothy Kaufman (JIRA Admin){quote}",https://confluence.ascensus.com/pages/viewpage.action?pageId=315559619,Low,Done,Swapnil Patil,6357f972fc0cc7a600ae8914,Swapnil Patil,6357f972fc0cc7a600ae8914,Swapnil Patil,6357f972fc0cc7a600ae8914,5/4/2026 8:43,5/12/2026 16:51,,5/12/2026 16:51,,AMSQUAD Sprint 26.06,5/12/2026 0:00,0,QA-Board-View,Regression,,,,,,,Swapnil Patil,,,6357f972fc0cc7a600ae8914,,,,,,,,,,,,,,,,,,,,,,,,,,,,,,,,QA Automation,,,,"{noformat}Scenario: On demand
  Given a pipeline operator
  When they trigger the Stage 5 smoke job
  Then the job runs and publishes artifacts

Scenario: Scheduled
  Given the agreed cron or GitLab schedule
  When the schedule fires
  Then the job runs with retained artifacts

Scenario: Triage
  Given a failure
  When triage occurs
  Then assignee follows team failure template (link in Story comment)
{noformat}",,,,,ApprovalsCFValue{approvals=[]},,,,,,,,,,,,,,,,,,,,,,,,,,,,,,,,,,,,,,,,,,,,,,,,,,,{},,,,,,,,,,,,,,,,,,,,,,,,,,,,,,,,,,,,,,,,,,,,,,,,,,,,,,,,,,,,,,,,,,,,,,,,,,,,,,,,,,,,,,,,,,,,,,,,,0|i127i3:099,,,,,,,,,,,,,,,,,,,,,,,,,,,,,,,,,,,,,,,,,,,AMSQUAD Sprint 26.06 4/29-5/12,,,5/6/2026 0:00,,2,,,,,,,,,4821708b-58a1-45f9-93f1-fe52c0da32a7,QA Automation,,,,,,,,,,,,,,,,,,,,,,10415_*:*_1_*:*_88905286_*|*_3_*:*_1_*:*_0_*|*_10409_*:*_1_*:*_19388_*|*_10000_*:*_1_*:*_121477254,,,,,,,,,,,,,,,,,,,,,,,,,,,,,,,,,,,316307,QA-706,Stage 5 Smoke Test Suite,Done,5/12/2026 16:51
[V3][Stage 5][UE] Integrate Stage 5 smoke into pipeline — schedule + on-demand + docs,QA-773,320367,Story,Done,QA,QA Automation,software,Timothy Kaufman,6418909f67102fc717c0b0d8,"{quote}Automation & Performance Testing Center of Excellence 


Tracks test strategy, execution, CI results, risk mitigation, and engineering dashboards.  


Project lead: Swapnil Patil (Functional) | Timothy Kaufman (JIRA Admin){quote}",https://confluence.ascensus.com/pages/viewpage.action?pageId=315559619,Low,Done,Swapnil Patil,6357f972fc0cc7a600ae8914,Swapnil Patil,6357f972fc0cc7a600ae8914,Swapnil Patil,6357f972fc0cc7a600ae8914,5/4/2026 8:42,5/8/2026 16:24,,5/8/2026 16:24,,AMSQUAD Sprint 26.06,5/8/2026 0:00,0,QA-Board-View,Regression,,,,,,,Swapnil Patil,,,6357f972fc0cc7a600ae8914,,,,,,,,,,,,,,,,,,,,,,,,,,,,,,,,QA Automation,,,,"{noformat}Scenario: On demand
  Given a pipeline operator
  When they trigger the Stage 5 smoke job
  Then the job runs and publishes artifacts

Scenario: Scheduled
  Given the agreed cron or GitLab schedule
  When the schedule fires
  Then the job runs with retained artifacts

Scenario: Triage
  Given a failure
  When triage occurs
  Then assignee follows team failure template (link in Story comment)
{noformat}",,,,,ApprovalsCFValue{approvals=[]},,,,,,,,,,,,,,,,,,,,,,,,,,,,,,,,,,,,,,,,,,,,,,,,,,,{},,,,,,,,,,,,,,,,,,,,,,,,,,,,,,,,,,,,,,,,,,,,,,,,,,,,,,,,,,,,,,,,,,,,,,,,,,,,,,,,,,,,,,,,,,,,,,,,,0|i127i3:08i,,,,,,,,,,,,,,,,,,,,,,,,,,,,,,,,,,,,,,,,,,,AMSQUAD Sprint 26.06 4/29-5/12,,,5/6/2026 0:00,,2,,,,,,,,,4821708b-58a1-45f9-93f1-fe52c0da32a7,QA Automation,,,,,,,,,,,,,,,,,,,,,,10415_*:*_1_*:*_203300027_*|*_3_*:*_1_*:*_162814243_*|*_10409_*:*_1_*:*_22712_*|*_10000_*:*_1_*:*_7128271_*|*_10420_*:*_1_*:*_0,,,,,,,,,,,,,,,,,,,,,,,,,,,,,,,,,,,316307,QA-706,Stage 5 Smoke Test Suite,Done,5/8/2026 16:24
[V2/V3][Daily][Platform Support] Daily regression review & triage — V2 + V3 (Q2 26.06+),QA-765,320359,Story,Done,QA,QA Automation,software,Timothy Kaufman,6418909f67102fc717c0b0d8,"{quote}Automation & Performance Testing Center of Excellence 


Tracks test strategy, execution, CI results, risk mitigation, and engineering dashboards.  


Project lead: Swapnil Patil (Functional) | Timothy Kaufman (JIRA Admin){quote}",https://confluence.ascensus.com/pages/viewpage.action?pageId=315559619,Low,Done,Swapnil Patil,6357f972fc0cc7a600ae8914,Swapnil Patil,6357f972fc0cc7a600ae8914,Swapnil Patil,6357f972fc0cc7a600ae8914,5/4/2026 8:39,6/1/2026 10:46,,5/8/2026 16:31,,AMSQUAD Sprint 26.06,5/8/2026 0:00,0,AutomatedTesting,QA-Board-View,Regression,Regression_Testing,,,"Every business day at *7:30 AM* (local to offshore), perform a *daily health check* of the *Prime V2* and *Prime V3* regression jobs that finished overnight.
Tasks include: review *qTest* executions and *TestNG* reports, scan failures *by module*, reproduce locally or run a focused re-execution to confirm legitimacy, and communicate results.

* *If all green:* post a short status update to the team channel.
* *If failures:* email the Project Lead (Swapnil) following the bug-handling guidelines with the required evidence (plan, module, test case(s), exception, logs/screenshots, links). Swapnil will open/route defects.

*Goal:* Provide a reliable, single source of truth each morning on regression health (V2 + V3), with actionable failure details.

*Linked Docs:*

* *Bug Handling Process:* [https://confluence.ascensus.com/pages/viewpage.action?pageId=326751557|https://confluence.ascensus.com/pages/viewpage.action?pageId=326751557]
* *TestNG (V2) Report Index:* [http://seleniumhubnt2:8081/reports/unite/?C=M;O=D|http://seleniumhubnt2:8081/reports/unite/?C=M;O=D]
* *V3 Pipelines (TestNG inside job artifacts):* [https://gitlab.com/ascensus-gs/products/depot/qa-automation/prime-test-automation/-/pipeline_schedules|https://gitlab.com/ascensus-gs/products/depot/qa-automation/prime-test-automation/-/pipeline_schedules]
* *qTest Portal (Project 90985):* [https://ascensus.qtestnet.com/p/90985/portal/project#tab=testexecution|https://ascensus.qtestnet.com/p/90985/portal/project#tab=testexecution]



h2. Reporting Templates (copy/paste)

h3. A) Teams/Slack – *All Green*

{noformat}
Prime Version2
	stage1-acct-overview: <Pass/Fail> | Reason/Comment: <failures due to falkiness, so all look good>
	stage1-contributions: <Pass/Fail> | Reason/Comment: <failures due to falkiness, so all look good>
	stage1-csr-acct-main: <Pass/Fail> | Reason/Comment: <failures due to falkiness, so all look good>
	stage1-enrollments	: <Pass/Fail> | Reason/Comment: <failures due to falkiness, so all look good>
	stage1-sardine-regre: <Pass/Fail> | Reason/Comment: <failures due to falkiness, so all look good>
	stage1-web-login	: <Pass/Fail> | Reason/Comment: <failures due to falkiness, so all look good>
	stage1-web-registrat: <Pass/Fail> | Reason/Comment: <failures due to falkiness, so all look good>
	stage1-withdrawals	: <Pass/Fail> | Reason/Comment: <failures due to falkiness, so all look good>

Prime Version 3
	universal-enrollment-stage1	: <Pass/Fail> | Reason/Comment: <failures due to falkiness, so all look good>
	idp-login-stage1			: <Pass/Fail> | Reason/Comment: <failures due to falkiness, so all look good>
    Unite						: <Pass/Fail> | Reason/Comment: <failures due to falkiness, so all look good>

Overall Comment/Note: 
{noformat}

h3. B) Teams/Slack – *With Failures (pending confirmation)*

{noformat}⚠️Daily Regression: 

Prime Version2
	Module: stage1-acct-overview
	Plan: 
	Report Link:
	Exception Link:
	Screenshot link:
	Reason for failure: 

Prime Version 3
	Module: stage1-acct-overview
	Plan: 
	Report Link:
	Exception Link:
	Screenshot link:
	Reason for failure: 

Overall Comment/Note: 

Action: Reproducing locally to confirm. Will email details if legit.{noformat}",,Swapnil Patil,,,6357f972fc0cc7a600ae8914,,,,,,,,,,,,,,,,,,,,,,,,,,,,,,,,QA Automation,,,,"* A triage pass is completed *every business day at 7:30 AM* for *both V2 and V3*.
* Each module (Login, Web Reg, Enrollment, Contributions, Withdrawals, Profile/Acct Maint., Balance, Entity if present) is reviewed in the TestNG/qTest results.
* Any *failure* is verified by *local rerun or targeted re-execution*; false alarms are filtered out.
* Communication is sent:
** *Pass:* concise Teams/Slack message with run IDs and pass rate.
** *Fail:* *email* to PL with all required fields (see template below).
* A daily *comment* is added to this story (or subtask) with the outcome + links.
* Time is *logged* (actual time spent) to this story/subtasks.",,,,,ApprovalsCFValue{approvals=[]},,,,,,,,,,,,,,,,,,,,,,,,,,,,,,,,,,,,,,,,,,,,,,,,,,,{},,,,,,,,,,,,,,,,,,,,,,,,,,,,,,,,,,,,,,,,,,,,,,,,,,,,,,,,,,,,,,,,,,,,,,All 529 Plans,All ABLE Plans,,,,,,,,,,,,,,,,,,,,,,,,,,0|i1609e:i,,,,,,,,,,,,,,,,,,,,,,,,,,,,,,,,,,,,,,,,,,,AMSQUAD Sprint 26.06 4/29-5/12,,,5/4/2026 0:00,,3,,,,,,,,,,,,,,,,,,,,,,,,,,,,,,,,3_*:*_1_*:*_366093611_*|*_10409_*:*_1_*:*_30623_*|*_10000_*:*_1_*:*_7330937_*|*_10001_*:*_1_*:*_22171_*|*_11552_*:*_1_*:*_0,,,,,,,,,,,,,,,,,,,,,,,,,,,,,,,,,,,313677,QA-623,Platform Support — AMSQUAD Sprint Q2 26.05 onwards,Done,5/8/2026 16:31
"[Platform Support] Release Support, Tech meetings & engineering alignment (Q2 26.06+)",QA-763,320356,Story,Done,QA,QA Automation,software,Timothy Kaufman,6418909f67102fc717c0b0d8,"{quote}Automation & Performance Testing Center of Excellence 


Tracks test strategy, execution, CI results, risk mitigation, and engineering dashboards.  


Project lead: Swapnil Patil (Functional) | Timothy Kaufman (JIRA Admin){quote}",https://confluence.ascensus.com/pages/viewpage.action?pageId=315559619,Low,Done,Swapnil Patil,6357f972fc0cc7a600ae8914,Swapnil Patil,6357f972fc0cc7a600ae8914,Swapnil Patil,6357f972fc0cc7a600ae8914,5/4/2026 8:36,6/1/2026 10:41,,5/12/2026 16:54,,AMSQUAD Sprint 26.06,5/12/2026 0:00,0,PlatformSupport,QA-Board-View,Regression,,,,"Here’s a tightened, more uniform version you can paste in:

{noformat}h2. Purpose
Provide capacity for **tech chapter**, **program**, **architecture**, **security**, and **release readiness** forums where AMSQUAD represents automation/regression concerns that are **not tied to a single feature Epic**.

h2. Scope
* Attend agreed recurring forums.
* Capture action items impacting **automation**, **test data**, or **pipelines**.
* Follow up on or delegate those actions and update this Story accordingly.

h2. Out of scope
* Acting as SM/PO for decisions — provides *input only* unless explicitly delegated.{noformat}

Acceptance criteria (clean copy):

{noformat}* ( ) Recurring meetings are listed in the Story **description** or first comment (name + frequency).
* ( ) For each in-scope sprint: **minutes** or **3–5 outcome bullets** are added as a Story comment (including actions + owners).
* ( ) Automation-relevant decisions are linked to the corresponding feature Stories or Epics where applicable.{noformat}

If you’d like, I can also rewrite this in strict Jira “Given/When/Then” style, or tune the wording for a specific team/template.",,Swapnil Patil,,,6357f972fc0cc7a600ae8914,,,,,,,,,,,,,,,,,,,,,,,,,,,,,,,,,,,,,,,,,ApprovalsCFValue{approvals=[]},,,,,,,,,,,,,,,,,,,,,,,,,,,,,,,,,,,,,,,,,,,,,,,,,,,{},,,,,,,,,,,,,,,,,,,,,,,,,,,,,,,,,,,,,,,,,,,,,,,,,,,,,,,,,,,,,,,,,,,,,,,,,,,,,,,,,,,,,,,,,,,,,,,,,0|i160au:4,,,,,,,,,,,,,,,,,,,,,,,,,,,,,,,,,,,,,,,,,,,AMSQUAD Sprint 26.06 4/29-5/12,,,5/12/2026 0:00,,1,,,,,,,,,,,,,,,,,,,,,,,,,,,,,,,,3_*:*_1_*:*_4652_*|*_10409_*:*_2_*:*_837822_*|*_10000_*:*_2_*:*_698801865_*|*_10001_*:*_1_*:*_11538_*|*_11552_*:*_1_*:*_0,,,,,,,,,,,,,,,,,,,,,,,,,,,,,,,,,,,313677,QA-623,Platform Support — AMSQUAD Sprint Q2 26.05 onwards,Done,5/12/2026 16:54
"[Platform Support] KT, onboarding & tooling/environment setup (Q2 26.06+)",QA-760,320353,Story,Done,QA,QA Automation,software,Timothy Kaufman,6418909f67102fc717c0b0d8,"{quote}Automation & Performance Testing Center of Excellence 


Tracks test strategy, execution, CI results, risk mitigation, and engineering dashboards.  


Project lead: Swapnil Patil (Functional) | Timothy Kaufman (JIRA Admin){quote}",https://confluence.ascensus.com/pages/viewpage.action?pageId=315559619,Low,Done,Swapnil Patil,6357f972fc0cc7a600ae8914,Swapnil Patil,6357f972fc0cc7a600ae8914,Swapnil Patil,6357f972fc0cc7a600ae8914,5/4/2026 8:35,6/1/2026 10:42,,5/12/2026 16:52,,AMSQUAD Sprint 26.06,5/12/2026 0:00,0,PlatformSupport,QA-Board-View,Regression,,,,"Purpose
Reserve time for *DevOps alignment*: triaging job failures due to _infrastructure_, agent pools, secrets rotation, artifact retention, and GitLab/Jenkins configuration questions — without owning product feature delivery.

Scope

* Triage pipeline-as-platform issues; raise tickets to platform/DevOps teams; verify after fixes are deployed.
* Document job names, configurations, and links in the squad knowledge base when they change.

*Acceptance criteria* 

{noformat}* ( ) Pipeline/infra issues are **documented** with job URL + error snippet in a comment or linked Task.
* ( ) **Resolution** or **handoff** is clearly noted when the issue is not owned by QA Automation code.
* ( ) No **Story points** are assigned; effort is tracked via **work log** only.{noformat}",,Swapnil Patil,,,6357f972fc0cc7a600ae8914,,,,,,,,,,,,,,,,,,,,,,,,,,,,,,,,QA Automation,,,,,,,,,ApprovalsCFValue{approvals=[]},,,,,,,,,,,,,,,,,,,,,,,,,,,,,,,,,,,,,,,,,,,,,,,,,,,{},,,,,,,,,,,,,,,,,,,,,,,,,,,,,,,,,,,,,,,,,,,,,,,,,,,,,,,,,,,,,,,,,,,,,,,,,,,,,,,,,,,,,,,,,,,,,,,,,0|i160au:9,,,,,,,,,,,,,,,,,,,,,,,,,,,,,,,,,,,,,,,,,,,AMSQUAD Sprint 26.06 4/29-5/12,,,5/12/2026 0:00,,1,,,,,,,,,4821708b-58a1-45f9-93f1-fe52c0da32a7,QA Automation,,,,,,,,,,,,,,,,,,,,,,3_*:*_1_*:*_2484_*|*_10409_*:*_1_*:*_17225_*|*_10000_*:*_1_*:*_699707914_*|*_11552_*:*_1_*:*_0,,,,,,,,,,,,,,,,,,,,,,,,,,,,,,,,,,,313677,QA-623,Platform Support — AMSQUAD Sprint Q2 26.05 onwards,Done,5/12/2026 16:52
"[Platform Support] Jira, qTest & KB hygiene — squad governance (Q2 26.06+)",QA-759,320351,Task,Done,QA,QA Automation,software,Timothy Kaufman,6418909f67102fc717c0b0d8,"{quote}Automation & Performance Testing Center of Excellence 


Tracks test strategy, execution, CI results, risk mitigation, and engineering dashboards.  


Project lead: Swapnil Patil (Functional) | Timothy Kaufman (JIRA Admin){quote}",https://confluence.ascensus.com/pages/viewpage.action?pageId=315559619,Low,Done,Swapnil Patil,6357f972fc0cc7a600ae8914,Swapnil Patil,6357f972fc0cc7a600ae8914,Swapnil Patil,6357f972fc0cc7a600ae8914,5/4/2026 8:34,6/1/2026 10:42,,5/12/2026 16:52,,AMSQUAD Sprint 26.06,5/12/2026 0:00,0,PlatformSupport,QA-Board-View,Regression,,,,"Purpose
Keep *boards*, *filters*, *Epic links*, and *documentation* aligned with {{docs/jira-governance}} practices: stale Story cleanup, duplicate keys, export refresh ({{Platform-support-jira-export.csv}}).

Cadence

* Bi-weekly or end-of-sprint — agree with SM.",,Swapnil Patil,,,6357f972fc0cc7a600ae8914,,,,,,,,,,,,,,,,,,,,,,,,,,,,,,,,QA Automation,,,,,,,,,ApprovalsCFValue{approvals=[]},,,,,,,,,,,,,,,,,,,,,,,,,,,,,,,,,,,,,,,,,,,,,,,,,,,{},,,,,,,,,,,,,,,,,,,,,,,,,,,,,,,,,,,,,,,,,,,,,,,,,,,,,,,,,,,,,,,,,,,,,,,,,,,,,,,,,,,,,,,,,,,,,,,,,0|i160au:i,,,,,,,,,,,,,,,,,,,,,,,,,,,,,,,,,,,,,,,,,,,AMSQUAD Sprint 26.06 4/29-5/12,,,5/12/2026 0:00,,1,,,,,,,,,4821708b-58a1-45f9-93f1-fe52c0da32a7,QA Automation,,,,,,,,,,,,,,,,,,,,,,3_*:*_1_*:*_2610_*|*_10409_*:*_1_*:*_17650_*|*_10000_*:*_1_*:*_699782080_*|*_11552_*:*_1_*:*_0,,,,,,,,,,,,,,,,,,,,,,,,,,,,,,,,,,,313677,QA-623,Platform Support — AMSQUAD Sprint Q2 26.05 onwards,Done,5/12/2026 16:52
[V3][Daily-Regression][Flaky] Harden nightly suite — reduce intermittent failures,QA-751,319824,Story,Done,QA,QA Automation,software,Timothy Kaufman,6418909f67102fc717c0b0d8,"{quote}Automation & Performance Testing Center of Excellence 


Tracks test strategy, execution, CI results, risk mitigation, and engineering dashboards.  


Project lead: Swapnil Patil (Functional) | Timothy Kaufman (JIRA Admin){quote}",https://confluence.ascensus.com/pages/viewpage.action?pageId=315559619,Low,Done,Swapnil Patil,6357f972fc0cc7a600ae8914,Swapnil Patil,6357f972fc0cc7a600ae8914,Swapnil Patil,6357f972fc0cc7a600ae8914,5/1/2026 14:55,5/6/2026 18:41,,5/6/2026 18:41,,AMSQUAD Sprint 26.06,5/6/2026 0:00,0,QA-Board-View,Regression,,,,,"We need a focused effort to *stabilize the Unite/Prime nightly regression suite* so results are *consistent, trustworthy, and reproducible* in CI (remote nightly), not only on local machines.

Recent failures cluster into three themes:

# *Plan / auth model drift (IDP vs Non-IDP)*
Several plans (e.g. *MID*, *KSD*, and others) were moved or configured differently between *Non-IDP* and *IDP* behavior. Automation still assumes the old model (URLs, tags, suite XML grouping, or properties), which causes *wrong entry points or login flows* and *false failures* in regression.
# *Local pass vs nightly (remote) fail*
Some scenarios *pass locally* but *fail on the remote nightly job*. This indicates *environment, data, timing, parallelism, or configuration drift* rather than pure product defects. We have done *R&D* to narrow causes; we need *tracked fixes* so the same scenarios *pass in remote nightly* with clear evidence (logs, reports).
# *Flaky failures (timing / synchronization)*
A subset of failures is *intermittent*, often tied to *missing or insufficient waits*, dynamic UI, or async backend updates. We need *deterministic synchronization* (appropriate waits, stable locators, post-condition checks) without masking real defects.",,Swapnil Patil,,,6357f972fc0cc7a600ae8914,,,,,,,,,,,,,,,,,,,,,,,,,,,,,,,,,,,,"# *IDP / Non-IDP alignment*
#* Inventory of affected plans (MID, KSD, …) and their *expected* auth model is documented in the story or linked Confluence note.
#* Automation updated (properties / suite XML / tags / URLs) so nightly runs use the *correct* model.
#* At least *one green nightly* run demonstrates the fix for the updated plans (attach Jenkins + TestNG link).
# *Remote parity*
#* For each addressed “local pass / nightly fail” scenario, *root cause category* is recorded (config, data, timing, infra).
#* Fix applied and verified with *remote nightly success* (not only local).
#* Evidence: Jenkins build URL + failure step no longer reproducing.
# *Flaky reduction*
#* Identified flaky scenarios have *targeted synchronization* (e.g. explicit wait for element/state, stable post-condition).
#* *No new* broad {{sleep}} anti-patterns unless justified and documented.
#* Where still flaky after fix, item is *split* to a follow-up with metrics (pass rate over N runs).
# *Documentation*
#* Short “how to run like nightly locally” note (properties + command + tags) linked from story or README snippet.",,,,,ApprovalsCFValue{approvals=[]},,,,,,,,,,,,,,,,,,,,,,,,,,,,,,,,,,,,,,,,,,,,,,,,,,,{},,,,,,,,,,,,,,,,,,,,,,,,,,,,,,,,,,,,,,,,,,,,,,,,,,,,,,,,,,,,,,,,,,,,,,,,,,,,,,,,,,,,,,,,,,,,,,,,,0|i127i3:0c,,,,,,,,,,,,,,,,,,,,,,,,,,,,,,,,,,,,,,,,,,,AMSQUAD Sprint 26.06 4/29-5/12,,,5/4/2026 0:00,,2,,,,,,,,,,,,,,,,,,,,,,,,,,,,,,,,3_*:*_1_*:*_114359989_*|*_10409_*:*_1_*:*_21288_*|*_10000_*:*_1_*:*_243950049_*|*_10420_*:*_1_*:*_0,,,,,,,,,,,,,,,,,,,,,,,,,,,,,,,,,,,225845,QA-3,"Update regression test plan for Unite, Universal",Done,5/6/2026 18:41
"[V3][Stage 5][Unite] CAT/Stage 5 smoke suite for Unite project — composition, tags, pass criteria",QA-723,318507,Story,Done,QA,QA Automation,software,Timothy Kaufman,6418909f67102fc717c0b0d8,"{quote}Automation & Performance Testing Center of Excellence 


Tracks test strategy, execution, CI results, risk mitigation, and engineering dashboards.  


Project lead: Swapnil Patil (Functional) | Timothy Kaufman (JIRA Admin){quote}",https://confluence.ascensus.com/pages/viewpage.action?pageId=315559619,Low,Done,Swapnil Patil,6357f972fc0cc7a600ae8914,Swapnil Patil,6357f972fc0cc7a600ae8914,Swapnil Patil,6357f972fc0cc7a600ae8914,4/28/2026 18:21,5/8/2026 16:24,,5/8/2026 16:24,,AMSQUAD Sprint 26.05,5/8/2026 0:00,0,QA-Board-View,Regression,,,,,"* *I want* a *defined Stage 5 smoke* suite for *V2*
* *So that* CAT/Stage 5 validation is repeatable before deeper regression

*Scope*

* *Stack:* V2. *Portal:* KB backlog *QA-S-PLAT-002* says “V2 CSR + V3 IDP/UE smoke” for CAT/Stage 5 — *for this Story restrict documented scope to V2 portion* unless leadership extends .",,Swapnil Patil,,,6357f972fc0cc7a600ae8914,,,,,,,,,,,,,,,,,,,,,,,,,,,,,,,,QA Automation,,,,"{noformat}Scenario: Suite composition documented
  Given Stage 5 smoke is defined
  When documented in Story or linked Confluence
  Then in-scope modules flows tags and minimum pass rules are listed

Scenario: Runnable
  Given Stage 5 credentials and config
  When the smoke command job is executed
  Then the suite completes with published report artifact{noformat}",,,,,ApprovalsCFValue{approvals=[]},,,,,,,,,,,,,,,,,,,,,,,,,,,,,,,,,,,,,,,,,,,,,,,,,,,{},,,,,,,,,,,,,,,,,,,,,,,,,,,,,,,,,,,,,,,,,,,,,,,,,,,,,,,,,,,,,,,,,,,,,,,,,,,,,,,,,,,,,,,,,,,,,,,,,0|i127i3:09,,,,,,,,,,,,,,,,,,,,,,,,,,,,,,,,,,,,,,,,,,,AMSQUAD Sprint 26.06 4/29-5/12,,,5/5/2026 0:00,,3,,,,,,,,,4821708b-58a1-45f9-93f1-fe52c0da32a7,QA Automation,,,,,,,,,,,,,,,,,,,,,,10415_*:*_1_*:*_114384923_*|*_3_*:*_1_*:*_251733393_*|*_10409_*:*_1_*:*_34562_*|*_10000_*:*_1_*:*_490761291_*|*_10420_*:*_1_*:*_0,,,,,,,,,,,,,,,,,,,,,,,,,,,,,,,,,,,316307,QA-706,Stage 5 Smoke Test Suite,Done,5/8/2026 16:24
Stage 1 outage (04/27): Oracle UIIS01 down + CSR https://csr.stage1.acs529.com/csrauthtpl/csr/uiiHome.do unavailable — automation not run,QA-715,317838,Bug,Closed,QA,QA Automation,software,Timothy Kaufman,6418909f67102fc717c0b0d8,"{quote}Automation & Performance Testing Center of Excellence 


Tracks test strategy, execution, CI results, risk mitigation, and engineering dashboards.  


Project lead: Swapnil Patil (Functional) | Timothy Kaufman (JIRA Admin){quote}",https://confluence.ascensus.com/pages/viewpage.action?pageId=315559619,Critical,Done,Swapnil Patil,6357f972fc0cc7a600ae8914,Swapnil Patil,6357f972fc0cc7a600ae8914,Swapnil Patil,6357f972fc0cc7a600ae8914,4/27/2026 8:46,4/27/2026 9:50,,4/27/2026 9:50,,AMSQUAD Sprint 26.05,4/29/2026 0:00,0,QA-Board-View,Regression,,,,,"*Impact*  

* *QA automation* did *not* run on *2026-04-27* — blocked.  
* *CSR Stage 1* UI not available at the URL below.  
* *Oracle Stage 1* instance *UIIS01* reported *down* (blocks DB-backed tests and CSR).

*Environment*  

* *Stage 1*  
* *DB:* UIIS01  
* *CSR:* [https://csr.stage1.acs529.com/csrauthtpl/csr/uiiHome.do|https://csr.stage1.acs529.com/csrauthtpl/csr/uiiHome.do]

*Request*
Confirm *maintenance window*, *incident ticket*, or *rollback* plan; provide *ETA* for UIIS01 and CSR.

h3. Steps to reproduce

# Connect to Stage 1 Oracle *UIIS01* (or run any automation job that uses it).
# Browse CSR URL above.

h3. Expected result

UIIS01 accepts connections; CSR home loads; automation can execute.

h3. Actual result

UIIS01 *down* / unreachable; CSR URL *down*; automation *skipped* for the day.

h3. Environment

*Stage 1* — *2026-04-27*

h3. Priority / severity

*Critical / P1* — Stage 1 DB + CSR down; org-wide Stage 1 QA blocked.

h3. Attachments / links

* *CSR URL:* [https://csr.stage1.acs529.com/csrauthtpl/csr/uiiHome.do|https://csr.stage1.acs529.com/csrauthtpl/csr/uiiHome.do]  
* *Local folder:* {{10_IMPORTS_RAW/regression_reports/04272026/}}  
** {{image.png}}, {{image (1).png}}, {{image (2).png}}, {{image (3).png}} — screenshots / errors
* *Add:* DBA / infra ticket link, Splunk, Oracle alert ID when known.

h3. Test data

N/A — environment outage.",stage 1,Swapnil Patil,,,6357f972fc0cc7a600ae8914,,,43200,0,,0%,43200,0,,,,,,,,,,,,,,,,,,,,,,,,,,,,,,,,,ApprovalsCFValue{approvals=[]},,,,,,,,,,,,,,,,,,,,,,,,,,,,,,,,,,,,,,,Blocker,,,,,,,,,,,,{},,,,,,,,,,,,,,,,,,,,,,,,,,,,,,,,,,,,,,,,,,,,,,,,,,,,,,,,,,,,,,,,,,,,,,,,,,,,,,,,,,,,,,,,,,,,,,,,,0|i15jpd:wr,,,,,,,,,,,,,,,,,,,,,,"What happened: UIIS01 (and related Stage 1 stack) and CSR were unavailable during 2026-04-27; automation did not run.

Root cause: Planned Stage 1 refresh / maintenance, not an application bug. Teams confirmation: Stage 1 refresh was done over the weekend; align to RT Re: AGS #511448 — refresh UIIS01, JTUS01, REPTS01 (schedule included Sat 4/25 DBA refresh / restricted mode, Mon 4/27 Ops cleanup, Mon 4/27 ~11 AM DBA rebuild GG and lift restrictions, Mon afternoon ETL restore per request thread).

Resolution: Treat as expected downtime during refresh window; no code fix required for QA-715. Resume automation once Ops/DBA confirm Stage 1 healthy per RT.",Infrastructure Related,,,,,,,,,,,,,,,,,,,,AMSQUAD Sprint 26.05 4/15-4/28,,,,,,,,,,,,,,4821708b-58a1-45f9-93f1-fe52c0da32a7,QA Automation,,,,,,,,,,,,,,,,,,,,,,1_*:*_1_*:*_213395_*|*_3_*:*_1_*:*_18187_*|*_11560_*:*_1_*:*_0_*|*_11550_*:*_1_*:*_3563425,,,,,,,,,,,,,,,,,,,,,,,,,,,,,,,,,,,313677,QA-623,Platform Support — AMSQUAD Sprint Q2 26.05 onwards,Done,4/27/2026 9:50
Stage 1 (04/24): recurrence of multi-area failures (IDP / legacy login / legacy web reg) — same pattern as QA-708; verify TLS/SSL vs code,QA-712,317217,Bug,Closed,QA,QA Automation,software,Timothy Kaufman,6418909f67102fc717c0b0d8,"{quote}Automation & Performance Testing Center of Excellence 


Tracks test strategy, execution, CI results, risk mitigation, and engineering dashboards.  


Project lead: Swapnil Patil (Functional) | Timothy Kaufman (JIRA Admin){quote}",https://confluence.ascensus.com/pages/viewpage.action?pageId=315559619,Critical,Done,Swapnil Patil,6357f972fc0cc7a600ae8914,Swapnil Patil,6357f972fc0cc7a600ae8914,Swapnil Patil,6357f972fc0cc7a600ae8914,4/24/2026 8:15,4/24/2026 11:55,,4/24/2026 11:55,,AMSQUAD Sprint 26.05,4/28/2026 0:00,0,PlatformSupport,QA-Board-View,Regression,,,,"Automation / manual checks show *repeat failures* in Stage 1 in the same *surface areas* as *2026-04-22* ([QA-708|https://ascensuscollegesavings.atlassian.net/browse/QA-708]): *IDP* (evidence: *NMD* screenshot in KB folder), *legacy web login* (*OKD*), *legacy web registration* (*RID*). Prior RCA was *TLS handshake* ({{SSLException: Received fatal alert: protocol_version}}), not enrollment feature code.

Report Links

* V2: [http://seleniumhubnt2:8081/reports/unite/20260424/|http://seleniumhubnt2:8081/reports/unite/20260424/]
* V3 Unite:[https://ascensus-gs.gitlab.io/-/products/depot/qa-automation/prime-test-automation/-/jobs/14070494997/artifacts/unite/unite/target/surefire-reports/index.html#|https://ascensus-gs.gitlab.io/-/products/depot/qa-automation/prime-test-automation/-/jobs/14070494997/artifacts/unite/unite/target/surefire-reports/index.html#]
* V3: UE + IDP Login: [https://ascensus-gs.gitlab.io/-/products/depot/qa-automation/prime-test-automation/-/jobs/14070494997/artifacts/unite/unite-universal-enrollment/target/surefire-reports/index.html|https://ascensus-gs.gitlab.io/-/products/depot/qa-automation/prime-test-automation/-/jobs/14070494997/artifacts/unite/unite-universal-enrollment/target/surefire-reports/index.html]

*Ask:* Confirm whether *TLS 1.3 / cipher / cert* regression, config drift, or a new code path; provide *client → destination URL* map for SSL errors if repeating Splunk pattern.

h3. Steps to reproduce

# Execute failing Stage 1 tests or manual login/reg for *NMD*, *OKD*, *RID* (and full suite as needed).
# Correlate with *Splunk* SSL errors for the same window.
# Compare config to post–*QA-708* known-good state.

h3. Expected result

IDP and legacy flows complete; no SSL protocol fatal alert; automation passes.

h3. Actual result

Failures per screenshots and (when added) console — same *multi-area* pattern as *QA-708*.

h3. Environment

*Stage 1*; date *2026-04-24*. GitLab Chrome 106 for UE (when run); legacy/IDP evidence via screenshots in {{04242026/}}.

h3. Priority / severity

*High (P2) / Major* — recurrence of org-wide Stage 1 regression class; gate per *CI/CD policy* until triaged.

h3. Attachments / links

||Item||Path / note||
|NMD IDP|{{NMD Failure - IDP login.png}}|
|OKD legacy login|{{OKD Failure - Legacy login.jpg}}|
|RID legacy web reg|{{RID Failure - Legacy web reg.jpg}}|
|Prior KB|{{../04222026/04222026_Stage1Regression_MultiAreaFailures.md}}|
|Prior JIRA|[QA-708|https://ascensuscollegesavings.atlassian.net/browse/QA-708]|
|*Add:* GitLab job URL / {{index.html}}, hub {{20260424}} links, {{*_exception_failedresult.txt}}, Splunk export| |

h3. Test data

Use same Stage 1 test accounts as *04/22* runbook; document any *plan-specific* creds in JIRA if not in repo.",,Swapnil Patil,,,6357f972fc0cc7a600ae8914,,,43200,0,,0%,43200,0,,,,,,,,,,,,,,,,,,,,,,,,,,,,,,,,,ApprovalsCFValue{approvals=[]},,,,,,,,,,,,,,,,,,,,,,,,,,,,,,,,,,,,,,,High,,,,,,,,,,,,{},,,,,,,,,,,,,,,,,,,,,,,,,,,,,,,,,,,,,,,,,,,,,,,,,,,,,,,,,,,,,,,,,,,,,,,,,,,,,,,,,,,,,,,,,,,,,,,,,0|i15jpd:w9,,,,,,,,,,,,,,,,,,,,,,"*What broke*: Stage 1 again showed TLS/SSL failures (same class as QA-708): IDP (NYD/NMD), UE sub bene (login-dependent), CSR/member flows, legacy login/reg, transfers — symptoms looked like app breaks; SSLException: Received fatal alert: protocol_version in traces.

*Why*: Engineering traced the crash to the default RestClientFactory → SocketFactory path. SSLContext.getInstance(""TLS"") with no enabled-protocol pinning leaves negotiation to the JVM; protocol_version from the peer indicates the client offered a TLS version the server rejects (e.g. JVM/path still offering TLS 1.0/1.1 while the peer requires TLS 1.2+). Many monolith call sites use this path (~20+ managers/actions); standalone HTTP clients need separate fixes.

*What fixed Stage 1*: The TLS-related change was reverted (confirmed: change had been pushed again, then reverted); Stage 1 returned to normal operation.

Follow-up (engineering): Harden SocketFactory.getSSLContext (e.g. setEnabledProtocols TLSv1.2/TLSv1.3 or SSLContext.getInstance(""TLSv1.2"")) so all RestClientFactory.getRestClient(...) consumers inherit the fix; plan TLS 1.3 in prod with monolith changes, not flip alone on Java 8 clients.

Verification: QA confirmed legacy web reg (OKD, CAD), legacy web login (OKD, CAD), IDP login (NYD, NMD) — working post-revert.",Configuration Issue,,,,,,,,,,,,,,,,,,,,AMSQUAD Sprint 26.05 4/15-4/28,,,,,,,,,,,,,,4821708b-58a1-45f9-93f1-fe52c0da32a7,QA Automation,,,,,,,,,,,,,,,,,,,,,,1_*:*_1_*:*_28691_*|*_3_*:*_1_*:*_4666934_*|*_11560_*:*_1_*:*_0_*|*_11550_*:*_1_*:*_8403017,,,,,,,,,,,,,,,,,,,,,,,,,,,,,,,,,,,225845,QA-3,"Update regression test plan for Unite, Universal",Done,4/24/2026 11:55
"Stage 1 (2026-04-22): regression failures across UE suite (62 fails), NYD/NMD IDP sub bene login, legacy web login (CAD/OKD), legacy web reg (multi-plan)",QA-708,316527,Bug,Closed,QA,QA Automation,software,Timothy Kaufman,6418909f67102fc717c0b0d8,"{quote}Automation & Performance Testing Center of Excellence 


Tracks test strategy, execution, CI results, risk mitigation, and engineering dashboards.  


Project lead: Swapnil Patil (Functional) | Timothy Kaufman (JIRA Admin){quote}",https://confluence.ascensus.com/pages/viewpage.action?pageId=315559619,Critical,Done,Swapnil Patil,6357f972fc0cc7a600ae8914,Swapnil Patil,6357f972fc0cc7a600ae8914,Swapnil Patil,6357f972fc0cc7a600ae8914,4/22/2026 8:40,7/20/2026 14:46,,4/22/2026 16:42,AMSQUAD Sprint 26.05,AMSQUAD Sprint 26.05,4/24/2026 0:00,0,QA-Board-View,Regression,,,,,"h3. Description

* *UE / Cucumber (*{{stage1-ue-regression-test}}*):* 358 tests, *62 failures* — dominant pattern: {{#bottomNavPrimaryBtn}} disabled / *bottom-progress-container* intercepts click (KIS/funding and related). Many sub bene / IDP scenarios fail in the same job as knock-on or separate auth issues.  
* *NYD & NMD:* Sub bene first step fails at {{user logs in idp screen}} — valid credentials then *error page*; treat as *site/IDP availability* until proven otherwise.  
* *Legacy web login:* *CAD, OKD* — failure on {{user logs in for User Login}} ({{T101_LoginPositive.feature}}).  
* *Legacy web reg:* *CAD, OKD, COB, RID, COD* — failures on *contact* / *security* portions of reg and negative scenarios.

h3. Steps to reproduce

# Re-run {{mvn test -f unite/unite-universal-enrollment/pom.xml -P stage1-ue-regression-test}} (or pipeline equivalent).
# Replay NYD/NMD sub bene scenario with creds in {{Login or Web Reg flow is failing.txt}}.
# Open hub reports for *stage1-web-login* and *stage1-web-registration* (links above).

h3. Expected / actual

* *Expected:* Flows complete; buttons clickable when valid; IDP/legacy login lands in account journey.  
* *Actual:* Per buckets A–D in table above.

h3. Environment

Stage *1*; GitLab Linux Chrome 106 (UE); internal hub dated *20260422* (legacy login/reg).

h3. Priority / severity

*High* — broad Stage 1 coverage blocked; split tickets if causes differ.

h3. Attachments / links

* This folder path (zip or list for JIRA).  
* GitLab: job *14031928272* index in {{Login or Web Reg flow is failing.txt}}.  
* Hub: web-login / web-registration index URLs above.  
* Optional child: [QA-703|https://ascensuscollegesavings.atlassian.net/browse/QA-703] for UE-only tracking.

h3. Labels / components

{{regression}}, {{stage1}}, {{universal-enrollment}}, {{idp-login}}, {{sub-bene}}, {{legacy-web-login}}, {{web-registration}}, {{prime-v3}}",Stage 1,Swapnil Patil,,,6357f972fc0cc7a600ae8914,,,43200,0,,0%,43200,0,,,,,,,,,,,,,DEVOPS-8494,,,,,,22/Apr/26 8:40 AM;6357f972fc0cc7a600ae8914;NMD IDP Login Failure.png;https://ascensuscollegesavings.atlassian.net/rest/api/3/attachment/content/86933,22/Apr/26 8:40 AM;6357f972fc0cc7a600ae8914;NYD IDP Login failure.png;https://ascensuscollegesavings.atlassian.net/rest/api/3/attachment/content/86935,22/Apr/26 8:40 AM;6357f972fc0cc7a600ae8914;RID Web reg failure.jpg;https://ascensuscollegesavings.atlassian.net/rest/api/3/attachment/content/86934,,,,,,,,,,,,ApprovalsCFValue{approvals=[]},,,,,,,,,,,,,,,,,,,,,,,,,,,,,,,,,,,,,,,High,,,,,,,,,,,,{},,,,,,,,,,,,,,,,,,,,,,,,,,,,,,,,,,,,,,,,,,,,,,,,,,,,,,,,,,,,,,,,,,,,,,,,,,,,,,,,,,,,,,,,,,,,,,,,,0|i15jpd:wi,,,,,,,,,,,,,,,,,,,,,,"Root cause (concise): 
Failures correlated to TLS/SSL handshake issues — Splunk showed SSL-related errors;
investigation identified javax.net.ssl.SSLException: Received fatal alert: protocol_version (TLS protocol negotiation / crypto layer), not a code defect in the enrollment flows themselves.
Stage 1 was rolled back while TLS/crypto was addressed.",Configuration Issue,,,,,,,,,,,,,,,,,,,,AMSQUAD Sprint 26.05 4/15-4/28,,,,,,,,,,,,,,4821708b-58a1-45f9-93f1-fe52c0da32a7,QA Automation,,,,,,,,,,,,,,,,,,,,,,1_*:*_1_*:*_1230597_*|*_3_*:*_1_*:*_20734413_*|*_11560_*:*_1_*:*_0_*|*_11550_*:*_1_*:*_6362268,,,,,,,,,,,,,,,,,,,,,,,,,,,,,,,,,,,225845,QA-3,"Update regression test plan for Unite, Universal",Done,4/22/2026 16:42
"[Platform Support] Jira, qTest & KB hygiene — squad governance (Q2 26.05+)",QA-646,314277,Task,Done,QA,QA Automation,software,Timothy Kaufman,6418909f67102fc717c0b0d8,"{quote}Automation & Performance Testing Center of Excellence 


Tracks test strategy, execution, CI results, risk mitigation, and engineering dashboards.  


Project lead: Swapnil Patil (Functional) | Timothy Kaufman (JIRA Admin){quote}",https://confluence.ascensus.com/pages/viewpage.action?pageId=315559619,Low,Done,Swapnil Patil,6357f972fc0cc7a600ae8914,Swapnil Patil,6357f972fc0cc7a600ae8914,Swapnil Patil,6357f972fc0cc7a600ae8914,4/15/2026 18:11,5/4/2026 8:34,,4/28/2026 11:04,,AMSQUAD Sprint 26.05,4/28/2026 0:00,0,PlatformSupport,QA-Board-View,Regression,,,,"Purpose
Keep *boards*, *filters*, *Epic links*, and *documentation* aligned with {{docs/jira-governance}} practices: stale Story cleanup, duplicate keys, export refresh ({{Platform-support-jira-export.csv}}).

Cadence

* Bi-weekly or end-of-sprint — agree with SM.",,,,,,,,,,,,,,,,,,,,,,,,,,,,,,,,,,,,,QA Automation,,,,,,,,,ApprovalsCFValue{approvals=[]},,,,,,,,,,,,,,,,,,,,,,,,,,,,,,,,,,,,,,,,,,,,,,,,,,,{},,,,,,,,,,,,,,,,,,,,,,,,,,,,,,,,,,,,,,,,,,,,,,,,,,,,,,,,,,,,,,,,,,,,,,,,,,,,,,,,,,,,,,,,,,,,,,,,,0|i15jpd:r,,,,,,,,,,,,,,,,,,,,,,,,,,,,,,,,,,,,,,,,,,,AMSQUAD Sprint 26.05 4/15-4/28,,,,,1,,,,,,,,,4821708b-58a1-45f9-93f1-fe52c0da32a7,QA Automation,,,,,,,,,,,,,,,,,,,,,,10409_*:*_1_*:*_415_*|*_10000_*:*_1_*:*_1006735008_*|*_10420_*:*_1_*:*_0,,,,,,,,,,,,,,,,,,,,,,,,,,,,,,,,,,,313677,QA-623,Platform Support — AMSQUAD Sprint Q2 26.05 onwards,Done,4/28/2026 11:04
"[Platform Support] KT, onboarding & tooling/environment setup (Q2 26.05+)",QA-645,314268,Story,Done,QA,QA Automation,software,Timothy Kaufman,6418909f67102fc717c0b0d8,"{quote}Automation & Performance Testing Center of Excellence 


Tracks test strategy, execution, CI results, risk mitigation, and engineering dashboards.  


Project lead: Swapnil Patil (Functional) | Timothy Kaufman (JIRA Admin){quote}",https://confluence.ascensus.com/pages/viewpage.action?pageId=315559619,Low,Done,Swapnil Patil,6357f972fc0cc7a600ae8914,Swapnil Patil,6357f972fc0cc7a600ae8914,Swapnil Patil,6357f972fc0cc7a600ae8914,4/15/2026 18:08,7/9/2026 7:10,,4/27/2026 10:00,,AMSQUAD Sprint 26.05,4/27/2026 0:00,0,PlatformSupport,QA-Board-View,Regression,,,,"Purpose
Reserve time for *DevOps alignment*: triaging job failures due to _infrastructure_, agent pools, secrets rotation, artifact retention, and GitLab/Jenkins configuration questions — without owning product feature delivery.

Scope

* Triage pipeline-as-platform issues; raise tickets to platform/DevOps teams; verify after fixes are deployed.
* Document job names, configurations, and links in the squad knowledge base when they change.

*Acceptance criteria* 

{noformat}* ( ) Pipeline/infra issues are **documented** with job URL + error snippet in a comment or linked Task.
* ( ) **Resolution** or **handoff** is clearly noted when the issue is not owned by QA Automation code.
* ( ) No **Story points** are assigned; effort is tracked via **work log** only.{noformat}",,,,,,,,,,,,,,,,,,,,,,,,,,,,,,,,,,,,,QA Automation,,,,,,,,,ApprovalsCFValue{approvals=[]},,,,,,,,,,,,,,,,,,,,,,,,,,,,,,,,,,,,,,,,,,,,,,,,,,,{},,,,,,,,,,,,,,,,,,,,,,,,,,,,,,,,,,,,,,,,,,,,,,,,,,,,,,,,,,,,,,,,,,,,,,,,,,,,,,,,,,,,,,,,,,,,,,,,,0|i15jpd:i,,,,,,,,,,,,,,,,,,,,,,,,,,,,,,,,,,,,,,,,,,,AMSQUAD Sprint 26.05 4/15-4/28,,,,,2,,,,,,,,,4821708b-58a1-45f9-93f1-fe52c0da32a7,QA Automation,,,,,,,,,,,,,,,,,,,,,,10409_*:*_1_*:*_433_*|*_10000_*:*_1_*:*_1006925372_*|*_10420_*:*_1_*:*_0,,,,,,,,,,,,,,,,,,,,,,,,,,,,,,,,,,,313677,QA-623,Platform Support — AMSQUAD Sprint Q2 26.05 onwards,Done,4/27/2026 10:00
"[Platform Support] Release Support, Tech meetings & engineering alignment (Q2 26.05+)",QA-644,314260,Story,Done,QA,QA Automation,software,Timothy Kaufman,6418909f67102fc717c0b0d8,"{quote}Automation & Performance Testing Center of Excellence 


Tracks test strategy, execution, CI results, risk mitigation, and engineering dashboards.  


Project lead: Swapnil Patil (Functional) | Timothy Kaufman (JIRA Admin){quote}",https://confluence.ascensus.com/pages/viewpage.action?pageId=315559619,Low,Done,Swapnil Patil,6357f972fc0cc7a600ae8914,Swapnil Patil,6357f972fc0cc7a600ae8914,Swapnil Patil,6357f972fc0cc7a600ae8914,4/15/2026 18:06,5/4/2026 8:36,,4/24/2026 14:35,,AMSQUAD Sprint 26.05,4/24/2026 0:00,0,PlatformSupport,QA-Board-View,Regression,,,,"Here’s a tightened, more uniform version you can paste in:

{noformat}h2. Purpose
Provide capacity for **tech chapter**, **program**, **architecture**, **security**, and **release readiness** forums where AMSQUAD represents automation/regression concerns that are **not tied to a single feature Epic**.

h2. Scope
* Attend agreed recurring forums.
* Capture action items impacting **automation**, **test data**, or **pipelines**.
* Follow up on or delegate those actions and update this Story accordingly.

h2. Out of scope
* Acting as SM/PO for decisions — provides *input only* unless explicitly delegated.{noformat}

Acceptance criteria (clean copy):

{noformat}* ( ) Recurring meetings are listed in the Story **description** or first comment (name + frequency).
* ( ) For each in-scope sprint: **minutes** or **3–5 outcome bullets** are added as a Story comment (including actions + owners).
* ( ) Automation-relevant decisions are linked to the corresponding feature Stories or Epics where applicable.{noformat}

If you’d like, I can also rewrite this in strict Jira “Given/When/Then” style, or tune the wording for a specific team/template.",,Swapnil Patil,,,6357f972fc0cc7a600ae8914,,,,,,,,,,,,,,,,,,,,,,,,,,,,,,,,,,,,,,,,,ApprovalsCFValue{approvals=[]},,,,,,,,,,,,,,,,,,,,,,,,,,,,,,,,,,,,,,,,,,,,,,,,,,,{},,,,,,,,,,,,,,,,,,,,,,,,,,,,,,,,,,,,,,,,,,,,,,,,,,,,,,,,,,,,,,,,,,,,,,,,,,,,,,,,,,,,,,,,,,,,,,,,,0|i15jpd:,,,,,,,,,,,,,,,,,,,,,,,,,,,,,,,,,,,,,,,,,,,AMSQUAD Sprint 26.05 4/15-4/28,,,4/21/2026 0:00,,2,,,,,,,,,,,,,,,,,,,,,,,,,,,,,,,,3_*:*_1_*:*_269676888_*|*_10409_*:*_1_*:*_430_*|*_10000_*:*_1_*:*_495262356_*|*_10420_*:*_1_*:*_0,,,,,,,,,,,,,,,,,,,,,,,,,,,,,,,,,,,313677,QA-623,Platform Support — AMSQUAD Sprint Q2 26.05 onwards,Done,4/24/2026 14:35
[Daily][Platform Support] Daily regression review & triage — V2 + V3 (Q2 26.05+),QA-636,314248,Story,Done,QA,QA Automation,software,Timothy Kaufman,6418909f67102fc717c0b0d8,"{quote}Automation & Performance Testing Center of Excellence 


Tracks test strategy, execution, CI results, risk mitigation, and engineering dashboards.  


Project lead: Swapnil Patil (Functional) | Timothy Kaufman (JIRA Admin){quote}",https://confluence.ascensus.com/pages/viewpage.action?pageId=315559619,Low,Done,Swapnil Patil,6357f972fc0cc7a600ae8914,Swapnil Patil,6357f972fc0cc7a600ae8914,Swapnil Patil,6357f972fc0cc7a600ae8914,4/15/2026 18:02,5/4/2026 8:39,,4/28/2026 11:04,,AMSQUAD Sprint 26.05,4/28/2026 0:00,0,AutomatedTesting,QA-Board-View,Regression,Regression_Testing,,,"Every business day at *7:30 AM* (local to offshore), perform a *daily health check* of the *Prime V2* and *Prime V3* regression jobs that finished overnight.
Tasks include: review *qTest* executions and *TestNG* reports, scan failures *by module*, reproduce locally or run a focused re-execution to confirm legitimacy, and communicate results.

* *If all green:* post a short status update to the team channel.
* *If failures:* email the Project Lead (Swapnil) following the bug-handling guidelines with the required evidence (plan, module, test case(s), exception, logs/screenshots, links). Swapnil will open/route defects.

*Goal:* Provide a reliable, single source of truth each morning on regression health (V2 + V3), with actionable failure details.

*Linked Docs:*

* *Bug Handling Process:* [https://confluence.ascensus.com/pages/viewpage.action?pageId=326751557|https://confluence.ascensus.com/pages/viewpage.action?pageId=326751557]
* *TestNG (V2) Report Index:* [http://seleniumhubnt2:8081/reports/unite/?C=M;O=D|http://seleniumhubnt2:8081/reports/unite/?C=M;O=D]
* *V3 Pipelines (TestNG inside job artifacts):* [https://gitlab.com/ascensus-gs/products/depot/qa-automation/prime-test-automation/-/pipeline_schedules|https://gitlab.com/ascensus-gs/products/depot/qa-automation/prime-test-automation/-/pipeline_schedules]
* *qTest Portal (Project 90985):* [https://ascensus.qtestnet.com/p/90985/portal/project#tab=testexecution|https://ascensus.qtestnet.com/p/90985/portal/project#tab=testexecution]



h2. Reporting Templates (copy/paste)

h3. A) Teams/Slack – *All Green*

{noformat}
Prime Version2
	stage1-acct-overview: <Pass/Fail> | Reason/Comment: <failures due to falkiness, so all look good>
	stage1-contributions: <Pass/Fail> | Reason/Comment: <failures due to falkiness, so all look good>
	stage1-csr-acct-main: <Pass/Fail> | Reason/Comment: <failures due to falkiness, so all look good>
	stage1-enrollments	: <Pass/Fail> | Reason/Comment: <failures due to falkiness, so all look good>
	stage1-sardine-regre: <Pass/Fail> | Reason/Comment: <failures due to falkiness, so all look good>
	stage1-web-login	: <Pass/Fail> | Reason/Comment: <failures due to falkiness, so all look good>
	stage1-web-registrat: <Pass/Fail> | Reason/Comment: <failures due to falkiness, so all look good>
	stage1-withdrawals	: <Pass/Fail> | Reason/Comment: <failures due to falkiness, so all look good>

Prime Version 3
	universal-enrollment-stage1	: <Pass/Fail> | Reason/Comment: <failures due to falkiness, so all look good>
	idp-login-stage1			: <Pass/Fail> | Reason/Comment: <failures due to falkiness, so all look good>
    Unite						: <Pass/Fail> | Reason/Comment: <failures due to falkiness, so all look good>

Overall Comment/Note: 
{noformat}

h3. B) Teams/Slack – *With Failures (pending confirmation)*

{noformat}⚠️Daily Regression: 

Prime Version2
	Module: stage1-acct-overview
	Plan: 
	Report Link:
	Exception Link:
	Screenshot link:
	Reason for failure: 

Prime Version 3
	Module: stage1-acct-overview
	Plan: 
	Report Link:
	Exception Link:
	Screenshot link:
	Reason for failure: 

Overall Comment/Note: 

Action: Reproducing locally to confirm. Will email details if legit.{noformat}",,Swapnil Patil,,,6357f972fc0cc7a600ae8914,,,,,,,,,,,,,,,,,,,,,,,,,,,15/Apr/26 6:02 PM;6357f972fc0cc7a600ae8914;10316.svg;https://ascensuscollegesavings.atlassian.net/rest/api/3/attachment/content/85719,,,,,QA Automation,,,,"* A triage pass is completed *every business day at 7:30 AM* for *both V2 and V3*.
* Each module (Login, Web Reg, Enrollment, Contributions, Withdrawals, Profile/Acct Maint., Balance, Entity if present) is reviewed in the TestNG/qTest results.
* Any *failure* is verified by *local rerun or targeted re-execution*; false alarms are filtered out.
* Communication is sent:
** *Pass:* concise Teams/Slack message with run IDs and pass rate.
** *Fail:* *email* to PL with all required fields (see template below).
* A daily *comment* is added to this story (or subtask) with the outcome + links.
* Time is *logged* (actual time spent) to this story/subtasks.",,,,,ApprovalsCFValue{approvals=[]},,,,,,,,,,,,,,,,,,,,,,,,,,,,,,,,,,,,,,,,,,,,,,,,,,,{},,,,,,,,,,,,,,,,,,,,,,,,,,,,,,,,,,,,,,,,,,,,,,,,,,,,,,,,,,,,,,,,,,,,,,All 529 Plans,All ABLE Plans,,,,,,,,,,,,,,,,,,,,,,,,,,0|i15jpc:,,,,,,,,,,,,,,,,,,,,,,,,,,,,,,,,,,,,,,,,,,,AMSQUAD Sprint 26.05 4/15-4/28,,,4/20/2026 0:00,,3,,,,,,,,,,,,,,,,,,,,,,,,,,,,,,,,10415_*:*_1_*:*_253862654_*|*_3_*:*_1_*:*_606616944_*|*_10409_*:*_1_*:*_24013_*|*_10000_*:*_1_*:*_142730558_*|*_10420_*:*_1_*:*_0,,,,,,,,,,,,,,,,,,,,,,,,,,,,,,,,,,,313677,QA-623,Platform Support — AMSQUAD Sprint Q2 26.05 onwards,Done,4/28/2026 11:04
[V3][IDP Login] Port IDP login coverage from Universal Enrollment module into Unite V3,QA-635,314245,Story,Done,QA,QA Automation,software,Timothy Kaufman,6418909f67102fc717c0b0d8,"{quote}Automation & Performance Testing Center of Excellence 


Tracks test strategy, execution, CI results, risk mitigation, and engineering dashboards.  


Project lead: Swapnil Patil (Functional) | Timothy Kaufman (JIRA Admin){quote}",https://confluence.ascensus.com/pages/viewpage.action?pageId=315559619,Low,Done,Swapnil Patil,6357f972fc0cc7a600ae8914,Swapnil Patil,6357f972fc0cc7a600ae8914,Swapnil Patil,6357f972fc0cc7a600ae8914,4/15/2026 17:45,4/28/2026 11:04,,4/28/2026 11:04,,AMSQUAD Sprint 26.05,4/28/2026 0:00,0,QA-Board-View,Regression,,,,,"* IDP login cases that live with *Universal Enrollment* today centralized for *Unite V3*  
* *So that* tagging and pipeline integration match V3 conventions

----

h3. Scope

* *In scope:* Unite V3
* *Target module path for “Unite V3”:*
** *Needs validation* in automation repo (to be confirmed with owning team)

----

h3. Acceptance Criteria (Gherkin)

{noformat}Scenario: Parity
  Given a baseline list of IDP scenarios in Universal Enrollment
  When the port to Unite V3 completes
  Then equivalent scenarios exist under the Unite V3 module with the same business intent

Scenario: Pipeline
  Given the V3 nightly job
  When it runs
  Then IDP scenarios execute from the new Unite V3 location
    And the old Universal Enrollment entry is deprecated per team agreement
    And there is no duplicate maintenance burden for the same business logic{noformat}

----

h3. Definition of Done

* Merge request is merged.
* Target *Unite V3* module path has been validated with the automation repo owners.
* All identified IDP login scenarios are:
** Present under the Unite V3 module, and
** Removed or clearly deprecated in the Universal Enrollment location (including a deprecation note if applicable).
* V3 nightly job:
** Executes IDP scenarios from the new Unite V3 location, and
** Is green, or failing only due to defects that are:
*** Logged and linked to this story (or related defect tickets).",,,,,,,,,,,,,,,,,,,,,,,,,,,,,,,,,,,,,QA Automation,,,,,,,,,ApprovalsCFValue{approvals=[]},,,,,,,,,,,,,,,,,,,,,,,,,,,,,,,,,,,,,,,,,,,,,,,,,,,{},,,,,,,,,,,,,,,,,,,,,,,,,,,,,,,,,,,,,,,,,,,,,,,,,,,,,,,,,,,,,,,,,,,,,,,,,,,,,,,,,,,,,,,,,,,,,,,,,0|i15jpa:,,,,,,,,,,,,,,,,,,,,,,,,,,,,,,,,,,,,,,,,,,,AMSQUAD Sprint 26.05 4/15-4/28,,,4/27/2026 0:00,,2,,,,,,,,,4821708b-58a1-45f9-93f1-fe52c0da32a7,QA Automation,,,,,,,,,,,,,,,,,,,,,,3_*:*_1_*:*_14832808_*|*_10409_*:*_1_*:*_490_*|*_10000_*:*_1_*:*_1021656644_*|*_11552_*:*_1_*:*_0,,,,,,,,,,,,,,,,,,,,,,,,,,,,,,,,,,,225845,QA-3,"Update regression test plan for Unite, Universal",Done,4/28/2026 11:04
"[V2/V3][Docs][Stage 5] Confluence — smoke, suites, schedules, how to run, ownership",QA-634,314242,Story,Done,QA,QA Automation,software,Timothy Kaufman,6418909f67102fc717c0b0d8,"{quote}Automation & Performance Testing Center of Excellence 


Tracks test strategy, execution, CI results, risk mitigation, and engineering dashboards.  


Project lead: Swapnil Patil (Functional) | Timothy Kaufman (JIRA Admin){quote}",https://confluence.ascensus.com/pages/viewpage.action?pageId=315559619,Low,Done,Swapnil Patil,6357f972fc0cc7a600ae8914,Swapnil Patil,6357f972fc0cc7a600ae8914,Swapnil Patil,6357f972fc0cc7a600ae8914,4/15/2026 17:41,5/12/2026 16:54,,5/12/2026 16:54,,AMSQUAD Sprint 26.06,5/12/2026 0:00,0,QA-Board-View,Regression,,,,,"Here’s a Jira-ready description you can paste into the Story:

----

*Purpose*

Document Stage 5 smoke regression for Confluence-related automation so that V2/V3 teams have a single, reliable reference for what runs in CAT/Stage 5, how to trigger it, and who owns keeping it healthy.

This Story focuses on Confluence docs only — creating/aligning documentation for V2/V3 smoke suites, schedules, run instructions, and ownership, not on changing the underlying pipelines.

----

*Scope*

*In scope*

* Confluence documentation for Stage 5 smoke coverage across:
** V2 CAT/Stage 5 smoke suites
** V3 CAT/Stage 5 smoke suites
* Describing current suite composition at a high level:
** Which modules/plans are covered in smoke vs deeper regression
** Tags used (e.g. {{@smoke}}, environment/CAT-related tags)
** Links to underlying suites/jobs (Jenkins, GitLab/Maven, etc.)
* Capturing how smoke is executed:
** Scheduled runs (cron/scheduler details, expected cadence)
** On‑demand/manual execution steps for engineers
* Ownership and operational expectations:
** Primary/backup owners for the Confluence page(s)
** Who triages failures, updates docs, and approves scope changes
* Cross-linking with related Jira/Confluence artifacts where they already exist (e.g. Stage 5 smoke composition, pipeline integration Stories/Epics).

*Out of scope*

* Creating new automation tests or expanding smoke coverage beyond what already exists.
* Modifying Jenkins/GitLab pipelines or adding new jobs (handled in separate pipeline integration Stories such as [QA-631|https://ascensuscollegesavings.atlassian.net/browse/QA-631] and [QA-633|https://ascensuscollegesavings.atlassian.net/browse/QA-633]).
* CAT/Stage 1/Stage 2 non‑smoke regressions, except for referencing them as background links.

----

*Deliverables*

* A Confluence doc (or clearly structured section under the existing test automation hub) titled similar to:  
{{Stage 5 (CAT) Smoke – V2/V3 Suites, Schedules, How to Run, Ownership}}
* Sections in the doc that cover, at minimum:
*# *Overview*
*#* What Stage 5/CAT smoke is for, and which stacks (V2, V3) are in scope.
*# *Suite Composition*
*#* Bullet list or table for V2 and V3:
*#** Suite/job name
*#** Environment(s) and tags
*#** High‑level modules covered (e.g., login, enrollment, critical flows)
*# *Execution Model*
*#* How scheduled runs are configured (daily/CI-triggered, what branch/environment).
*#* Steps to run smoke on demand (who can run, required parameters, where to see reports).
*# *Reporting & Triage*
*#* Links to reports (TestNG/HTML, CI artifacts, dashboards).
*#* Who monitors results and how failures are escalated (e.g., link/align with daily regression health checks like [QA-542|https://ascensuscollegesavings.atlassian.net/browse/QA-542] or similar).
*# *Ownership*
*#* Named owner(s) or role(s) responsible for:
*#** Keeping doc current
*#** Updating suite references when jobs change
*#** Coordinating with product/DevOps on CAT/Stage 5 smoke changes
*# *Related Jira & Docs*
*#* Links to Stage 5 smoke definition Stories (e.g. [QA-630|https://ascensuscollegesavings.atlassian.net/browse/QA-630], [QA-632|https://ascensuscollegesavings.atlassian.net/browse/QA-632]) and pipeline integration Stories (e.g. [QA-631|https://ascensuscollegesavings.atlassian.net/browse/QA-631], [QA-633|https://ascensuscollegesavings.atlassian.net/browse/QA-633]).
*#* Any CAT/Stage 5 regression setup or validation tickets that provide context (e.g. [QA-209|https://ascensuscollegesavings.atlassian.net/browse/QA-209], [QA-211|https://ascensuscollegesavings.atlassian.net/browse/QA-211], [QA-214|https://ascensuscollegesavings.atlassian.net/browse/QA-214]).

----

*Acceptance Criteria*

* Confluence page for Stage 5/CAT smoke (V2 + V3) is created/updated and linked in this Story.
* For both V2 and V3, the doc lists:
** Current smoke suite/job names and locations (Jenkins/GitLab/etc.).
** High‑level module coverage for each suite.
** Tagging conventions relevant to smoke/CAT.
* The doc clearly describes:
** How smoke runs are scheduled (including expected frequency/cadence).
** Step‑by‑step instructions for on‑demand execution, including where to find results.
* Named owner(s) or owning team for the doc and suites are recorded, including how ownership will be handed off if needed.
* At least one link to a related Stage 5/CAT smoke/pipeline Jira issue (e.g., [QA-630|https://ascensuscollegesavings.atlassian.net/browse/QA-630], [QA-632|https://ascensuscollegesavings.atlassian.net/browse/QA-632], [QA-631|https://ascensuscollegesavings.atlassian.net/browse/QA-631], [QA-633|https://ascensuscollegesavings.atlassian.net/browse/QA-633]) is present for traceability.
* Story description updated with the final Confluence URL and a brief summary of any known gaps or TODOs (e.g., “V3 schedule TBD once pipeline is live”).

----

If you want, I can also draft a matching Story *summary* line and *labels* for this ticket.",,Swapnil Patil,,,6357f972fc0cc7a600ae8914,,,,,,,,,,,,QA-631,QA-630,QA-633,QA-632,,,,,,,,,,,,,,,,,QA Automation,,,,,,,,,ApprovalsCFValue{approvals=[]},,,,,,,,,,,,,,,,,,,,,,,,,,,,,,,,,,,,,,,,,,,,,,,,,,,{},,,,,,,,,,,,,,,,,,,,,,,,,,,,,,,,,,,,,,,,,,,,,,,,,,,,,,,,,,,,,,,,,,,,,,,,,,,,,,,,,,,,,,,,,,,,,,,,,0|i1609a:,,,,,,,,,,,,,,,,,,,,,,,,,,,,,,,,,,,,,,,,,,,AMSQUAD Sprint 26.06 4/29-5/12,,,5/12/2026 0:00,,2,2,,,,,,,,4821708b-58a1-45f9-93f1-fe52c0da32a7,QA Automation,,,,,,,,,,,,,,,,,,,,,,10415_*:*_1_*:*_577694686_*|*_3_*:*_1_*:*_0_*|*_10409_*:*_1_*:*_15953_*|*_10000_*:*_1_*:*_1730789174,,,,,,,,,,,,,,,,,,,,,,,,,,,,,,,,,,,316307,QA-706,Stage 5 Smoke Test Suite,Done,5/12/2026 16:54
"[V3][Stage 5] CAT/Stage 5 smoke suite — composition, tags, pass criteria",QA-632,314240,Story,Done,QA,QA Automation,software,Timothy Kaufman,6418909f67102fc717c0b0d8,"{quote}Automation & Performance Testing Center of Excellence 


Tracks test strategy, execution, CI results, risk mitigation, and engineering dashboards.  


Project lead: Swapnil Patil (Functional) | Timothy Kaufman (JIRA Admin){quote}",https://confluence.ascensus.com/pages/viewpage.action?pageId=315559619,Low,Done,Swapnil Patil,6357f972fc0cc7a600ae8914,Swapnil Patil,6357f972fc0cc7a600ae8914,Swapnil Patil,6357f972fc0cc7a600ae8914,4/15/2026 17:35,4/29/2026 9:17,,4/29/2026 9:15,,AMSQUAD Sprint 26.05,4/29/2026 0:00,0,QA-Board-View,Regression,,,,,"* *I want* a *defined Stage 5 smoke* suite for *V2*
* *So that* CAT/Stage 5 validation is repeatable before deeper regression

*Scope*

* *Stack:* V2. *Portal:* KB backlog *QA-S-PLAT-002* says “V2 CSR + V3 IDP/UE smoke” for CAT/Stage 5 — *for this Story restrict documented scope to V2 portion* unless leadership extends .",,Swapnil Patil,,,6357f972fc0cc7a600ae8914,,,,,,,,,,,QA-634,,,,,,,,,,,,,QA-633,,,,,,,,QA Automation,,,,"{noformat}Scenario: Suite composition documented
  Given Stage 5 smoke is defined
  When documented in Story or linked Confluence
  Then in-scope modules flows tags and minimum pass rules are listed

Scenario: Runnable
  Given Stage 5 credentials and config
  When the smoke command job is executed
  Then the suite completes with published report artifact{noformat}",,,,,ApprovalsCFValue{approvals=[]},,,,,,,,,,,,,,,,,,,,,,,,,,,,,,,,,,,,,,,,,,,,,,,,,,,{},,,,,,,,,,,,,,,,,,,,,,,,,,,,,,,,,,,,,,,,,,,,,,,,,,,,,,,,,,,,,,,,,,,,,,,,,,,,,,,,,,,,,,,,,,,,,,,,,0|i15joq:,,,,,,,,,,,,,,,,,,,,,,,,,,,,,,,,,,,,,,,,,,,AMSQUAD Sprint 26.05 4/15-4/28,,,4/28/2026 0:00,,2,,,,,,,,,4821708b-58a1-45f9-93f1-fe52c0da32a7,QA Automation,,,,,,,,,,,,,,,,,,,,,,10415_*:*_1_*:*_622672981_*|*_3_*:*_1_*:*_4498259_*|*_10409_*:*_1_*:*_47379_*|*_10000_*:*_1_*:*_497065501_*|*_10420_*:*_1_*:*_0,,,,,,,,,,,,,,,,,,,,,,,,,,,,,,,,,,,316307,QA-706,Stage 5 Smoke Test Suite,Done,4/29/2026 9:15
[V2][Stage 5] Integrate Stage 5 smoke into pipeline — schedule + on-demand + docs,QA-631,314237,Story,Done,QA,QA Automation,software,Timothy Kaufman,6418909f67102fc717c0b0d8,"{quote}Automation & Performance Testing Center of Excellence 


Tracks test strategy, execution, CI results, risk mitigation, and engineering dashboards.  


Project lead: Swapnil Patil (Functional) | Timothy Kaufman (JIRA Admin){quote}",https://confluence.ascensus.com/pages/viewpage.action?pageId=315559619,Low,Done,Swapnil Patil,6357f972fc0cc7a600ae8914,Swapnil Patil,6357f972fc0cc7a600ae8914,Swapnil Patil,6357f972fc0cc7a600ae8914,4/15/2026 17:30,5/4/2026 8:42,,4/24/2026 14:32,,AMSQUAD Sprint 26.05,4/24/2026 0:00,0,QA-Board-View,Regression,,,,,,,Swapnil Patil,,,6357f972fc0cc7a600ae8914,,,,,,,,,,,QA-634,,,,,,,,,,,,,,,QA-630,,,,,,QA Automation,,,,"{noformat}Scenario: On demand
  Given a pipeline operator
  When they trigger the Stage 5 smoke job
  Then the job runs and publishes artifacts

Scenario: Scheduled
  Given the agreed cron or GitLab schedule
  When the schedule fires
  Then the job runs with retained artifacts

Scenario: Triage
  Given a failure
  When triage occurs
  Then assignee follows team failure template (link in Story comment)
{noformat}",,,,,ApprovalsCFValue{approvals=[]},,,,,,,,,,,,,,,,,,,,,,,,,,,,,,,,,,,,,,,,,,,,,,,,,,,{},,,,,,,,,,,,,,,,,,,,,,,,,,,,,,,,,,,,,,,,,,,,,,,,,,,,,,,,,,,,,,,,,,,,,,,,,,,,,,,,,,,,,,,,,,,,,,,,,0|i153ih:y,,,,,,,,,,,,,,,,,,,,,,,,,,,,,,,,,,,,,,,,,,,AMSQUAD Sprint 26.05 4/15-4/28,,,4/22/2026 0:00,,1,,,,,,,,,4821708b-58a1-45f9-93f1-fe52c0da32a7,QA Automation,,,,,,,,,,,,,,,,,,,,,,10415_*:*_1_*:*_104648112_*|*_3_*:*_1_*:*_164906192_*|*_10409_*:*_1_*:*_163728_*|*_10000_*:*_1_*:*_497219433_*|*_10420_*:*_1_*:*_0,,,,,,,,,,,,,,,,,,,,,,,,,,,,,,,,,,,316307,QA-706,Stage 5 Smoke Test Suite,Done,4/24/2026 14:32
"[V2][Stage 5] CAT/Stage 5 smoke suite — composition, tags, pass criteria",QA-630,314236,Story,Done,QA,QA Automation,software,Timothy Kaufman,6418909f67102fc717c0b0d8,"{quote}Automation & Performance Testing Center of Excellence 


Tracks test strategy, execution, CI results, risk mitigation, and engineering dashboards.  


Project lead: Swapnil Patil (Functional) | Timothy Kaufman (JIRA Admin){quote}",https://confluence.ascensus.com/pages/viewpage.action?pageId=315559619,Low,Done,Swapnil Patil,6357f972fc0cc7a600ae8914,Swapnil Patil,6357f972fc0cc7a600ae8914,Swapnil Patil,6357f972fc0cc7a600ae8914,4/15/2026 17:26,4/28/2026 12:23,,4/22/2026 16:44,,AMSQUAD Sprint 26.05,4/22/2026 0:00,0,QA-Board-View,Regression,,,,,"* *I want* a *defined Stage 5 smoke* suite for *V2*
* *So that* CAT/Stage 5 validation is repeatable before deeper regression

*Scope*

* *Stack:* V2. *Portal:* KB backlog *QA-S-PLAT-002* says “V2 CSR + V3 IDP/UE smoke” for CAT/Stage 5 — *for this Story restrict documented scope to V2 portion* unless leadership extends .",,Swapnil Patil,,,6357f972fc0cc7a600ae8914,,,,,,,,,,,QA-634,,,,,,,,,,,,,QA-631,,,,,,,,QA Automation,,,,"{noformat}Scenario: Suite composition documented
  Given Stage 5 smoke is defined
  When documented in Story or linked Confluence
  Then in-scope modules flows tags and minimum pass rules are listed

Scenario: Runnable
  Given Stage 5 credentials and config
  When the smoke command job is executed
  Then the suite completes with published report artifact{noformat}",,,,,ApprovalsCFValue{approvals=[]},,,,,,,,,,,,,,,,,,,,,,,,,,,,,,,,,,,,,,,,,,,,,,,,,,,{},,,,,,,,,,,,,,,,,,,,,,,,,,,,,,,,,,,,,,,,,,,,,,,,,,,,,,,,,,,,,,,,,,,,,,,,,,,,,,,,,,,,,,,,,,,,,,,,,0|i153ih:x,,,,,,,,,,,,,,,,,,,,,,,,,,,,,,,,,,,,,,,,,,,AMSQUAD Sprint 26.05 4/15-4/28,,,4/20/2026 0:00,,2,,,,,,,,,4821708b-58a1-45f9-93f1-fe52c0da32a7,QA Automation,,,,,,,,,,,,,,,,,,,,,,10415_*:*_1_*:*_315275527_*|*_3_*:*_1_*:*_0_*|*_10409_*:*_1_*:*_659_*|*_10000_*:*_1_*:*_83449913,,,,,,,,,,,,,,,,,,,,,,,,,,,,,,,,,,,316307,QA-706,Stage 5 Smoke Test Suite,Done,4/22/2026 16:44
[ENVP][UE] Stage 1 Universal Enrollment integration suite — package for pipeline (Run Duration: ≤10 min),QA-601,312099,Story,Done,QA,QA Automation,software,Timothy Kaufman,6418909f67102fc717c0b0d8,"{quote}Automation & Performance Testing Center of Excellence 


Tracks test strategy, execution, CI results, risk mitigation, and engineering dashboards.  


Project lead: Swapnil Patil (Functional) | Timothy Kaufman (JIRA Admin){quote}",https://confluence.ascensus.com/pages/viewpage.action?pageId=315559619,High,Done,Swapnil Patil,6357f972fc0cc7a600ae8914,Swapnil Patil,6357f972fc0cc7a600ae8914,Swapnil Patil,6357f972fc0cc7a600ae8914,4/9/2026 12:03,4/14/2026 16:25,,4/14/2026 16:25,,AMSQUAD Sprint 26.04,4/14/2026 0:00,0,QA-Board-View,Regression,UE_UI,,,,"h2. Context

Per _Update Automation for ENVP_ ([ACS-5289|https://acscensus.aha.io/features/ACS-5289]) and Epic [*QA-600*|https://ascensuscollegesavings.atlassian.net/browse/QA-600], we need *clearly scoped, runnable* automation that supports *environment pipeline* confidence. Universal Enrollment (UE) is the *first vertical* to package as a *Stage 1 integration* suite (UI-level integration using real Stage 1 traunches), distinct from pure API/unit gates described in Aha.

*Dong / team request (KB):* Integration suite for UE that can run within *10 minutes* in pipeline context.

*Baseline (reference run —* {{mvn test -P stage1-ue-integration-test}} *in* {{unite/unite-universal-enrollment}}*):*

* Maven total time ~*9 min 28 s*; Cucumber/suite elapsed ~*554 s* (~9.2 min).
* *30* scenarios executed.

h2. User outcome

As *QA automation*, I want a *named Stage 1 UE integration suite* (TestNG + Maven profile + CI) that completes within *≤10 minutes* under agreed grid/parallelism, with *reporting artifacts* and a *documented scenario list* ({{@integration}} + {{@intrun}}), so *ENVP / Stage 1 gates* can consume a stable, intentional UE package.

h2. Scope — In

* Commit *suite definition* aligned with KB draft: {{stage1-universal-enroll-integration.xml}} (parallel tests, {{thread-count}} as agreed — draft uses *4*).
* Wire *Maven* profile (e.g. {{stage1-ue-integration-test}}) to run this suite in {{unite-universal-enrollment}}.
* *Time budget:* meet *≤10 min* wall clock (or document variance + follow-up if grid differs); capture *before/after* timings in Story comment.
* *CI:* GitLab job (MR and/or scheduled) publishing Surefire/HTML under {{target/surefire-reports/}} (same pattern as existing UE jobs).

h2. Scope — Out

* Fixing the Foreign Phone flake (*separate Story UEPIPE-02* — may block “green” gate).
* Full ENVP taxonomy / Confluence matrix (*UEPIPE-05*).
* Org-wide smoke policy (*UEPIPE-04*).

h2. Dependencies

* Selenium Grid availability and *parallel* capacity (see UEPIPE-06).
* Stable Stage 1 URLs per traunch (MDD, ILD, OHD, IDD, MOD, NMD, NJD, NYD).

h2. Links

* Aha: [https://acscensus.aha.io/features/ACS-5289|https://acscensus.aha.io/features/ACS-5289]
* Epic: [https://ascensuscollegesavings.atlassian.net/browse/QA-600|https://ascensuscollegesavings.atlassian.net/browse/QA-600|smart-link] 
* KB suite XML: {{docs/jira-governance/data/Env-Pipeline-Project/stage1-universal-enroll-integration.xml}}",,Swapnil Patil,,,6357f972fc0cc7a600ae8914,,,,,,,,,,,,,,,,,,,,,,,,,,,,,,,,QA Automation,https://acscensus.aha.io/features/ACS-5289,,,"* ( ) TestNG suite file for **Stage 1 UE integration** lives in **prime-test-automation** under agreed path (mirror or replace KB draft `stage1-universal-enroll-integration.xml`).
* ( ) `mvn test -P stage1-ue-integration-test` (or agreed profile name) runs the suite against **Stage 1** without manual steps.
* ( ) **Wall-clock duration ≤ 10 minutes** on reference executor (document host/CI runner + grid used); if exceeded, Story documents bottleneck and links follow-up.
* ( ) Surefire reports / Cucumber HTML published as CI artifacts (path documented in Story comment).
* ( ) Suite runs only scenarios tagged **`@integration` and `@intrun`** per test definition parameters (matches KB XML intent).
* ( ) Story comment: scenario **count, traunch list, and **timing table** (at least 3 runs).
* ( ) Linked child work: **UEPIPE-02** for Foreign Phone stability if suite still red.",,,,,ApprovalsCFValue{approvals=[]},,,,,,,,,,,,,,,,,,,,,,,,,,,,,,,,,,,,,,,,,,,,,,,,,,,{},,,,,,,,,,,,,,,,,,,,,,,,ACS-5289,,,,,,,,,,,,,,,,,,,,,,,,,,https://ascensuscollegesavings.atlassian.net/browse/QA-600,,,,,,,,,,,,,,,,,,,,,,,,,,,,,,,,,,,,,,,,,,,,,,,0|i15d8i:,,,,,,,,,,,,,,,,,,,,,,,,,,,,,,,,,,,,,,,,,,,AMSQUAD Sprint 26.04 4/1-4/14,,,4/13/2026 0:00,,2,,,,,,,,,4821708b-58a1-45f9-93f1-fe52c0da32a7,QA Automation,,,,,,,,,,,,,,,,,,,,,,10415_*:*_2_*:*_336581888_*|*_3_*:*_1_*:*_25948327_*|*_10409_*:*_1_*:*_849_*|*_10000_*:*_2_*:*_143601_*|*_11552_*:*_1_*:*_0,,,,,,,,,,,,,,,,,,,,,,,,,,,,,,,,,,,312033,QA-600,Update Automation for ENVP (Automation),Done,4/14/2026 16:25
"Regression Failure V3: [NJD/NMD] Intermittent enrollment — ""Page Unavailable""; suspected uneven UI/version across nodes (Stage 1)",QA-588,310724,Bug,Closed,QA,QA Automation,software,Timothy Kaufman,6418909f67102fc717c0b0d8,"{quote}Automation & Performance Testing Center of Excellence 


Tracks test strategy, execution, CI results, risk mitigation, and engineering dashboards.  


Project lead: Swapnil Patil (Functional) | Timothy Kaufman (JIRA Admin){quote}",https://confluence.ascensus.com/pages/viewpage.action?pageId=315559619,High,Done,Swapnil Patil,6357f972fc0cc7a600ae8914,Swapnil Patil,6357f972fc0cc7a600ae8914,Swapnil Patil,6357f972fc0cc7a600ae8914,4/7/2026 13:23,4/9/2026 10:20,,4/9/2026 10:20,,AMSQUAD Sprint 26.04,4/9/2026 0:00,0,QA-Board-View,Regression,,,,,"*NJD* and *NMD* enrollment intermittently displays *Page Unavailable* instead of the enrollment experience. Issue is *not deterministic* per single attempt. QA automation observation: *possible version skew across nodes* (not all instances serving the same UI/build).

*Plans affected*

* *NJD*
* *NMD*

*Observed behavior*

* Plan-branded header may render; main content is *Page Unavailable* text only.
* *Intermittent* — same scenario may pass on another run or retry.

*Hypothesis*

* Load-balanced *nodes* may not be on the *same deployment or UI version* for enrollment routes.

h3. Steps to Reproduce

# Execute enrollment for NJD and/or NMD on Stage 1 (automated suite or manual).
# Repeat over multiple runs or sessions until intermittent failure appears (or analyze failures from daily regression).

h3. Expected Result

Enrollment page loads fully; user can proceed through enrollment flow.

h3. Actual Result

Intermittent *Page Unavailable* for enrollment; flow blocked when it occurs.

h3. Environment

* *Environment:* Stage 1 {{[NEED_INPUT]}}
* *Browser:* {{[NEED_INPUT — e.g. Chrome]}}
* *Date observed:* 04/07/2026
* *Regression / suite:* {{[NEED_INPUT — Unite / Prime V2 job or suite name]}}

h3. Priority / Severity

* *Priority:* {{[NEED_INPUT — suggest High P2 if regression signal is frequent]}}
* *Severity:* {{[NEED_INPUT — suggest Major S3: intermittent but blocks enrollment when hit]}}

h3. Attachments / Links

* *Screenshot:* Attach {{NJD_Enrollment_page_unavailable_issue.png}} in Jira (do not paste internal repo paths in the ticket body if the audience has no repo access).
* *Daily report / TestNG:* {{[NEED_INPUT — e.g. http://seleniumhubnt2:8081/reports/unite/<date-folder>/...]}}
* *qTest:* {{[NEED_INPUT — CL-*, TR-* if mapped]}}",Stage 1,Swapnil Patil,,,6357f972fc0cc7a600ae8914,,,43200,0,,0%,43200,0,,,,,,,,,,,,,,,,,,,,,,,,,,,,,,,,,ApprovalsCFValue{approvals=[]},,,,,,,,,,,,,,,,,,,,,,,,,,,,,,,,,,,,,,,High,,,,,,,,,,,,{},,,,,,,,,,,,,,,,,,,,,,,,,,,,,,,,,,,,,,,,,,,,,,,,,,,,,,,,,,,,,,,,,,,,,,,,,,,,,,,,,,,,,,,,,,,,,,,,,0|i153hd:,,,,,,,,,,,,,,,,,,,,,,"incorrect version of ui-enrollment app was deployed to stage1 for multiple nodes, caused NJD/NMD enrollment load issue. so DevOps Clear cache & redeployed it to all the active nodes which fix this issue with at least for my plans NJD/NMD",Infrastructure Related,,,,,,,,,,,,,,,,,,,,AMSQUAD Sprint 26.04 4/1-4/14,,,,,,,,,,,,,,,,,,,,,,,,,,,,,,,,,,,,,1_*:*_1_*:*_11410_*|*_3_*:*_1_*:*_161634256_*|*_11560_*:*_1_*:*_0_*|*_11550_*:*_1_*:*_2999,,,,,,,,,,,,,,,,,,,,,,,,,,,,,,,,,,,225845,QA-3,"Update regression test plan for Unite, Universal",Done,4/9/2026 10:20
"[V3][Contributions] IDP Member portal contrib — test data, qTest, Confluence/docs",QA-561,309810,Story,Done,QA,QA Automation,software,Timothy Kaufman,6418909f67102fc717c0b0d8,"{quote}Automation & Performance Testing Center of Excellence 


Tracks test strategy, execution, CI results, risk mitigation, and engineering dashboards.  


Project lead: Swapnil Patil (Functional) | Timothy Kaufman (JIRA Admin){quote}",https://confluence.ascensus.com/pages/viewpage.action?pageId=315559619,Medium,Done,Swapnil Patil,6357f972fc0cc7a600ae8914,Swapnil Patil,6357f972fc0cc7a600ae8914,Swapnil Patil,6357f972fc0cc7a600ae8914,4/2/2026 12:38,4/27/2026 8:42,,4/27/2026 8:42,,AMSQUAD Sprint 26.05,4/27/2026 0:00,0,Contribution,QA-Board-View,Regression,,,,"h2. Context

CSR contribution automation relies on *shared test data*, *qTest* traceability, and *Confluence* coverage docs. *Member-portal* flows need the same *operational hygiene* so offshore, leads, and audits can trace *method → requirement* and refresh *accounts* safely.

h2. User outcome

As *QA chapter*, I want *documented data ownership*, *qTest* links, and *updated regression docs*, so *member* contribution scope is *auditable* like CSR.

h2. Scope — In

* *Test data sheet* (or DB seed doc): member usernames per traunch, account ids, bank profiles, *rotation* / *collision* rules; PII redacted in Jira.
* *qTest:* create or map test cases for new automation methods; link in Story or export snippet.
* *Docs:* update AM Regression / Confluence module for *Contributions* — add *Member portal (IDP)* subsection mirroring CSR table (paths to feature files, suite XML, traunch list).
* *Flaky baseline:* first 3 nightly runs — capture pass rate; open bugs for app vs test with labels.

h2. Scope — Out

* Implementing automation (Stories 01–02).
* Pipeline YAML (Story 03) except *documentation* of job link in Confluence.

h2. Links

* CSR reference: {{docs/jira-governance/data/MemberSingleContribution.feature}}, {{stage1-contributions.xml}}",,Swapnil Patil,,,6357f972fc0cc7a600ae8914,,,,,,,,,,,,,,,,,,,,,,,,,,,,,,,,,,,,"* ( ) **Data inventory** comment or attachment: traunch → member user strategy → bank/contribution prerequisites (no passwords in Jira).
* ( ) **qTest** project updated: new scenarios linked **or** waiver comment from PO if qTest not required for this slice.
* ( ) **Confluence** (or `AM_Regression_Reports/docs/...`) updated with **Member portal contributions** row: feature paths, suite name, Stage 1, tags.
* ( ) **Ownership: named contact for **data refresh** when passwords expire or accounts lock.
* ( ) **Three** nightly or scheduled runs after pipeline merge: outcomes summarized in Story comment (pass %, linked defects).",,,,,ApprovalsCFValue{approvals=[]},,,,,,,,,,,,,,,,,,,,,,,,,,,,,,,,,,,,,,,,,,,,,,,,,,,{},,,,,,,,,,,,,,,,,,,,,,,,,,,,,,,,,,,,,,,,,,,,,,,,,,,,,,,,,,,,,,,,,,,,,,,,,,,,,,,,,,,,,,,,,,,,,,,,,0|i153i6:,,,,,,,,,,,,,,,,,,,,,,,,,,,,,,,,,,,,,,,,,,,AMSQUAD Sprint 26.05 4/15-4/28,,,4/24/2026 0:00,,1,,,,,,,,,,,,,,,,,,,,,,,,,,,,,,,,3_*:*_1_*:*_237943205_*|*_10409_*:*_1_*:*_574_*|*_10000_*:*_1_*:*_1907890981_*|*_10420_*:*_1_*:*_0,,,,,,,,,,,,,,,,,,,,,,,,,,,,,,,,,,,225845,QA-3,"Update regression test plan for Unite, Universal",Done,4/27/2026 8:42
[V3][Contributions] Wire IDP member-portal contribution tests into Stage 1 regression pipeline,QA-560,309806,Story,Done,QA,QA Automation,software,Timothy Kaufman,6418909f67102fc717c0b0d8,"{quote}Automation & Performance Testing Center of Excellence 


Tracks test strategy, execution, CI results, risk mitigation, and engineering dashboards.  


Project lead: Swapnil Patil (Functional) | Timothy Kaufman (JIRA Admin){quote}",https://confluence.ascensus.com/pages/viewpage.action?pageId=315559619,Low,Done,Swapnil Patil,6357f972fc0cc7a600ae8914,Swapnil Patil,6357f972fc0cc7a600ae8914,Swapnil Patil,6357f972fc0cc7a600ae8914,4/2/2026 12:34,4/24/2026 14:33,,4/24/2026 14:33,,AMSQUAD Sprint 26.05,4/24/2026 0:00,0,Contribution,QA-Board-View,Regression,,,,"h2. Context

CSR contributions are already in {{stage1-contributions.xml}} (and likely a parent Stage 1 master suite). *Member-portal* contribution tests from MEMCONTRIB-01/02 must run on *schedule* (nightly or same cadence as CSR contributions) with *artifacts* (TestNG HTML) retained.

h2. User outcome

As *DevOps + QA*, I want *member-portal contribution* tests in the *approved pipeline*, so failures are visible *without* local-only runs.

h2. Scope — In

* New *TestNG suite XML* _or_ {{<test>}} *blocks* added to existing contributions suite — team choice:
** _Option A:_ {{stage1-contributions-member.xml}} (parallel file, member-only tests).
** _Option B:_ same {{stage1-contributions.xml}} with clearly named {{<test name=""... Member Portal ..."">}} entries.
* Pipeline (GitLab/Jenkins): invoke the suite or parent master that includes member tests; *artifact publish* matches CSR pattern (Surefire / report index URL).
* *Failure triage* owner documented (AMSquad daily process per {{jira-export.csv}} / QA-542 pattern).

h2. Scope — Out

* Changing *schedule* of entire monolith (coordinate with program).
* Performance testing.

h2. Dependencies

* MEMCONTRIB-01 merged (tests exist).
* DevOps approval for job duration / parallelism ({{thread-count}} aligned with CSR suite).

h2. Links

* Baseline CSR XML: {{docs/jira-governance/data/stage1-contributions.xml}}",,Swapnil Patil,,,6357f972fc0cc7a600ae8914,,,,,,,,,,,,,,,,,,,,,,,,,,,,,,,,,,,,"* ( ) Member-portal contribution tests are referenced from **version-controlled** suite XML on integration branch.
* ( ) **At least one** successful **pipeline** run (scheduled or manual) completed with **green** or **known-linked** failures only.
* ( ) **TestNG index** (or equivalent) URL pattern documented in Story comment — same retention as existing contribution job.
* ( ) **Parent** master regression suite (if used) includes the new suite or tests; **no** silent skip.
* ( ) Run uses **Stage 1** config and correct **Maven profile** (document profile name in Story).
* ( ) If job runtime exceeds threshold, **parallelism** or split documented with PO approval.",,,,,ApprovalsCFValue{approvals=[]},,,,,,,,,,,,,,,,,,,,,,,,,,,,,,,,,,,,,,,,,,,,,,,,,,,{},,,,,,,,,,,,,,,,,,,,,,,,,,,,,,,,,,,,,,,,,,,,,,,,,,,,,,,,,,,,,,,,,,,,,,,,,,,,,,,,,,,,,,,,,,,,,,,,,0|i153i2:,,,,,,,,,,,,,,,,,,,,,,,,,,,,,,,,,,,,,,,,,,,AMSQUAD Sprint 26.05 4/15-4/28,,,4/20/2026 0:00,,1,,,,,,,,,,,,,,,,,,,,,,,,,,,,,,,,10415_*:*_1_*:*_315287080_*|*_3_*:*_1_*:*_210945306_*|*_10409_*:*_1_*:*_11221_*|*_10000_*:*_1_*:*_1224147566_*|*_10420_*:*_1_*:*_0,,,,,,,,,,,,,,,,,,,,,,,,,,,,,,,,,,,225845,QA-3,"Update regression test plan for Unite, Universal",Done,4/24/2026 14:33
"[V3][Contributions] Expand IDP member-portal contributions — multi-plan, AIP, negatives",QA-559,309803,Story,Done,QA,QA Automation,software,Timothy Kaufman,6418909f67102fc717c0b0d8,"{quote}Automation & Performance Testing Center of Excellence 


Tracks test strategy, execution, CI results, risk mitigation, and engineering dashboards.  


Project lead: Swapnil Patil (Functional) | Timothy Kaufman (JIRA Admin){quote}",https://confluence.ascensus.com/pages/viewpage.action?pageId=315559619,Low,Done,Swapnil Patil,6357f972fc0cc7a600ae8914,Swapnil Patil,6357f972fc0cc7a600ae8914,Swapnil Patil,6357f972fc0cc7a600ae8914,4/2/2026 12:30,5/8/2026 17:36,,5/8/2026 17:31,,AMSQUAD Sprint 26.06,5/8/2026 0:00,0,Contribution,QA-Board-View,Regression,,,,"h2. Context

CSR suite {{stage1-contributions.xml}} covers *multiple traunches* and *feature files*: direct/advisor/able single contribution, *AIP* single and *recurring* (add/edit/delete), and *negative* CSR scenarios. After MEMCONTRIB-01 proves *member portal* single contribution on *one* traunch, this story *scales* the same _member-login_ approach to *additional plans* and *additional feature files*.

h2. User outcome

As *QA*, I want *member-portal* automation for *multiple traunches* and the *same contribution-related feature breadth* as CSR (where member UI exists), so *Stage 1* regression matches program risk.

h2. Scope — In

* *Multi-plan:* Add member-portal tests for traunches aligned with CSR suite priority, e.g. *nyd*, *nya*, *nyb*, *mid* (confirm with SME which support *member IDP* vs legacy).
* *Feature parity (member path),* each with member login only:
** Single contribution extended Examples: _EBT (3 Funds)_, additional rows SME approves.
** *AIP* one-time contribution (mirror {{AIPContribution.feature}} intent).
** *AIP recurring* add/edit/delete (mirror {{AIPAddEditDeleteNonCustom.feature}} / {{AIPAddEditDelete.feature}} — split sub-tasks if large).
** *Negatives* (mirror {{MemberContributionNegative.feature}} intent for member portal).
* Separate {{@ablerun}} tagging only if *ABLE* member portal scope is included for nyb.

h2. Scope — Out

* New pipeline job wiring (Story 03).
* CSR suite changes (unless required for shared step defs).

h2. Dependencies

* MEMCONTRIB-01 *Done* (patterns + folder structure).
* SME matrix: which *traunch + feature* combinations exist on *member* UI for Stage 1.

h2. Links

* CSR XML: {{docs/jira-governance/data/stage1-contributions.xml}} Copy — Acceptance Criteria",,Swapnil Patil,,,6357f972fc0cc7a600ae8914,,,,,,,,,,,,,,,,,,,,,,,,,,,,,,,,,,,,"h3. Multi-plan

* ( ) At least **3 traunches** run green for **member-portal single contribution** (e.g. nyd + nya + one non-IDP or advisor per SME matrix), **or** documented waiver in Story for plans without member UI.
* ( ) Each added traunch has **test data** + **credentials** documented in Story comment (secrets redacted in Jira; real values in secure store).

h3. Feature breadth

* ( ) **AIP** member-portal scenario(s) pass for **at least one** IDP and **one** non-IDP traunch *if both exist* in Stage 1 (align with CSR “IDP / Non-IDP” split in XML).
* ( ) **AIP recurring** add/edit/delete covered for **at least one** traunch per SME priority (remaining traunches as sub-tasks or follow-up).
* ( ) **Negative** member-portal contribution scenario(s) pass with **expected errors** and **no** partial commit per assertions.

h3. Quality

* ( ) No duplicate CSR tests removed; **member** tests are **additive**.
* ( ) Tags aligned: `@regression`, `@dailyrun` where nightly applies; `@ablerun` for ABLE-only if in scope.
* ( ) TestNG report linked in Story after full suite run on Stage 1.",,,,,ApprovalsCFValue{approvals=[]},,,,,,,,,,,,,,,,,,,,,,,,,,,,,,,,,,,,,,,,,,,,,,,,,,,{},,,,,,,,,,,,,,,,,,,,,,,,,,,,,,,,,,,,,,,,,,,,,,,,,,,,,,,,,,,,,,,,,,,,,,,,,,,,,,,,,,,,,,,,,,,,,,,,,0|i127i3:07,,,,,,,,,,,,,,,,,,,,,,,,,,,,,,,,,,,,,,,,,,,AMSQUAD Sprint 26.06 4/29-5/12,,,5/6/2026 0:00,,3,,,,,,,,,,,,,,,,,,,,,,,,,,,,,,,,10415_*:*_1_*:*_88957279_*|*_3_*:*_2_*:*_166712408_*|*_10409_*:*_1_*:*_19836_*|*_10000_*:*_1_*:*_2872638781_*|*_10420_*:*_1_*:*_101423,,,,,,,,,,,,,,,,,,,,,,,,,,,,,,,,,,,225845,QA-3,"Update regression test plan for Unite, Universal",Done,5/8/2026 17:31
UE V3 NJD/NMD Enroll landing page failed,QA-557,309741,Bug,Closed,QA,QA Automation,software,Timothy Kaufman,6418909f67102fc717c0b0d8,"{quote}Automation & Performance Testing Center of Excellence 


Tracks test strategy, execution, CI results, risk mitigation, and engineering dashboards.  


Project lead: Swapnil Patil (Functional) | Timothy Kaufman (JIRA Admin){quote}",https://confluence.ascensus.com/pages/viewpage.action?pageId=315559619,High,Done,Swapnil Patil,6357f972fc0cc7a600ae8914,Swapnil Patil,6357f972fc0cc7a600ae8914,Swapnil Patil,6357f972fc0cc7a600ae8914,4/2/2026 10:31,4/9/2026 13:01,,4/2/2026 14:45,,AMSQUAD Sprint 26.04,4/6/2026 0:00,0,Enrollment,QA-Board-View,Regression,,,,"Prime Test Automation *unite-universal-enrollment* failed on *04/02/2026* for scenario *Sub Bene Enrollment using rollover… (IL First Step, parent non-IL resident with rollover)*. The step *“User completes the who you are saving section for Child for Higher Education Expenses”* *FAILED* after successful login and sub-bene selection. Remaining scenario steps were skipped.

*Feature / scenario*

* Feature file: {{UniversalEnrollmentFirstStepSubBene.feature}}
* Scenario: Sub Bene Enrollment using rollover with Sub bene Enrollment of Account with IL First Step with parent of non IL resident with rollover
* Traunch: *njd*

*Observed behavior*

* Login and sub-bene selection: *PASSED*
* “Who you are saving” (Child / Higher Education Expenses): *FAILED*
* Beneficiary info, funding (rollover), KIS, review: *SKIPPED*

*Evidence*

* TestNG index + failed HTML + exception {{.txt}} + testcase info: GitLab job *13754747115* (links in Attachments).

h3. Steps to Reproduce

# Execute the UE automation scenario above on *Stage 1* (njd) or replay the same UI path manually.
# Reach *who you are saving* for *Child* / *Higher Education Expenses*.
# Observe step failure per report / exception artifact.

h3. Expected Result

“Who you are saving” completes; scenario continues through beneficiary, rollover funding, and review.

h3. Actual Result

Step fails at “who you are saving”; downstream steps skipped. See exception artifact for root cause detail.

h3. Environment

* *Environment:* Stage 1 (typical UE nightly; confirm against pipeline config)
* *Date observed:* 04/02/2026
* *CI:* GitLab job {{13754747115}} – {{unite-universal-enrollment}} surefire reports

h3. Priority / Severity

* *Priority:* High (P2) – Nightly regression failure on UE Sub Bene path
* *Severity:* Major (S3) – Blocks scenario completion

h3. Attachments / Links

* *TestNG report (index):* [https://ascensus-gs.gitlab.io/-/products/depot/qa-automation/prime-test-automation/-/jobs/13754747115/artifacts/unite/unite-universal-enrollment/target/surefire-reports/index.html#|https://ascensus-gs.gitlab.io/-/products/depot/qa-automation/prime-test-automation/-/jobs/13754747115/artifacts/unite/unite-universal-enrollment/target/surefire-reports/index.html#]
* *Failed result HTML:* [https://ascensus-gs.gitlab.io/-/products/depot/qa-automation/prime-test-automation/-/jobs/13754747115/artifacts/unite/unite-universal-enrollment/target/surefire-reports/njd.20260402030424342.UniversalEnrollmentFirstStepSubBene.feature_html_chrome_failedresult.html|https://ascensus-gs.gitlab.io/-/products/depot/qa-automation/prime-test-automation/-/jobs/13754747115/artifacts/unite/unite-universal-enrollment/target/surefire-reports/njd.20260402030424342.UniversalEnrollmentFirstStepSubBene.feature_html_chrome_failedresult.html]
* *Exception (.txt):* [https://ascensus-gs.gitlab.io/-/products/depot/qa-automation/prime-test-automation/-/jobs/13754747115/artifacts/unite/unite-universal-enrollment/target/surefire-reports/njd.20260402030424354.UniversalEnrollmentFirstStepSubBene.feature_exception_failedresult.txt|https://ascensus-gs.gitlab.io/-/products/depot/qa-automation/prime-test-automation/-/jobs/13754747115/artifacts/unite/unite-universal-enrollment/target/surefire-reports/njd.20260402030424354.UniversalEnrollmentFirstStepSubBene.feature_exception_failedresult.txt]
* *Test case info (.txt):* [https://ascensus-gs.gitlab.io/-/products/depot/qa-automation/prime-test-automation/-/jobs/13754747115/artifacts/unite/unite-universal-enrollment/target/surefire-reports/njd.20260402030424356.UniversalEnrollmentFirstStepSubBene.feature_testcase_information.txt|https://ascensus-gs.gitlab.io/-/products/depot/qa-automation/prime-test-automation/-/jobs/13754747115/artifacts/unite/unite-universal-enrollment/target/surefire-reports/njd.20260402030424356.UniversalEnrollmentFirstStepSubBene.feature_testcase_information.txt]
* *Local run notes:* {{10_IMPORTS_RAW/regression_reports/04022026/Failure details.txt}}

h3. Test Data (key values)

* Traunch: *njd*
* Account query used bindings: *njd* (see log in {{Failure details.txt}} – web-registered automation UE account selection)
* Full credentials / IDs: see *testcase_information* artifact URL above

h3. Labels/Tags (suggested)

universal-enrollment, sub-bene, regression, prime-v3, unite-universal-enrollment, stage1, nightly, who-you-are-saving

h3. Components

* Universal Enrollment (Sub Bene / First Step)
* Front-office enrollment UI
* QA Automation – unite-universal-enrollment",Stage 1,Swapnil Patil,,,6357f972fc0cc7a600ae8914,,,43200,0,,0%,43200,0,,,,,,,,,,,,,,,,,,,,,,,,,,,,,,,,,ApprovalsCFValue{approvals=[]},,,,,,,,,,,,,,,,,,,,,,,,,,,,,,,,,,,,,,,High,,,,,,,,,,,,{},,,,,,,,,,,,,,,,,,,,,,,,,,,,,,,,,,,,,,,,,,,,,,,,,,,,,,,,,,,,,,,,,,,,,,,,,,,,,,,,,,,,,,,,,,,,,,,,,0|i153ha:,,,,,,,,,,,,,,,,,,,,,,incorrect version of ui-enrollment app was deployed to stage1 caused njd enrollment load issue ,Configuration Issue,,,,,,,,,,,,,,,,,,,,AMSQUAD Sprint 26.04 4/1-4/14,,,,,,,,,,,,,,,,,,,,,,,,,,,,,,,,,,,,,1_*:*_1_*:*_32030_*|*_3_*:*_1_*:*_11016563_*|*_11560_*:*_1_*:*_0_*|*_11550_*:*_1_*:*_4132289,,,,,,,,,,,,,,,,,,,,,,,,,,,,,,,,,,,,,,Done,4/2/2026 14:45
[DAILY] Automation Regression Health Check (V2 & V3) – 7:30 AM Triage & Reporting - 04/01-04/14,QA-542,308873,Story,Done,QA,QA Automation,software,Timothy Kaufman,6418909f67102fc717c0b0d8,"{quote}Automation & Performance Testing Center of Excellence 


Tracks test strategy, execution, CI results, risk mitigation, and engineering dashboards.  


Project lead: Swapnil Patil (Functional) | Timothy Kaufman (JIRA Admin){quote}",https://confluence.ascensus.com/pages/viewpage.action?pageId=315559619,Low,Done,Swapnil Patil,6357f972fc0cc7a600ae8914,Swapnil Patil,6357f972fc0cc7a600ae8914,Swapnil Patil,6357f972fc0cc7a600ae8914,3/31/2026 17:17,4/15/2026 18:02,,4/14/2026 9:56,,AMSQUAD Sprint 26.04,4/14/2026 0:00,0,AutomatedTesting,QA-Board-View,Regression,Regression_Testing,,,"Every business day at *7:30 AM* (local to offshore), perform a *daily health check* of the *Prime V2* and *Prime V3* regression jobs that finished overnight.
Tasks include: review *qTest* executions and *TestNG* reports, scan failures *by module*, reproduce locally or run a focused re-execution to confirm legitimacy, and communicate results.

* *If all green:* post a short status update to the team channel.
* *If failures:* email the Project Lead (Swapnil) following the bug-handling guidelines with the required evidence (plan, module, test case(s), exception, logs/screenshots, links). Swapnil will open/route defects.

*Goal:* Provide a reliable, single source of truth each morning on regression health (V2 + V3), with actionable failure details.

*Linked Docs:*

* *Bug Handling Process:* [https://confluence.ascensus.com/pages/viewpage.action?pageId=326751557|https://confluence.ascensus.com/pages/viewpage.action?pageId=326751557]
* *TestNG (V2) Report Index:* [http://seleniumhubnt2:8081/reports/unite/?C=M;O=D|http://seleniumhubnt2:8081/reports/unite/?C=M;O=D]
* *V3 Pipelines (TestNG inside job artifacts):* [https://gitlab.com/ascensus-gs/products/depot/qa-automation/prime-test-automation/-/pipeline_schedules|https://gitlab.com/ascensus-gs/products/depot/qa-automation/prime-test-automation/-/pipeline_schedules]
* *qTest Portal (Project 90985):* [https://ascensus.qtestnet.com/p/90985/portal/project#tab=testexecution|https://ascensus.qtestnet.com/p/90985/portal/project#tab=testexecution]



h2. Reporting Templates (copy/paste)

h3. A) Teams/Slack – *All Green*

{noformat}
Prime Version2
	stage1-acct-overview: <Pass/Fail> | Reason/Comment: <failures due to falkiness, so all look good>
	stage1-contributions: <Pass/Fail> | Reason/Comment: <failures due to falkiness, so all look good>
	stage1-csr-acct-main: <Pass/Fail> | Reason/Comment: <failures due to falkiness, so all look good>
	stage1-enrollments	: <Pass/Fail> | Reason/Comment: <failures due to falkiness, so all look good>
	stage1-sardine-regre: <Pass/Fail> | Reason/Comment: <failures due to falkiness, so all look good>
	stage1-web-login	: <Pass/Fail> | Reason/Comment: <failures due to falkiness, so all look good>
	stage1-web-registrat: <Pass/Fail> | Reason/Comment: <failures due to falkiness, so all look good>
	stage1-withdrawals	: <Pass/Fail> | Reason/Comment: <failures due to falkiness, so all look good>

Prime Version 3
	universal-enrollment-stage1	: <Pass/Fail> | Reason/Comment: <failures due to falkiness, so all look good>
	idp-login-stage1			: <Pass/Fail> | Reason/Comment: <failures due to falkiness, so all look good>
    Unite						: <Pass/Fail> | Reason/Comment: <failures due to falkiness, so all look good>

Overall Comment/Note: 
{noformat}

h3. B) Teams/Slack – *With Failures (pending confirmation)*

{noformat}⚠️Daily Regression: 

Prime Version2
	Module: stage1-acct-overview
	Plan: 
	Report Link:
	Exception Link:
	Screenshot link:
	Reason for failure: 

Prime Version 3
	Module: stage1-acct-overview
	Plan: 
	Report Link:
	Exception Link:
	Screenshot link:
	Reason for failure: 

Overall Comment/Note: 

Action: Reproducing locally to confirm. Will email details if legit.{noformat}",,Swapnil Patil,,,6357f972fc0cc7a600ae8914,,,,,,,,,,,,,,,,,,,,,,,,,,,31/Mar/26 5:17 PM;6357f972fc0cc7a600ae8914;10316.svg;https://ascensuscollegesavings.atlassian.net/rest/api/3/attachment/content/82518,,,,,QA Automation,,,,"* A triage pass is completed *every business day at 7:30 AM* for *both V2 and V3*.
* Each module (Login, Web Reg, Enrollment, Contributions, Withdrawals, Profile/Acct Maint., Balance, Entity if present) is reviewed in the TestNG/qTest results.
* Any *failure* is verified by *local rerun or targeted re-execution*; false alarms are filtered out.
* Communication is sent:
** *Pass:* concise Teams/Slack message with run IDs and pass rate.
** *Fail:* *email* to PL with all required fields (see template below).
* A daily *comment* is added to this story (or subtask) with the outcome + links.
* Time is *logged* (actual time spent) to this story/subtasks.",,,,,ApprovalsCFValue{approvals=[]},,,,,,,,,,,,,,,,,,,,,,,,,,,,,,,,,,,,,,,,,,,,,,,,,,,{},,,,,,,,,,,,,,,,,,,,,,,,,,,,,,,,,,,,,,,,,,,,,,,,,,,,,,,,,,,,,,,,,,,,,,All 529 Plans,All ABLE Plans,,,,,,,,,,,,,,,,,,,,,,,,,,0|i11a9t:zzy,,,,,,,,,,,,,,,,,,,,,,,,,,,,,,,,,,,,,,,,,,,AMSQUAD Sprint 26.04 4/1-4/14,,,4/7/2026 0:00,,3,,,,,,,,,,,,,,,,,,,,,,,,,,,,,,,,10415_*:*_1_*:*_531964242_*|*_3_*:*_1_*:*_592086062_*|*_10409_*:*_1_*:*_31654_*|*_10000_*:*_1_*:*_59042429_*|*_11552_*:*_1_*:*_0,,,,,,,,,,,,,,,,,,,,,,,,,,,,,,,,,,,225631,QA-1,Team QA Automation - Integration Test,Done,4/14/2026 9:56
[ENV-CICD] Client ID successfully created,QA-387,280584,Story,Done,QA,QA Automation,software,Timothy Kaufman,6418909f67102fc717c0b0d8,"{quote}Automation & Performance Testing Center of Excellence 


Tracks test strategy, execution, CI results, risk mitigation, and engineering dashboards.  


Project lead: Swapnil Patil (Functional) | Timothy Kaufman (JIRA Admin){quote}",https://confluence.ascensus.com/pages/viewpage.action?pageId=315559619,Low,Done,Swapnil Patil,6357f972fc0cc7a600ae8914,Fred Deichler,712020:254aabcd-4c29-4f5f-8c98-56629900f6ba,Fred Deichler,712020:254aabcd-4c29-4f5f-8c98-56629900f6ba,12/10/2025 15:31,4/17/2026 9:36,,4/17/2026 9:36,,AMSQUAD Sprint 26.05,4/17/2026 0:00,0,AutomatedTesting,GitLab,QA-Board-View,Regression,ScrumOfScrum,,"Generate for 1 plan

1 call to /token with a specific payload

use intraspect with the token to validate the return of a response (validate the payload too)

If the client ID expires, the test should fail",,Fred Deichler,,,712020:254aabcd-4c29-4f5f-8c98-56629900f6ba,,,,,,,,,,,,,,,,,,,,,,,,,,,,,,,,,,,,,,,,,ApprovalsCFValue{approvals=[]},,,,,,,,,,,,,,,,,,,,,,,,,,,,,,,,,,,,,,,,,,,,,,,,,,,{},,,,,,,,,,,,,,,,,,,,,,,,,,,,,,,,,,,,,,,,,,,,,,,,,,,,,,,,,,,,,,,,,,,,,,,,,,,,,,,,,,,,,,,,,,,,,,,,,0|i127i3:0002,,,,,,,,,,,,,,,,,,,,,,,,,,,,,,,,,,,,,,,,,,,AMSQUAD Sprint 26.05 4/15-4/28,,,4/16/2026 0:00,,1,,,,,,,,,,,,,,,,,,,,,,,,,,,,,,,,3_*:*_2_*:*_2553379419_*|*_10409_*:*_2_*:*_2226935665_*|*_10000_*:*_3_*:*_5720187892_*|*_10420_*:*_2_*:*_533792342,,,,,,,,,,,,,,,,,,,,,,,,,,,,,,,,,,,278325,QA-330,Environment Pipeline Proj - Metadata API Automation & CI/CD Enablement,Done,4/17/2026 9:36
[ENV-CICD] API Test - PKCE Flow - API Automation Testing,QA-386,280580,Story,Done,QA,QA Automation,software,Timothy Kaufman,6418909f67102fc717c0b0d8,"{quote}Automation & Performance Testing Center of Excellence 


Tracks test strategy, execution, CI results, risk mitigation, and engineering dashboards.  


Project lead: Swapnil Patil (Functional) | Timothy Kaufman (JIRA Admin){quote}",https://confluence.ascensus.com/pages/viewpage.action?pageId=315559619,Low,Done,Swapnil Patil,6357f972fc0cc7a600ae8914,Fred Deichler,712020:254aabcd-4c29-4f5f-8c98-56629900f6ba,Fred Deichler,712020:254aabcd-4c29-4f5f-8c98-56629900f6ba,12/10/2025 15:02,4/17/2026 9:38,,4/17/2026 9:38,,AMSQUAD Sprint 26.05,4/17/2026 0:00,0,GitLab,QA-Board-View,Regression,ScrumOfScrum,,,"Work with Nick for validation, this is related to API testing



* PKCE flow working

|# -Login (CS)-|
|2-1. Authorize (IDP)|
|# Login (IDP) - GET Login|
|4-1. Login (IDP) - POST Login|
|-4-2. MFA (IDP) - GET Request PIN-|
|-4-3. MFA (IDP) - GET Verify PIN-|
|# Login (IDP) - GET Authorize Continue|
|# -Callback/Token (CS) - Get Callback-|
|# Callback/Token (IDP) - Get Access Token|
|# -Session/Overview (CS)-|
|TOTAL|",,Fred Deichler,,,712020:254aabcd-4c29-4f5f-8c98-56629900f6ba,,,,,,,,,,,,,,,,,,,,,,,,,,,,,,,,,,,,,,,,,ApprovalsCFValue{approvals=[]},,,,,,,,,,,,,,,,,,,,,,,,,,,,,,,,,,,,,,,,,,,,,,,,,,,{},,,,,,,,,,,,,,,,,,,,,,,,,,,,,,,,,,,,,,,,,,,,,,,,,,,,,,,,,,,,,,,,,,,,,,,,,,,,,,,,,,,,,,,,,,,,,,,,,0|i127i3:0004,,,,,,,,,,,,,,,,,,,,,,,,,,,,,,,,,,,,,,,,,,,AMSQUAD Sprint 26.05 4/15-4/28,,,4/16/2026 0:00,,2,,,,,,,,,,,,,,,,,,,,,,,,,,,,,,,,10415_*:*_1_*:*_17745_*|*_3_*:*_2_*:*_2492244439_*|*_10409_*:*_3_*:*_2228605633_*|*_10000_*:*_3_*:*_5720200575_*|*_11552_*:*_1_*:*_533787245,,,,,,,,,,,,,,,,,,,,,,,,,,,,,,,,,,,278325,QA-330,Environment Pipeline Proj - Metadata API Automation & CI/CD Enablement,Done,4/17/2026 9:38
IDP - Enhance Prime v3 Framework for Deep Shadow DOM Element Handling in IDP Angular UI,QA-228,270447,Spike,Done,QA,QA Automation,software,Timothy Kaufman,6418909f67102fc717c0b0d8,"{quote}Automation & Performance Testing Center of Excellence 


Tracks test strategy, execution, CI results, risk mitigation, and engineering dashboards.  


Project lead: Swapnil Patil (Functional) | Timothy Kaufman (JIRA Admin){quote}",https://confluence.ascensus.com/pages/viewpage.action?pageId=315559619,Low,Done,Swapnil Patil,6357f972fc0cc7a600ae8914,Swapnil Patil,6357f972fc0cc7a600ae8914,Swapnil Patil,6357f972fc0cc7a600ae8914,10/28/2025 17:28,4/10/2026 14:45,,4/10/2026 14:45,,AMSQUAD Sprint 26.04,4/10/2026 0:00,0,IDP_LoginAutomation,Regression,Research,,,,"The *IDP login and account recovery* flows in the Angular-based UI use *Shadow DOM encapsulation*, sometimes with multiple nested layers.
The current *Prime v3 Selenium 4 framework* supports the first-level Shadow DOM, but fails to detect elements nested deeper (e.g., *child-of-child* Shadow roots).

This spike aims to *research and evaluate solutions* for improving deep Shadow DOM element accessibility and identification — enabling automation to handle multi-level Shadow roots without manual workarounds or disabled MFA.

----

h3. *Objectives:*

# Review *current framework implementation* for Shadow DOM support.
# Identify *limitations* in Selenium 4’s Shadow root handling for nested elements.
# Explore third-party libraries or native WebDriver solutions to support:
#* *Recursive Shadow DOM traversal*
#* *Dynamic child/successor element discovery*
# Collaborate with *Sree Pallavi*, & *Nick (Framework Architect)* to assess adding this to the Prime core library.
# Create a *sample POC* demonstrating multi-layer Shadow DOM element detection.

----

h3. *Scope:*

* Applicable to *Prime v3 (Selenium 4)* and *IDP feature set*.
* Includes *login, password recovery, MFA, and error message* verification screens.
* Will evaluate:
** Selenium 4+ shadowRoot
** JavaScript executor approaches
** Custom utility wrappers",,Swapnil Patil,,,6357f972fc0cc7a600ae8914,,,,,,,,,,,,,,,,,,,,,,,,,,,,,,,,QA Automation,,,,"h3. 

✅ Root-cause of deep Shadow DOM locator limitation documented.
✅ POC created showing automation can locate elements inside *multiple nested Shadow DOMs*.
✅ Recommendations presented to Dev/Automation Leads.
✅ Confluence documentation updated with:

* Framework enhancement proposal
* Sample code snippets
* Known limitations / alternative solutions.
✅ Approved approach to be included in a future framework sprint.",,,,,ApprovalsCFValue{approvals=[]},,,,,,,,,,,,,,,,,,,,,,,,,,,,,,,,,,,,,,,,,,,,,,,,,,,{},,,,,,,,,,,,,,,,,,,,,,,,,,,,,,,,,,,,,,,,,,,,,,,,,,,,,,,,,,,,,,,,,,,,,,,,,,,,,,,,,,,,,,,,,,,,,,,,,0|i11a9n:,,,,,,,,,,,,,,,,,,,,,,,,,,,,,,,,,,,,,,,,,,,AMSQUAD Sprint 26.04 4/1-4/14,,,,,2,,,,,,,,,,,,,,,,,,,,,,,,,,,,,,,,10415_*:*_1_*:*_530960823_*|*_3_*:*_2_*:*_774765420_*|*_10409_*:*_1_*:*_61770_*|*_10000_*:*_2_*:*_12831795220_*|*_10420_*:*_1_*:*_0,,,,,,,,,,,,,,,,,,,,,,,,,,,,,,,,,,,225845,QA-3,"Update regression test plan for Unite, Universal",Done,4/10/2026 14:45
[Daily-Regression][V2]Update and Remove V2 Regression Test Cases for Plans Migrated from Non-IDP to IDP,QA-1526,349512,Story,Done,QA,QA Automation,software,Timothy Kaufman,6418909f67102fc717c0b0d8,"{quote}Automation & Performance Testing Center of Excellence 


Tracks test strategy, execution, CI results, risk mitigation, and engineering dashboards.  


Project lead: Swapnil Patil (Functional) | Timothy Kaufman (JIRA Admin){quote}",https://confluence.ascensus.com/pages/viewpage.action?pageId=315559619,Medium,Done,VENKATESH MALLELA,712020:1a2ec93a-8616-4589-a831-b49300d8cab7,VENKATESH MALLELA,712020:1a2ec93a-8616-4589-a831-b49300d8cab7,VENKATESH MALLELA,712020:1a2ec93a-8616-4589-a831-b49300d8cab7,7/31/2026 6:06,8/5/2026 0:21,,8/5/2026 0:21,,AMSQUAD Sprint 26.10,8/4/2026 0:00,0,QA-Board-View,Regression,unite-msc,,,,"Several Ascensus Prime V2 plans are migrating from *Legacy (Non-IDP)* member authentication to *Identity Provider (IDP)* authentication. V2 regression coverage is defined in TestNG suite XML files under {{unite-test-automation/unite/bin/regression/}} and executed via Cucumber features in {{unite-test-automation/unite/testsuite/}}.

Today, many suites still label migrated plans as *Non-IDP*, while other suites already label the same plans as *IDP*. This creates:

* Incorrect test classification in daily/smoke/release regression
* Duplicate or conflicting coverage for the same plan
* Continued execution of legacy-only flows (e.g. {{T101_*}} login, legacy web registration) for plans no longer on Legacy auth

This story aligns V2 regression suites with the authoritative list of plans that have completed the Non-IDP → IDP migration.",,Automation for Jira,VENKATESH MALLELA,,557058:f58131cb-b67d-43c7-b30d-6b58d40bd077,712020:1a2ec93a-8616-4589-a831-b49300d8cab7,,,,,,,,,,,,,,,,,,,,,,,,,,,,,,,QA Automation,,,,,,,,,ApprovalsCFValue{approvals=[]},,,,,,,,,,,,,,,,,,,,,,,,,,,,,,,,,,,,,,,,,,,,,,,,,,,{},,,,,,,,,,,,,,,,,,,,,,,,,,,,,,,,,,,,,,,,,,,,,,,,,,,,,,,,,,,,,,,,,,,,,,,,,,,,,,,,,,,,,,,,,,,,,,,,,0|i18pth:zzuzn9,,,,,,,,,,,,,,,,,,,,,,,,,,,,,,,,,,,,,,,,,,,AMSQUAD Sprint 26.12 7/22-8/04,,,8/3/2026 0:00,,3,,,,,,,,,4821708b-58a1-45f9-93f1-fe52c0da32a7,QA Automation,,,,,,,,,,,,,,,,,,,,,33:09.9,3_*:*_1_*:*_30143112_*|*_10409_*:*_1_*:*_99900_*|*_10000_*:*_1_*:*_264229983_*|*_10420_*:*_1_*:*_0,"03/Aug/26 7:33 AM;557058:f58131cb-b67d-43c7-b30d-6b58d40bd077;Sub-task QA-1528 was updated:
  • Status: In Progress
  ","03/Aug/26 7:33 AM;557058:f58131cb-b67d-43c7-b30d-6b58d40bd077;Sub-task QA-1529 was updated:
  • Status: In Progress
  ","03/Aug/26 7:34 AM;557058:f58131cb-b67d-43c7-b30d-6b58d40bd077;Sub-task QA-1529 was updated:
  • Status: Done
  ","03/Aug/26 7:34 AM;557058:f58131cb-b67d-43c7-b30d-6b58d40bd077;Sub-task QA-1528 was updated:
  • Status: Done
  ","03/Aug/26 7:35 AM;557058:f58131cb-b67d-43c7-b30d-6b58d40bd077;Sub-task QA-1527 was updated:
  • Status: Done
  ","03/Aug/26 7:41 AM;557058:f58131cb-b67d-43c7-b30d-6b58d40bd077;Sub-task QA-1527 was updated:
  • Status: In Progress
  ","03/Aug/26 7:44 AM;557058:f58131cb-b67d-43c7-b30d-6b58d40bd077;Sub-task QA-1528 was updated:
  • Status: In Progress
  ","03/Aug/26 7:45 AM;557058:f58131cb-b67d-43c7-b30d-6b58d40bd077;Sub-task QA-1529 was updated:
  • Status: In Progress
  ","03/Aug/26 3:54 PM;557058:f58131cb-b67d-43c7-b30d-6b58d40bd077;Sub-task QA-1529 was updated:
  • Status: Review
  ","03/Aug/26 3:54 PM;557058:f58131cb-b67d-43c7-b30d-6b58d40bd077;Sub-task QA-1528 was updated:
  • Status: Review
  ","03/Aug/26 3:54 PM;557058:f58131cb-b67d-43c7-b30d-6b58d40bd077;Sub-task QA-1527 was updated:
  • Status: Review
  ","05/Aug/26 12:20 AM;557058:f58131cb-b67d-43c7-b30d-6b58d40bd077;Sub-task QA-1527 was updated:
  • Status: Done
  ","05/Aug/26 12:21 AM;557058:f58131cb-b67d-43c7-b30d-6b58d40bd077;Sub-task QA-1528 was updated:
  • Status: Done
  ","05/Aug/26 12:21 AM;557058:f58131cb-b67d-43c7-b30d-6b58d40bd077;Sub-task QA-1529 was updated:
  • Status: Done
  ",,,,,,,,,,,,,,,,,,,,,320810,QA-796,Unite MSC Test Automation,Done,8/5/2026 0:21
[UNITE-MSC][Mobile1][API Automation] POST mobilemembersession/validateBiometricToken automation,QA-1521,349293,Story,Done,QA,QA Automation,software,Timothy Kaufman,6418909f67102fc717c0b0d8,"{quote}Automation & Performance Testing Center of Excellence 


Tracks test strategy, execution, CI results, risk mitigation, and engineering dashboards.  


Project lead: Swapnil Patil (Functional) | Timothy Kaufman (JIRA Admin){quote}",https://confluence.ascensus.com/pages/viewpage.action?pageId=315559619,Low,Done,VENKATESH MALLELA,712020:1a2ec93a-8616-4589-a831-b49300d8cab7,VENKATESH MALLELA,712020:1a2ec93a-8616-4589-a831-b49300d8cab7,VENKATESH MALLELA,712020:1a2ec93a-8616-4589-a831-b49300d8cab7,7/30/2026 5:16,8/3/2026 11:03,,8/3/2026 11:03,,AMSQUAD Sprint 26.12,8/3/2026 0:00,0,QA-Board-View,Regression,unite-msc,,,,"s a *QA automation engineer*,
I want a *lean TestNG test* for *POST* {{/mobile1api/v1/mobilemembersession/validateBiometricToken}} on Mobile1,
So that *biometric login* (validate enrolled biometric and obtain member session JWT) is covered in the lean framework, aligned with legacy behavior.

*Current state:* Password login ({{mobilemembersession}}) and member biometric *enrollment* (POST/GET/DELETE {{mobilememberbiometric}}) are in scope separately. *Biometric login via* {{validateBiometricToken}} *is not automated* in {{api-test-automation}} yet.

*Legacy reference:* {{mobilemembersession.feature}} — scenarios {{@mobileMemberSessionBiometric}}, {{@mobileMemberSessionBiometricWrongDevice}}, {{@mobileMemberSessionBiometricNoDeviceUUID}} in {{unite-mobile1}}.

*Business flow:* After a member enrolls a device (POST {{mobilememberbiometric}}), the mobile app uses fingerprint/face login by calling {{validateBiometricToken}} with {{planId}}, {{biometricToken}}, and {{deviceUuid}} to obtain a *member session JWT* without password.

----

h2. Endpoint

||Method||Path||Auth||Expected||
|*POST*|{{/mobile1api/v1/mobilemembersession/validateBiometricToken}}|*No member Bearer required* ({{@PermitAll}})|*HTTP 200* when token + device are valid|

*Request body (required):*

{noformat}{
  ""planId"": ""okdirect"",
  ""biometricToken"": ""<from POST mobilememberbiometric>"",
  ""deviceUuid"": ""<same UUID used at enrollment>""
}{noformat}

*Headers:* {{X-App-Version}}, {{Content-Type: application/json}}

*Success response:* HTTP 200, HAL {{_embedded.item}} with {{jwtToken}} (and session fields such as {{username}} / {{memberId}} as returned by auth).

*Failure (legacy):* HTTP 401 with errors e.g. {{INVALID_BIOMETRIC_TOKEN}}, {{INVALID_CREDENTIALS}}.

----

h2. Suggested test design (lean)

*Class (proposed):* {{mobile1.membersession.MobileMemberSessionValidateBiometricTokenRequestTest}}
*Method (proposed):* {{postValidateBiometricToken_returnsMemberSession}}

*Flow:*

# {{setTestUser(""1"")}} — okdirect, QAAUTOTEST SQL fixture
# *Inline setup:* POST {{/mobile1api/v1/mobilememberbiometric}} with unique {{deviceUuid}}, {{deviceInfo}}, {{trusted=Y}}
# Capture {{biometricToken}} and {{deviceUuid}} from POST response
# *POST* {{/mobile1api/v1/mobilemembersession/validateBiometricToken}} with body {{planId}}, {{biometricToken}}, {{deviceUuid}} (*no* {{Authorization}} header)
# Assert *200*
# Assert {{jwtToken}} present (JWT-style, non-blank)
# Optional: assert {{planId}} / username matches test user context

*Reuse:* Existing member biometric POJOs ({{MobileMemberBiometricPostPayloadPOJO}}, {{MobileMemberBiometricItemPOJO}}, embedded wrapper) and new or existing session POJO under {{membersession}} as needed.",,Automation for Jira,VENKATESH MALLELA,,557058:f58131cb-b67d-43c7-b30d-6b58d40bd077,712020:1a2ec93a-8616-4589-a831-b49300d8cab7,,,,,,,,,,,,,,,,,,,,,,,,,,,,,,,,,,,"* 
* Test class exists under {{mobile1.membersession}} (or agreed package — *not* {{memberbiometric}})
* Happy-path test: enroll biometric → validate biometric token → assert *200* + {{jwtToken}}
* Branding: {{okdirect}} only (non-IDP)
* Auth user: {{setTestUser(""1"")}} via {{get.mobile.auth.user}} SQL fixture
* Inline POST biometric setup in same test (no dependency on another test class)
* Wired into existing *membersession* integration/regression TestNG XML (or new blocks in agreed suite — *no* separate one-off suite unless team prefers)
* Maven profile documented in {{mobile/mobile1/README.md}}
* QC4 validation command documented and passing:
{noformat}{noformat}",,,,,ApprovalsCFValue{approvals=[]},,,,,,,,,,,,,,,,,,,,,,,,,,,,,,,,,,,,,,,,,,,,,,,,,,,{},,,,,,,,,,,,,,,,,,,,,,,,,,,,,,,,,,,,,,,,,,,,,,,,,,,,,,,,,,,,,,,,,,,,,,,,,,,,,,,,,,,,,,,,,,,,,,,,,0|i18pth:zzuzn,,,,,,,,,,,,,,,,,,,,,,,,,,,,,,,,,,,,,,,,,,,AMSQUAD Sprint 26.12 7/22-8/04,,,7/30/2026 0:00,,2,,,,,,,,,,,,,,,,,,,,,,,,,,,,,,,30:10.4,3_*:*_1_*:*_336696203_*|*_10409_*:*_1_*:*_911819_*|*_10000_*:*_1_*:*_16067277_*|*_10420_*:*_1_*:*_0,"03/Aug/26 7:30 AM;557058:f58131cb-b67d-43c7-b30d-6b58d40bd077;Sub-task QA-1523 was updated:
  • Status: Review
  ","03/Aug/26 7:30 AM;557058:f58131cb-b67d-43c7-b30d-6b58d40bd077;Sub-task QA-1522 was updated:
  • Status: Review
  ","03/Aug/26 7:31 AM;557058:f58131cb-b67d-43c7-b30d-6b58d40bd077;Sub-task QA-1524 was updated:
  • Status: Review
  ","03/Aug/26 11:02 AM;557058:f58131cb-b67d-43c7-b30d-6b58d40bd077;Sub-task QA-1522 was updated:
  • Status: Done
  ","03/Aug/26 11:02 AM;557058:f58131cb-b67d-43c7-b30d-6b58d40bd077;Sub-task QA-1523 was updated:
  • Status: Done
  ","03/Aug/26 11:03 AM;557058:f58131cb-b67d-43c7-b30d-6b58d40bd077;Sub-task QA-1524 was updated:
  • Status: Done
  ",,,,,,,,,,,,,,,,,,,,,,,,,,,,,320810,QA-796,Unite MSC Test Automation,Done,8/3/2026 11:03
[UNITE-MSC][Mobile1][API Automation] DELETE mobilememberbiometric automation (skipped / deferred,QA-1420,346040,Story,Done,QA,QA Automation,software,Timothy Kaufman,6418909f67102fc717c0b0d8,"{quote}Automation & Performance Testing Center of Excellence 


Tracks test strategy, execution, CI results, risk mitigation, and engineering dashboards.  


Project lead: Swapnil Patil (Functional) | Timothy Kaufman (JIRA Admin){quote}",https://confluence.ascensus.com/pages/viewpage.action?pageId=315559619,Low,Done,VENKATESH MALLELA,712020:1a2ec93a-8616-4589-a831-b49300d8cab7,VENKATESH MALLELA,712020:1a2ec93a-8616-4589-a831-b49300d8cab7,VENKATESH MALLELA,712020:1a2ec93a-8616-4589-a831-b49300d8cab7,7/20/2026 9:23,7/30/2026 9:57,,7/30/2026 9:56,,AMSQUAD Sprint 26.12,7/30/2026 0:00,0,QA-Board-View,Regression,unite-msc,,,,"As a *QA automation engineer*,
I want a *lean TestNG test* for *DELETE* {{/mobile1api/v1/mobilememberbiometric}} on Mobile1,
So that *member biometric removal* is covered in the same framework as existing POST and GET tests, aligned with legacy behavior.

*Current state:* POST and GET are implemented and running for {{okdirect}}. DELETE is *scaffolded but skipped* ({{@Test(enabled = false)}}) in {{MobileMemberBiometricDeleteRequestTest}} until lifecycle validation and SQL reconciliation are ready.

*Legacy reference:* {{MobileMemberBiometricStepdefs}} — create → delete with {{x-enc-biotoken}} → verify GET returns empty biometric.

----

h2. Endpoint

||Method||Path||Header||Expected||
|*DELETE*|{{/mobile1api/v1/mobilememberbiometric}}|{{x-enc-biotoken: {biometricToken}}}|*HTTP 204* (No Content)|

*Precondition:* Create biometric via POST (unique {{deviceUuid}}, {{deviceInfo}}, {{trusted=Y}}).

*Postcondition:* GET with same {{x-enc-biotoken}} returns HTTP 200 with {{biometricToken}}, {{deviceUuid}}, and {{deviceInfo}} null.",,Automation for Jira,VENKATESH MALLELA,,557058:f58131cb-b67d-43c7-b30d-6b58d40bd077,712020:1a2ec93a-8616-4589-a831-b49300d8cab7,,,,,,,,,,,,,,,,,,,,,,,,,,,,,,,,,,,"* {{mobile1.memberbiometric.MobileMemberBiometricDeleteRequestTest}}
* Test method: {{deleteMobileMemberBiometric_removesBiometricToken}}
* Flow: {{setTestUser(""1"")}} → POST create → DELETE with {{x-enc-biotoken}} → assert *204* → GET → assert biometric fields removed
* Wired into {{memberbiometric-integration-testng.xml}} and {{memberbiometric-regression-testng.xml}} ({{okdirect}})
* Maven profiles unchanged: {{mobile1-memberbiometric-integration}}, {{mobile1-memberbiometric-regression}}
* Test is *skipped* until enabled: {{@Test(enabled = false)}} (no impact on current 2 passing tests)
* When enabled, QC4 run passes:
{noformat}mvn -f mobile/mobile1/pom.xml clean test ""-Pmobile1-memberbiometric-regression"" ""-Denvironment.properties=qc4.properties""{noformat}
* README documents DELETE as scaffolded/skipped

----

h2. Technical notes

||Item||Detail||
|*Branding*|{{okdirect}} (non-IDP)|
|*Auth*|{{setTestUser(""1"")}} via {{get.mobile.auth.user}}|
|*Reuse*|{{MobileMemberBiometricPostPayloadPOJO}}, {{MobileMemberBiometricItemPOJO}}, {{MobileMemberBiometricEmbeddedPOJO}}|
|*Status codes*|POST/GET → 200; DELETE → 204|
|*Skipped reason*|Full lifecycle + DB reconciliation deferred (same as POST/GET TODOs)|

----

h2. Out of scope (future stories)

* DELETE another member’s biometric (legacy expects *401*)
* Invalid/missing {{x-enc-biotoken}}
* IDP / multi-branding beyond {{okdirect}}
* SQL reconciliation for biometric records in DB

----

h2. Definition of done (when un-skipped)

# Remove {{enabled = false}} from {{@Test}}
# Run integration + regression on QC4; all 3 member biometric tests pass
# Update README expected count: *3 tests* per suite
# MR merged to {{main}}

----

h2. Labels / components (suggested)

* {{mobile1}}, {{member-biometric}}, {{api-automation}}, {{deferred}}, {{okdirect}}

----

h2. Epic / link

Link to parent epic for *Mobile1 Member Biometric migration* (POST/GET already done).",,,,,ApprovalsCFValue{approvals=[]},,,,,,,,,,,,,,,,,,,,,,,,,,,,,,,,,,,,,,,,,,,,,,,,,,,{},,,,,,,,,,,,,,,,,,,,,,,,,,,,,,,,,,,,,,,,,,,,,,,,,,,,,,,,,,,,,,,,,,,,,,,,,,,,,,,,,,,,,,,,,,,,,,,,,0|i18pte:,,,,,,,,,,,,,,,,,,,,,,,,,,,,,,,,,,,,,,,,,,,AMSQUAD Sprint 26.12 7/22-8/04,,,7/28/2026 0:00,,2,,,,,,,,,,,,,,,,,,,,,,,,,,,,,,,12:18.6,3_*:*_1_*:*_101484721_*|*_10409_*:*_1_*:*_259562745_*|*_10000_*:*_1_*:*_430949286_*|*_10420_*:*_1_*:*_0,"28/Jul/26 9:12 AM;557058:f58131cb-b67d-43c7-b30d-6b58d40bd077;Sub-task QA-1503 was updated:
  • Status: In Progress
  ","28/Jul/26 9:12 AM;557058:f58131cb-b67d-43c7-b30d-6b58d40bd077;Sub-task QA-1504 was updated:
  • Status: In Progress
  ","29/Jul/26 12:56 PM;557058:f58131cb-b67d-43c7-b30d-6b58d40bd077;Sub-task QA-1505 was updated:
  • Status: In Progress
  ","29/Jul/26 1:23 PM;557058:f58131cb-b67d-43c7-b30d-6b58d40bd077;Sub-task QA-1503 was updated:
  • Status: Review
  ","29/Jul/26 1:23 PM;557058:f58131cb-b67d-43c7-b30d-6b58d40bd077;Sub-task QA-1504 was updated:
  • Status: Review
  ","29/Jul/26 1:23 PM;557058:f58131cb-b67d-43c7-b30d-6b58d40bd077;Sub-task QA-1505 was updated:
  • Status: Review
  ","30/Jul/26 9:56 AM;557058:f58131cb-b67d-43c7-b30d-6b58d40bd077;Sub-task QA-1503 was updated:
  • Status: Done
  ","30/Jul/26 9:57 AM;557058:f58131cb-b67d-43c7-b30d-6b58d40bd077;Sub-task QA-1504 was updated:
  • Status: Done
  ","30/Jul/26 9:57 AM;557058:f58131cb-b67d-43c7-b30d-6b58d40bd077;Sub-task QA-1505 was updated:
  • Status: Done
  ",,,,,,,,,,,,,,,,,,,,,,,,,,320810,QA-796,Unite MSC Test Automation,Done,7/30/2026 9:56
 [UNITE-MSC][Mobile1][API Automation] Automate GET mobilebeneficiaryByExt/{ext} Endpoin,QA-1411,345962,Story,Done,QA,QA Automation,software,Timothy Kaufman,6418909f67102fc717c0b0d8,"{quote}Automation & Performance Testing Center of Excellence 


Tracks test strategy, execution, CI results, risk mitigation, and engineering dashboards.  


Project lead: Swapnil Patil (Functional) | Timothy Kaufman (JIRA Admin){quote}",https://confluence.ascensus.com/pages/viewpage.action?pageId=315559619,Low,Done,VENKATESH MALLELA,712020:1a2ec93a-8616-4589-a831-b49300d8cab7,VENKATESH MALLELA,712020:1a2ec93a-8616-4589-a831-b49300d8cab7,VENKATESH MALLELA,712020:1a2ec93a-8616-4589-a831-b49300d8cab7,7/20/2026 3:19,7/20/2026 10:53,,7/20/2026 10:33,,AMSQUAD Sprint 26.11,7/22/2026 0:00,0,QA-Board-View,Regression,unite-msc,,,,"Add automated coverage for the Mobile 1 (MSC / BFF) API:

{noformat}GET {{baseUrl}}/{{apiApp}}/{{apiVer}}/mobilebeneficiaryByExt/{{ext}}{noformat}

*Resolved path (Mobile 1):*

{noformat}GET /mobile1api/v1/mobilebeneficiaryByExt/{ext}{noformat}

||Item||Detail||
|*Method*|GET|
|*Base URL*|{{mobile-authentication-uri}} (e.g. {{https://unite-bff-wtn.qc4.unite529.com}})|
|*apiApp*|{{mobile1api}}|
|*apiVer*|{{v1}}|
|*Path param*|{{ext}} — account extension (last 2 digits of account ID)|
|*Auth*|Mobile 1 member session ({{POST /mobile1api/v1/mobilemembersession}}) via {{MobileBaseRequestTest}}|
|*Stream*|{{MOBILE_TYPE.MOBILE1}}|
|*Project*|{{api-test-automation/mobile/mobile1}}|
|*Reference*|{{Mobile1AuthenticationTest}}, {{MobileBaseRequestTest}}, Postman {{MSC-Mobile-app.postman_collection.json}}|

h3. Business Value

* Validates beneficiary contract for Mobile 1 profile/transact flows
* Extends Mobile 1 automation beyond authentication
* Enables CI regression for beneficiary API after releases",,Automation for Jira,VENKATESH MALLELA,,557058:f58131cb-b67d-43c7-b30d-6b58d40bd077,712020:1a2ec93a-8616-4589-a831-b49300d8cab7,,,,,,,,,,,,,,,,,,,,,,,,,,,,,,,,,,,"h3. Prerequisites

* API contract / Swagger confirmed for {{mobilebeneficiaryByExt}}
* QC4 auth test data available ({{get.mobile.auth.user}} in {{mobile.sql}})
* Branding confirmed (e.g. {{okdirect}} Non-IDP, {{nmdirect}} IDP — per existing auth suite)

h3. Acceptance Criteria

# *Given* a valid Mobile 1 member session, *when* {{GET /mobile1api/v1/mobilebeneficiaryByExt/{ext}}} is called with a valid {{ext}}, *then* response is {{200 OK}} with expected beneficiary payload.
# *Given* integration automation is complete, *when* the integration suite runs, *then* at least one happy-path test passes.
# *Given* regression suite is wired, *when* the Maven profile runs, *then* beneficiary regression tests execute via TestNG XML.
# *Given* implementation is merged, *when* README is reviewed, *then* endpoint, run command, and expected assertions are documented.

h3. Out of Scope

* Mobile 2 endpoints ({{/mobile2api/v1/*}})
* V2 Cucumber/UI beneficiary tests
* PUT/POST beneficiary update APIs (unless separately scoped)",,,,,ApprovalsCFValue{approvals=[]},,,,,,,,,,,,,,,,,,,,,,,,,,,,,,,,,,,,,,,,,,,,,,,,,,,{},,,,,,,,,,,,,,,,,,,,,,,,,,,,,,,,,,,,,,,,,,,,,,,,,,,,,,,,,,,,,,,,,,,,,,,,,,,,,,,,,,,,,,,,,,,,,,,,,0|i18cfp:zy,,,,,,,,,,,,,,,,,,,,,,,,,,,,,,,,,,,,,,,,,,,AMSQUAD Sprint 26.11 7/08-7/21,,,7/20/2026 0:00,,2,,,,,,,,,,,,,,,,,,,,,,,,,,,,,,,52:51.7,3_*:*_1_*:*_1770269_*|*_10409_*:*_1_*:*_298528_*|*_10000_*:*_1_*:*_23938093_*|*_10420_*:*_1_*:*_0,"20/Jul/26 10:52 AM;557058:f58131cb-b67d-43c7-b30d-6b58d40bd077;Sub-task QA-1412 was updated:
  • Status: Review
  ","20/Jul/26 10:52 AM;557058:f58131cb-b67d-43c7-b30d-6b58d40bd077;Sub-task QA-1412 was updated:
  • Status: Done
  ","20/Jul/26 10:53 AM;557058:f58131cb-b67d-43c7-b30d-6b58d40bd077;Sub-task QA-1413 was updated:
  • Status: Review
  ","20/Jul/26 10:53 AM;557058:f58131cb-b67d-43c7-b30d-6b58d40bd077;Sub-task QA-1413 was updated:
  • Status: Done
  ",,,,,,,,,,,,,,,,,,,,,,,,,,,,,,,320810,QA-796,Unite MSC Test Automation,Done,7/20/2026 10:33
[UNITE-MSC][Mobile1] Biometric and push — discovery and integration vertical slice (if in MSC scope),QA-1403,345364,Story,Done,QA,QA Automation,software,Timothy Kaufman,6418909f67102fc717c0b0d8,"{quote}Automation & Performance Testing Center of Excellence 


Tracks test strategy, execution, CI results, risk mitigation, and engineering dashboards.  


Project lead: Swapnil Patil (Functional) | Timothy Kaufman (JIRA Admin){quote}",https://confluence.ascensus.com/pages/viewpage.action?pageId=315559619,Medium,Done,VENKATESH MALLELA,712020:1a2ec93a-8616-4589-a831-b49300d8cab7,Sunil Godiyal,712020:cc420b1e-75ad-4809-a429-2b255ac56337,Sunil Godiyal,712020:cc420b1e-75ad-4809-a429-2b255ac56337,7/16/2026 8:49,7/22/2026 2:49,,7/22/2026 2:49,,AMSQUAD Sprint 26.11,7/22/2026 0:00,0,QA-Board-View,Regression,unite-msc,,,,"h2. User story

As a QA automation engineer, I want automated tests for Mobile 1 biometric and push token endpoints if confirmed in MSC scope, so that device registration flows are covered when product includes them in sign-off.

h2. Endpoints (per legacy features — confirm in spike)

||*Operation*||*Representative paths*||
|Biometric|POST / GET|
| | |

h2. Dependencies

* S-26.11-04 must confirm biometric/push are in MSC scope

h2. Out of scope if deferred

* Entire story cancelled per scope spike outcome

h2. Acceptance criteria

# Given the scope spike confirms biometric and push are in-scope, when tests are implemented on QC4, then each in-scope endpoint has L3 contract assertions in a TestNG integration test.
# Given the scope spike defers biometric and push, when the decision is recorded, then this story is cancelled and linked to the spike output.

h2. Reference

* Legacy biometric/push Cucumber features",,Automation for Jira,,,557058:f58131cb-b67d-43c7-b30d-6b58d40bd077,,,,,,,,,,,,,,,,,,,,,,,,,,,,,,,,,,,,,,,,,ApprovalsCFValue{approvals=[]},,,,,,,,,,,,,,,,,,,,,,,,,,,,,,,,,,,,,,,,,,,,,,,,,,,{},,,,,,,,,,,,,,,,,,,,,,,,,,,,,,,,,,,,,,,,,,,,,,,,,,,,,,,,,,,,,,,,,,,,,,,,,,,,,,,,,,,,,,,,,,,,,,,,,0|i18cfp:zxi,,,,,,,,,,,,,,,,,,,,,,,,,,,,,,,,,,,,,,,,,,,AMSQUAD Sprint 26.11 7/08-7/21,,,7/21/2026 0:00,,3,,,,,,,,,,,,,,,,,,,,,,,,,,,,,,,59:28.8,3_*:*_1_*:*_0_*|*_10409_*:*_1_*:*_931109_*|*_10000_*:*_1_*:*_421259429,"20/Jul/26 9:59 AM;557058:f58131cb-b67d-43c7-b30d-6b58d40bd077;Sub-task QA-1428 was updated:
  • Status: To Do
  ","20/Jul/26 10:01 AM;557058:f58131cb-b67d-43c7-b30d-6b58d40bd077;Sub-task QA-1427 was updated:
  • Status: To Do
  ","20/Jul/26 10:01 AM;557058:f58131cb-b67d-43c7-b30d-6b58d40bd077;Sub-task QA-1425 was updated:
  • Status: To Do
  ","21/Jul/26 6:05 AM;557058:f58131cb-b67d-43c7-b30d-6b58d40bd077;Sub-task QA-1425 was updated:
  • Status: In Progress
  ","21/Jul/26 6:06 AM;557058:f58131cb-b67d-43c7-b30d-6b58d40bd077;Sub-task QA-1426 was updated:
  • Status: In Progress
  ","21/Jul/26 7:48 AM;557058:f58131cb-b67d-43c7-b30d-6b58d40bd077;Sub-task QA-1427 was updated:
  • Status: In Progress
  ","21/Jul/26 7:49 AM;557058:f58131cb-b67d-43c7-b30d-6b58d40bd077;Sub-task QA-1428 was updated:
  • Status: In Progress
  ","21/Jul/26 9:16 AM;557058:f58131cb-b67d-43c7-b30d-6b58d40bd077;Sub-task QA-1425 was updated:
  • Status: Review
  ","21/Jul/26 9:16 AM;557058:f58131cb-b67d-43c7-b30d-6b58d40bd077;Sub-task QA-1427 was updated:
  • Status: Review
  ","21/Jul/26 9:16 AM;557058:f58131cb-b67d-43c7-b30d-6b58d40bd077;Sub-task QA-1426 was updated:
  • Status: Review
  ","21/Jul/26 9:16 AM;557058:f58131cb-b67d-43c7-b30d-6b58d40bd077;Sub-task QA-1428 was updated:
  • Status: Review
  ","22/Jul/26 2:49 AM;557058:f58131cb-b67d-43c7-b30d-6b58d40bd077;Sub-task QA-1425 was updated:
  • Status: Done
  ","22/Jul/26 2:49 AM;557058:f58131cb-b67d-43c7-b30d-6b58d40bd077;Sub-task QA-1427 was updated:
  • Status: Done
  ","22/Jul/26 2:49 AM;557058:f58131cb-b67d-43c7-b30d-6b58d40bd077;Sub-task QA-1426 was updated:
  • Status: Done
  ","22/Jul/26 2:49 AM;557058:f58131cb-b67d-43c7-b30d-6b58d40bd077;Sub-task QA-1428 was updated:
  • Status: Done
  ",,,,,,,,,,,,,,,,,,,,320810,QA-796,Unite MSC Test Automation,Done,7/22/2026 2:49
[UNITE-MSC][Mobile1] Close account — integration vertical slice with strict isolation (module only),QA-1402,345363,Story,Done,QA,QA Automation,software,Timothy Kaufman,6418909f67102fc717c0b0d8,"{quote}Automation & Performance Testing Center of Excellence 


Tracks test strategy, execution, CI results, risk mitigation, and engineering dashboards.  


Project lead: Swapnil Patil (Functional) | Timothy Kaufman (JIRA Admin){quote}",https://confluence.ascensus.com/pages/viewpage.action?pageId=315559619,Medium,Done,VENKATESH MALLELA,712020:1a2ec93a-8616-4589-a831-b49300d8cab7,Sunil Godiyal,712020:cc420b1e-75ad-4809-a429-2b255ac56337,Sunil Godiyal,712020:cc420b1e-75ad-4809-a429-2b255ac56337,7/16/2026 8:45,7/29/2026 12:51,,7/29/2026 12:51,,AMSQUAD Sprint 26.12,7/29/2026 0:00,0,destructive,mobile1,module-only,QA-Board-View,Regression,unite-msc,"**User story**
As a QA automation engineer, I want a close-account test that runs only on a disposable automation account, so that destructive account closure is validated without impacting shared regression data.

**Endpoint**

|Method|Path|
|--------|------|
|POST|{{baseUrl}}/{{apiApp}}/{{apiVer}}/mobilecloseaccount/{{ext}}?preClosureCheck={{preClosureCheck}}|

**Risk**
**Destructive** — exclude from master regression. Dedicated disposable account only.

**Out of scope**

* Master regression suite inclusion
* Reuse of closed account by other test suites

**Dependencies**

* S-26.11-04 scope sign-off; C-01

**Acceptance criteria**
1. Given a disposable QC4 test account, when POST `/mobile1api/v1/mobilecloseaccount/{ext}` runs, then contract assertions pass and the account is not reused by other suites.
2. Given master regression TestNG XML is reviewed, when close-account test exists, then it is excluded from the master suite.

**Reference**

* `API Endpoints - Mobile1`; legacy close-account features",,Automation for Jira,,,557058:f58131cb-b67d-43c7-b30d-6b58d40bd077,,,,,,,,,,,,,,,,,,,,,,,,,,,,,,,,,,,,,,,,,ApprovalsCFValue{approvals=[]},,,,,,,,,,,,,,,,,,,,,,,,,,,,,,,,,,,,,,,,,,,,,,,,,,,{},,,,,,,,,,,,,,,,,,,,,,,,,,,,,,,,,,,,,,,,,,,,,,,,,,,,,,,,,,,,,,,,,,,,,,,,,,,,,,,,,,,,,,,,,,,,,,,,,0|i17p7h:hs,,,,,,,,,,,,,,,,,,,,,,,,,,,,,,,,,,,,,,,,,,,AMSQUAD Sprint 26.12 7/22-8/04,,,7/23/2026 0:00,,3,,,,,,,,,,,,,,,,,,,,,,,,,,,,,,,52:54.0,3_*:*_1_*:*_105608260_*|*_10409_*:*_1_*:*_1152358_*|*_10000_*:*_1_*:*_581359223_*|*_10420_*:*_1_*:*_0,"24/Jul/26 7:52 AM;557058:f58131cb-b67d-43c7-b30d-6b58d40bd077;Sub-task QA-1441 was updated:
  • Status: In Progress
  ","24/Jul/26 7:53 AM;557058:f58131cb-b67d-43c7-b30d-6b58d40bd077;Sub-task QA-1442 was updated:
  • Status: In Progress
  ","24/Jul/26 7:53 AM;557058:f58131cb-b67d-43c7-b30d-6b58d40bd077;Sub-task QA-1439 was updated:
  • Status: Review
  ","24/Jul/26 7:54 AM;557058:f58131cb-b67d-43c7-b30d-6b58d40bd077;Sub-task QA-1440 was updated:
  • Status: Review
  ","24/Jul/26 7:54 AM;557058:f58131cb-b67d-43c7-b30d-6b58d40bd077;Sub-task QA-1441 was updated:
  • Status: Review
  ","24/Jul/26 7:54 AM;557058:f58131cb-b67d-43c7-b30d-6b58d40bd077;Sub-task QA-1442 was updated:
  • Status: Review
  ","29/Jul/26 12:50 PM;557058:f58131cb-b67d-43c7-b30d-6b58d40bd077;Sub-task QA-1441 was updated:
  • Status: Done
  ","29/Jul/26 12:50 PM;557058:f58131cb-b67d-43c7-b30d-6b58d40bd077;Sub-task QA-1440 was updated:
  • Status: Done
  ","29/Jul/26 12:51 PM;557058:f58131cb-b67d-43c7-b30d-6b58d40bd077;Sub-task QA-1439 was updated:
  • Status: Done
  ","29/Jul/26 12:51 PM;557058:f58131cb-b67d-43c7-b30d-6b58d40bd077;Sub-task QA-1442 was updated:
  • Status: Done
  ",,,,,,,,,,,,,,,,,,,,,,,,,320810,QA-796,Unite MSC Test Automation,Done,7/29/2026 12:51
[UNITE-MSC][Mobile1] Beneficiary reads — POST mobilecloseaccount/{ext} (preClosureCheck),QA-1398,345359,Story,Done,QA,QA Automation,software,Timothy Kaufman,6418909f67102fc717c0b0d8,"{quote}Automation & Performance Testing Center of Excellence 


Tracks test strategy, execution, CI results, risk mitigation, and engineering dashboards.  


Project lead: Swapnil Patil (Functional) | Timothy Kaufman (JIRA Admin){quote}",https://confluence.ascensus.com/pages/viewpage.action?pageId=315559619,Medium,Done,VENKATESH MALLELA,712020:1a2ec93a-8616-4589-a831-b49300d8cab7,Sunil Godiyal,712020:cc420b1e-75ad-4809-a429-2b255ac56337,Sunil Godiyal,712020:cc420b1e-75ad-4809-a429-2b255ac56337,7/16/2026 8:20,7/29/2026 12:49,,7/29/2026 12:49,,AMSQUAD Sprint 26.12,7/29/2026 0:00,0,beneficiary,mobile1,QA-Board-View,Regression,unite-msc,,"Automate the Mobile 1 *close account pre-closure validation* endpoint under canonical {{mobile/mobile1}}, using the same lean TestNG pattern as Bank Info and Beneficiary.

*Endpoint*

{{POST /mobile1api/v1/mobilecloseaccount/{ext}?preClosureCheck=false}}

*Purpose*

When {{preClosureCheck=true}}, the API validates whether the account can be closed *without* actually closing it. The response returns account {{ext}} and, if closure is blocked, an {{error}} object (e.g. {{PENDING_TRANSACTION}}, {{ACCOUNT_BALANCE}}).

*Fixture*

||Item||Value||
|Module|{{mobile/mobile1}}|
|Branding|{{okdirect}} (non-IDP)|
|User id|{{1}}|
|Auth|{{MobileBaseRequestTest}} + {{setTestUser(""1"")}}|
|Account ext|Resolved from SQL auth fixture ({{get.mobile.auth.user}})|

*Legacy reference*

||Item||Path||
|Repo|{{C:\MSC_Automation_Code\unitemsc\unite-mobile1}}|
|Feature|{{src/test/resources/features/mobilecloseaccount.feature}}|
|Step defs|{{src/test/java/mobile1/MobileCloseAccountStepdefs.java}}|
|Resource|{{MobileCloseAccountResource.java}}|

*In scope*

* One lean happy-path TestNG test for {{preClosureCheck=true}}
* POJO mapping for HAL {{_embedded.item}}
* Integration + regression suites and Maven profiles
* QC4 validation and README update

*Out of scope*

* Auth negative tests (401/403)
* NM Direct / IDP
* SQL/DB exact-value reconciliation
* Full legacy Cucumber scenario port (pending txns, bank instructions, zero balance, etc.)",,Automation for Jira,,,557058:f58131cb-b67d-43c7-b30d-6b58d40bd077,,,,,,,,,,,,,,,,,,,,,,,,,,,,,,,,,,,,,,,,,ApprovalsCFValue{approvals=[]},,,,,,,,,,,,,,,,,,,,,,,,,,,,,,,,,,,,,,,,,,,,,,,,,,,{},,,,,,,,,,,,,,,,,,,,,,,,,,,,,,,,,,,,,,,,,,,,,,,,,,,,,,,,,,,,,,,,,,,,,,,,,,,,,,,,,,,,,,,,,,,,,,,,,0|i17p7h:f,,,,,,,,,,,,,,,,,,,,,,,,,,,,,,,,,,,,,,,,,,,AMSQUAD Sprint 26.12 7/22-8/04,,,7/24/2026 0:00,,3,,,,,,,,,,,,,,,,,,,,,,,,,,,,,,,57:32.2,3_*:*_1_*:*_341301062_*|*_10409_*:*_1_*:*_565_*|*_10000_*:*_1_*:*_689779821_*|*_10420_*:*_1_*:*_0,"24/Jul/26 7:57 AM;557058:f58131cb-b67d-43c7-b30d-6b58d40bd077;Sub-task QA-1421 was updated:
  • Status: In Progress
  ","24/Jul/26 7:57 AM;557058:f58131cb-b67d-43c7-b30d-6b58d40bd077;Sub-task QA-1422 was updated:
  • Status: In Progress
  ","27/Jul/26 7:18 AM;557058:f58131cb-b67d-43c7-b30d-6b58d40bd077;Sub-task QA-1423 was updated:
  • Status: In Progress
  ","27/Jul/26 7:19 AM;557058:f58131cb-b67d-43c7-b30d-6b58d40bd077;Sub-task QA-1424 was updated:
  • Status: In Progress
  ","28/Jul/26 6:44 AM;557058:f58131cb-b67d-43c7-b30d-6b58d40bd077;Sub-task QA-1422 was updated:
  • Status: Review
  ","28/Jul/26 6:45 AM;557058:f58131cb-b67d-43c7-b30d-6b58d40bd077;Sub-task QA-1421 was updated:
  • Status: Review
  ","28/Jul/26 6:45 AM;557058:f58131cb-b67d-43c7-b30d-6b58d40bd077;Sub-task QA-1423 was updated:
  • Status: Review
  ","28/Jul/26 6:45 AM;557058:f58131cb-b67d-43c7-b30d-6b58d40bd077;Sub-task QA-1424 was updated:
  • Status: Review
  ","29/Jul/26 12:49 PM;557058:f58131cb-b67d-43c7-b30d-6b58d40bd077;Sub-task QA-1422 was updated:
  • Status: Done
  ","29/Jul/26 12:49 PM;557058:f58131cb-b67d-43c7-b30d-6b58d40bd077;Sub-task QA-1421 was updated:
  • Status: Done
  ","29/Jul/26 12:49 PM;557058:f58131cb-b67d-43c7-b30d-6b58d40bd077;Sub-task QA-1423 was updated:
  • Status: Done
  ","29/Jul/26 12:49 PM;557058:f58131cb-b67d-43c7-b30d-6b58d40bd077;Sub-task QA-1424 was updated:
  • Status: Done
  ",,,,,,,,,,,,,,,,,,,,,,,320810,QA-796,Unite MSC Test Automation,Done,7/29/2026 12:49
 [UNITE-MSC][Mobile2] Contribution GET/PUT tests — resolve ext and contributionId dynamically for multi-environment runs,QA-1383,344371,Story,Done,QA,QA Automation,software,Timothy Kaufman,6418909f67102fc717c0b0d8,"{quote}Automation & Performance Testing Center of Excellence 


Tracks test strategy, execution, CI results, risk mitigation, and engineering dashboards.  


Project lead: Swapnil Patil (Functional) | Timothy Kaufman (JIRA Admin){quote}",https://confluence.ascensus.com/pages/viewpage.action?pageId=315559619,Low,Done,VENKATESH MALLELA,712020:1a2ec93a-8616-4589-a831-b49300d8cab7,VENKATESH MALLELA,712020:1a2ec93a-8616-4589-a831-b49300d8cab7,VENKATESH MALLELA,712020:1a2ec93a-8616-4589-a831-b49300d8cab7,7/13/2026 8:22,7/20/2026 3:23,,7/20/2026 2:36,,AMSQUAD Sprint 26.11,7/20/2026 0:00,0,QA-Board-View,Regression,unite-msc,,,,"The Mobile 2 Contribution *GET by id* and *PUT* automation tests currently use hardcoded QC4 fixture values for path parameters:

* {{ext}} = {{""01""}}
* {{contributionId}} = {{""472560""}}

These values are defined in:

* {{mobile/mobile2/src/test/java/mobile2/contribution/MobileContributionDetailRequestTest.java}}
* {{mobile/mobile2/src/test/java/mobile2/contribution/MobileContributionPutRequestTest.java}}

*Affected endpoints:*

||Method||URL||
|GET|{{{{baseUrl}}/mobile2api/v1/mobilecontribution/{{ext}}/{{contributionId}}}}|
|PUT|{{{{baseUrl}}/mobile2api/v1/mobilecontribution/{{ext}}/{{contributionId}}}}|

Because {{ext}} and {{contributionId}} are environment-specific, the tests pass in QC4 but *fail in stage* (and other environments) when those IDs do not exist for the test user.

*Goal:* Update both tests to resolve {{ext}} and {{contributionId}} at runtime so they work across QC4, stage, and other configured environments—following the same automation-owned, dynamic pattern already used in {{MobileContributionPostRequestTest}} and {{MobileContributionDeleteRequestTest}}.

h3. Problem statement

Hardcoded path parameters tie tests to a single environment’s data. Stage uses different account extensions and contribution IDs, so GET/PUT calls return errors (e.g. 404/401) instead of exercising the API contract.

h3. Proposed approach

# Resolve {{ext}} dynamically from {{GET /mobile2api/v1/mobilecontribution}} → {{_embedded.item.mobileAccounts[0].ext}} (same as POST/DELETE).
# Obtain a valid {{contributionId}} dynamically by creating an automation-owned recurring contribution via POST (preferred, consistent with DELETE test), then use that id for GET detail and PUT update.
# Remove hardcoded {{ACCOUNT_EXT}} and {{CONTRIBUTION_ID}} constants.
# Optionally clean up created data after PUT (or document why cleanup is deferred).",,Automation for Jira,VENKATESH MALLELA,,557058:f58131cb-b67d-43c7-b30d-6b58d40bd077,712020:1a2ec93a-8616-4589-a831-b49300d8cab7,,,,,,,,,,,,,,,,,,,,,,,,,,,,,,,,,,,"* {{MobileContributionDetailRequestTest}} no longer uses hardcoded {{ext}} or {{contributionId}}.
* {{MobileContributionPutRequestTest}} no longer uses hardcoded {{ext}} or {{contributionId}}.
* Both tests resolve {{ext}} from {{GET mobilecontribution}} response.
* Both tests obtain {{contributionId}} dynamically (via POST create or other documented API flow).
* Tests pass in *QC4* ({{okdirect}}, user {{1}}).
* Tests pass in *stage* for the configured test user/branding.
* Assertions remain contract-focused (status, HAL {{_embedded.item}}, key business fields)—not tied to fixed QC4 IDs.
* No secrets, tokens, or PII added to code or tickets.
* Contribution integration suite ({{contribution-integration-testng.xml}}) includes both tests and runs green after change.

h3. Out of scope

* Changes to DELETE or POST tests (already dynamic).
* New negative/auth scenarios.
* SQL or DB-backed fixture lookups.

h3. Reference implementation

Use as pattern:

* {{MobileContributionPostRequestTest}} — dynamic {{seqAcctId}}, {{bnkId}}, {{beginDate}}
* {{MobileContributionDeleteRequestTest}} — POST create → resolve {{ext}} + {{id}} → DELETE",,,,,ApprovalsCFValue{approvals=[]},,,,,,,,,,,,,,,,,,,,,,,,,,,,,,,,,,,,,,,,,,,,,,,,,,,{},,,,,,,,,,,,,,,,,,,,,,,,,,,,,,,,,,,,,,,,,,,,,,,,,,,,,,,,,,,,,,,,,,,,,,,,,,,,,,,,,,,,,,,,,,,,,,,,,0|i18cfo:y,,,,,,,,,,,,,,,,,,,,,,,,,,,,,,,,,,,,,,,,,,,AMSQUAD Sprint 26.11 7/08-7/21,,,7/13/2026 0:00,,2,,,,,,,,,,,,,,,,,,,,,,,,,,,,,,,39:48.7,3_*:*_1_*:*_157148544_*|*_10409_*:*_1_*:*_158242_*|*_10000_*:*_1_*:*_8020393_*|*_10420_*:*_1_*:*_0,"13/Jul/26 10:39 AM;557058:f58131cb-b67d-43c7-b30d-6b58d40bd077;Sub-task QA-1384 was updated:
  • Status: In Progress
  ","13/Jul/26 10:40 AM;557058:f58131cb-b67d-43c7-b30d-6b58d40bd077;Sub-task QA-1385 was updated:
  • Status: In Progress
  ","15/Jul/26 6:18 AM;557058:f58131cb-b67d-43c7-b30d-6b58d40bd077;Sub-task QA-1384 was updated:
  • Status: Review
  ","15/Jul/26 6:18 AM;557058:f58131cb-b67d-43c7-b30d-6b58d40bd077;Sub-task QA-1385 was updated:
  • Status: Review
  ","20/Jul/26 2:36 AM;557058:f58131cb-b67d-43c7-b30d-6b58d40bd077;Sub-task QA-1384 was updated:
  • Status: Done
  ","20/Jul/26 2:36 AM;557058:f58131cb-b67d-43c7-b30d-6b58d40bd077;Sub-task QA-1385 was updated:
  • Status: Done
  ",,,,,,,,,,,,,,,,,,,,,,,,,,,,,320810,QA-796,Unite MSC Test Automation,Done,7/20/2026 2:36
[UNITE-MSC][Mobile2] Contribution DELETE — integration vertical slice with automation-owned data safeguards (module only),QA-1312,343070,Story,Done,QA,QA Automation,software,Timothy Kaufman,6418909f67102fc717c0b0d8,"{quote}Automation & Performance Testing Center of Excellence 


Tracks test strategy, execution, CI results, risk mitigation, and engineering dashboards.  


Project lead: Swapnil Patil (Functional) | Timothy Kaufman (JIRA Admin){quote}",https://confluence.ascensus.com/pages/viewpage.action?pageId=315559619,Low,Done,VENKATESH MALLELA,712020:1a2ec93a-8616-4589-a831-b49300d8cab7,Swapnil Patil,6357f972fc0cc7a600ae8914,Swapnil Patil,6357f972fc0cc7a600ae8914,7/8/2026 11:31,7/13/2026 10:19,,7/13/2026 10:18,,AMSQUAD Sprint 26.11,7/13/2026 0:00,0,QA-Board-View,Regression,unite-msc,,,,"h3. [UNITE-MSC][Mobile2] Contribution DELETE — integration vertical slice with automation-owned data safeguards (module only)

||Field||Value||
|*Issue Type*|Story|
|*Priority*|P2|

*Acceptance criteria:* DELETE only against automation-created contribution; never delete uncontrolled shared-environment data; module suite only.",,Automation for Jira,Swapnil Patil,,557058:f58131cb-b67d-43c7-b30d-6b58d40bd077,6357f972fc0cc7a600ae8914,,,,,,,,,,,,,,,,,,,,,,,,,,,,,,,,,,,,,,,,ApprovalsCFValue{approvals=[]},,,,,,,,,,,,,,,,,,,,,,,,,,,,,,,,,,,,,,,,,,,,,,,,,,,{},,,,,,,,,,,,,,,,,,,,,,,,,,,,,,,,,,,,,,,,,,,,,,,,,,,,,,,,,,,,,,,,,,,,,,,,,,,,,,,,,,,,,,,,,,,,,,,,,0|i18cfo:i,,,,,,,,,,,,,,,,,,,,,,,,,,,,,,,,,,,,,,,,,,,AMSQUAD Sprint 26.11 7/08-7/21,,,7/10/2026 0:00,,2,,,,,,,,,,,,,,,,,,,,,,,,,,,,,,,46:21.7,3_*:*_1_*:*_21347969_*|*_10409_*:*_1_*:*_703_*|*_10000_*:*_1_*:*_145121481_*|*_10420_*:*_1_*:*_0,"10/Jul/26 9:46 AM;557058:f58131cb-b67d-43c7-b30d-6b58d40bd077;Sub-task QA-1365 was updated:
  • Status: Review
  ","13/Jul/26 10:19 AM;557058:f58131cb-b67d-43c7-b30d-6b58d40bd077;Sub-task QA-1365 was updated:
  • Status: Done
  ",,,,,,,,,,,,,,,,,,,,,,,,,,,,,,,,,320810,QA-796,Unite MSC Test Automation,Done,7/13/2026 10:18
[Daily-Regression][V2]Update and Remove V2 Regression Test Cases for Plans Migrated from Non-IDP to IDP,QA-1275,341425,Story,Done,QA,QA Automation,software,Timothy Kaufman,6418909f67102fc717c0b0d8,"{quote}Automation & Performance Testing Center of Excellence 


Tracks test strategy, execution, CI results, risk mitigation, and engineering dashboards.  


Project lead: Swapnil Patil (Functional) | Timothy Kaufman (JIRA Admin){quote}",https://confluence.ascensus.com/pages/viewpage.action?pageId=315559619,Medium,Done,VENKATESH MALLELA,712020:1a2ec93a-8616-4589-a831-b49300d8cab7,VENKATESH MALLELA,712020:1a2ec93a-8616-4589-a831-b49300d8cab7,VENKATESH MALLELA,712020:1a2ec93a-8616-4589-a831-b49300d8cab7,7/2/2026 8:30,7/31/2026 6:26,,7/7/2026 8:38,,AMSQUAD Sprint 26.10,7/7/2026 0:00,0,QA-Board-View,Regression,unite-msc,,,,"Several Ascensus Prime V2 plans are migrating from *Legacy (Non-IDP)* member authentication to *Identity Provider (IDP)* authentication. V2 regression coverage is defined in TestNG suite XML files under {{unite-test-automation/unite/bin/regression/}} and executed via Cucumber features in {{unite-test-automation/unite/testsuite/}}.

Today, many suites still label migrated plans as *Non-IDP*, while other suites already label the same plans as *IDP*. This creates:

* Incorrect test classification in daily/smoke/release regression
* Duplicate or conflicting coverage for the same plan
* Continued execution of legacy-only flows (e.g. {{T101_*}} login, legacy web registration) for plans no longer on Legacy auth

This story aligns V2 regression suites with the authoritative list of plans that have completed the Non-IDP → IDP migration.",,Automation for Jira,VENKATESH MALLELA,,557058:f58131cb-b67d-43c7-b30d-6b58d40bd077,712020:1a2ec93a-8616-4589-a831-b49300d8cab7,,,,,,,,,,,,,,,,,,,,,,,,,,,,,,,QA Automation,,,,,,,,,ApprovalsCFValue{approvals=[]},,,,,,,,,,,,,,,,,,,,,,,,,,,,,,,,,,,,,,,,,,,,,,,,,,,{},,,,,,,,,,,,,,,,,,,,,,,,,,,,,,,,,,,,,,,,,,,,,,,,,,,,,,,,,,,,,,,,,,,,,,,,,,,,,,,,,,,,,,,,,,,,,,,,,0|i1861w:,,,,,,,,,,,,,,,,,,,,,,,,,,,,,,,,,,,,,,,,,,,AMSQUAD Sprint 26.10 6/24-7/07,,,7/6/2026 0:00,,3,,,,,,,,,4821708b-58a1-45f9-93f1-fe52c0da32a7,QA Automation,,,,,,,,,,,,,,,,,,,,,30:58.9,3_*:*_1_*:*_80303441_*|*_10409_*:*_1_*:*_3847571_*|*_10000_*:*_1_*:*_347864857_*|*_10420_*:*_1_*:*_0,"07/Jul/26 8:30 AM;557058:f58131cb-b67d-43c7-b30d-6b58d40bd077;Sub-task QA-1299 was updated:
  • Status: Review
  ","07/Jul/26 8:31 AM;557058:f58131cb-b67d-43c7-b30d-6b58d40bd077;Sub-task QA-1306 was updated:
  • Status: Review
  ","07/Jul/26 8:37 AM;557058:f58131cb-b67d-43c7-b30d-6b58d40bd077;Sub-task QA-1299 was updated:
  • Status: Done
  ","07/Jul/26 8:37 AM;557058:f58131cb-b67d-43c7-b30d-6b58d40bd077;Sub-task QA-1306 was updated:
  • Status: Done
  ","31/Jul/26 5:56 AM;557058:f58131cb-b67d-43c7-b30d-6b58d40bd077;Sub-task QA-1525 was updated:
  • Status: To Do
  ","31/Jul/26 6:26 AM;557058:f58131cb-b67d-43c7-b30d-6b58d40bd077;Sub-task QA-1525 was updated:
  • Status: Done
  ",,,,,,,,,,,,,,,,,,,,,,,,,,,,,320810,QA-796,Unite MSC Test Automation,Done,7/7/2026 8:38
[UNITE-MSC][Mobile2] Contribution — integration vertical slice and QC4 gate test,QA-1173,338529,Story,Done,QA,QA Automation,software,Timothy Kaufman,6418909f67102fc717c0b0d8,"{quote}Automation & Performance Testing Center of Excellence 


Tracks test strategy, execution, CI results, risk mitigation, and engineering dashboards.  


Project lead: Swapnil Patil (Functional) | Timothy Kaufman (JIRA Admin){quote}",https://confluence.ascensus.com/pages/viewpage.action?pageId=315559619,Medium,Done,VENKATESH MALLELA,712020:1a2ec93a-8616-4589-a831-b49300d8cab7,VENKATESH MALLELA,712020:1a2ec93a-8616-4589-a831-b49300d8cab7,VENKATESH MALLELA,712020:1a2ec93a-8616-4589-a831-b49300d8cab7,6/22/2026 8:50,6/22/2026 13:58,,6/22/2026 13:58,,AMSQUAD Sprint 26.09,6/23/2026 0:00,0,QA-Board-View,Regression,unite-msc,,,,"[UNITE-MSC][Mobile2] Contribution — integration vertical slice (QC4 deployment gate)

*Acceptance criteria:*

* ≥1 integration-tagged scenario passes QC4 ({{-Pmobile-ms-integration}})
* Extent report generated under {{target/mobile-ms-report/}}
* No hardcoded secrets; uses shared auth profile
* MR merged with Swapnil review",,Automation for Jira,VENKATESH MALLELA,,557058:f58131cb-b67d-43c7-b30d-6b58d40bd077,712020:1a2ec93a-8616-4589-a831-b49300d8cab7,,,,,,,,,,,,,,,,,,,,,,,,,,,,,,,QA Automation,,,,,,,,,ApprovalsCFValue{approvals=[]},,,,,,,,,,,,,,,,,,,,,,,,,,,,,,,,,,,,,,,,,,,,,,,,,,,{},,,,,,,,,,,,,,,,,,,,,,,,,,,,,,,,,,,,,,,,,,,,,,,,,,,,,,,,,,,,,,,,,,,,,,,,,,,,,,,,,,,,,,,,,,,,,,,,,0|i16z95:hm,,,,,,,,,,,,,,,,,,,,,,,,,,,,,,,,,,,,,,,,,,,AMSQUAD Sprint 26.09 6/10-6/23,,,6/22/2026 0:00,,3,,,,,,,,,4821708b-58a1-45f9-93f1-fe52c0da32a7,QA Automation,,,,,,,,,,,,,,,,,,,,,54:09.3,3_*:*_1_*:*_0_*|*_10409_*:*_1_*:*_2378859_*|*_10000_*:*_1_*:*_15778361,"22/Jun/26 1:54 PM;557058:f58131cb-b67d-43c7-b30d-6b58d40bd077;Sub-task QA-1174 was updated:
  • Status: In Progress
  ","22/Jun/26 1:54 PM;557058:f58131cb-b67d-43c7-b30d-6b58d40bd077;Sub-task QA-1174 was updated:
  • Status: Done
  ","22/Jun/26 1:57 PM;557058:f58131cb-b67d-43c7-b30d-6b58d40bd077;Sub-task QA-1175 was updated:
  • Status: In Progress
  ","22/Jun/26 1:57 PM;557058:f58131cb-b67d-43c7-b30d-6b58d40bd077;Sub-task QA-1175 was updated:
  • Status: Done
  ","22/Jun/26 1:57 PM;557058:f58131cb-b67d-43c7-b30d-6b58d40bd077;Sub-task QA-1176 was updated:
  • Status: In Progress
  ","22/Jun/26 1:57 PM;557058:f58131cb-b67d-43c7-b30d-6b58d40bd077;Sub-task QA-1176 was updated:
  • Status: Done
  ",,,,,,,,,,,,,,,,,,,,,,,,,,,,,320810,QA-796,Unite MSC Test Automation,Done,6/22/2026 13:58
[UNITE-MSC][Mobile2] Contribution— discovery spike and legacy coverage matrix,QA-1171,338500,Story,Done,QA,QA Automation,software,Timothy Kaufman,6418909f67102fc717c0b0d8,"{quote}Automation & Performance Testing Center of Excellence 


Tracks test strategy, execution, CI results, risk mitigation, and engineering dashboards.  


Project lead: Swapnil Patil (Functional) | Timothy Kaufman (JIRA Admin){quote}",https://confluence.ascensus.com/pages/viewpage.action?pageId=315559619,Medium,Done,VENKATESH MALLELA,712020:1a2ec93a-8616-4589-a831-b49300d8cab7,VENKATESH MALLELA,712020:1a2ec93a-8616-4589-a831-b49300d8cab7,VENKATESH MALLELA,712020:1a2ec93a-8616-4589-a831-b49300d8cab7,6/22/2026 6:10,6/22/2026 13:55,,6/22/2026 13:55,,AMSQUAD Sprint 26.09,6/23/2026 0:00,0,QA-Board-View,Regression,unite-msc,,,,"Read-only discovery spike for *Mobile 2 Contribution* before expanding canonical automation in {{mobile/mobile2}}. Produce an evidence-backed *legacy coverage matrix* and *Postman vs framework* comparison for at least one happy path — following the Dashboard / Activities migration standard.

This story is *documentation and analysis only*. Additional TestNG scenarios (POST/PUT/DELETE, {{mobilecontributioncheck}}, etc.) are separate follow-on stories.",,Automation for Jira,VENKATESH MALLELA,,557058:f58131cb-b67d-43c7-b30d-6b58d40bd077,712020:1a2ec93a-8616-4589-a831-b49300d8cab7,,,,,,,,,,,,,,,,,,,,,,,,,,,,,,,QA Automation,,,,,,,,,ApprovalsCFValue{approvals=[]},,,,,,,,,,,,,,,,,,,,,,,,,,,,,,,,,,,,,,,,,,,,,,,,,,,{},,,,,,,,,,,,,,,,,,,,,,,,,,,,,,,,,,,,,,,,,,,,,,,,,,,,,,,,,,,,,,,,,,,,,,,,,,,,,,,,,,,,,,,,,,,,,,,,,0|i16z95:ho,,,,,,,,,,,,,,,,,,,,,,,,,,,,,,,,,,,,,,,,,,,AMSQUAD Sprint 26.09 6/10-6/23,,,6/22/2026 0:00,,2,,,,,,,,,4821708b-58a1-45f9-93f1-fe52c0da32a7,QA Automation,,,,,,,,,,,,,,,,,,,,,55:44.5,3_*:*_1_*:*_0_*|*_10409_*:*_1_*:*_11990308_*|*_10000_*:*_1_*:*_15890942,"22/Jun/26 1:55 PM;557058:f58131cb-b67d-43c7-b30d-6b58d40bd077;Sub-task QA-1172 was updated:
  • Status: In Progress
  ","22/Jun/26 1:55 PM;557058:f58131cb-b67d-43c7-b30d-6b58d40bd077;Sub-task QA-1172 was updated:
  • Status: Done
  ",,,,,,,,,,,,,,,,,,,,,,,,,,,,,,,,,320810,QA-796,Unite MSC Test Automation,Done,6/22/2026 13:55
[V2][Stage1] ABLE Plans (CSR) – “Please try again later” error when clicking “Edit Address or Entity” on Authorized Individual profile,QA-1119,337495,Bug,Closed,QA,QA Automation,software,Timothy Kaufman,6418909f67102fc717c0b0d8,"{quote}Automation & Performance Testing Center of Excellence 


Tracks test strategy, execution, CI results, risk mitigation, and engineering dashboards.  


Project lead: Swapnil Patil (Functional) | Timothy Kaufman (JIRA Admin){quote}",https://confluence.ascensus.com/pages/viewpage.action?pageId=315559619,Critical,Done,VENKATESH MALLELA,712020:1a2ec93a-8616-4589-a831-b49300d8cab7,VENKATESH MALLELA,712020:1a2ec93a-8616-4589-a831-b49300d8cab7,VENKATESH MALLELA,712020:1a2ec93a-8616-4589-a831-b49300d8cab7,6/16/2026 7:26,6/22/2026 9:28,,6/22/2026 9:28,,AMSQUAD Sprint 26.08,6/19/2026 0:00,0,QA-Board-View,Regression,,,,,"When a CSR user navigates to *Profile & Documents → Authorized Individual* on an *ABLE plan* account and clicks *“Edit Address, Phone or Identity”*, the application displays a generic error page instead of opening the edit form. This blocks Authorized Individual (AI) maintenance for ABLE accounts.

*Modules affected (hub index):*

* stage1-csr-acct-maintenance  

*Enrollment technical detail (sample — Idaho):*

* {{Error! please try again later.}}

*Generic error page:*

* {{ErrorCode[This functionality is not available at this time...], [ts3], [06/05/2026 0:40:18]}}

h3. Steps to Reproduce

# Log in to *CSR* for an *ABLE plan* _(e.g. NYB, AKB, LAB)_.
# Jump to a member account that has *Authorized Individual* information.
# Navigate to *View Profile and Documents*.
# Click *Authorized Individual*.
# On the Authorized Individual summary page, click *“Edit Address or Entity”*
_(or “Edit Address, Phone or Identity” for person-type AI)_.
# Observe the result.

h3. Expected Result

The *Authorized Individual edit* screen loads, allowing the CSR user to update address, phone, identity, and/or entity details, then proceed with *Next* / *Submit*.

h3. Actual Result

Error! please try again later.
Your request cannot be completed at this time. Please contact Plan administrator.
ErrorCode[This functionality is not available at this time. Please try again later.]

h3. Environment

* *Environment:* Stage1  
* *Date:* 06/16/2026  
* *Framework:* Prime V2 (Ant/Jenkins/Selenium hub)  

h3. Priority / Severity

* *Priority:* Medium — Broad Stage1 regression signal unreliable.  
* *Severity:* Minor — stage1-csr-acct-maintenance  

h3. Attachments / Links

[TestNG reports|http://seleniumhubnt2:8081/reports/unite/20260616/stage1-csr-acct-maintenance/#]

h3. Labels/Tags (suggested)

{{regression}}, {{stage1}}, {{prime-v2}},  {{system-error}}

h3. Components

* Prime V2 Regression   
* Stage1 Platform / Shared Services",Stage 1,VENKATESH MALLELA,,,712020:1a2ec93a-8616-4589-a831-b49300d8cab7,,,86400,43200,,0%,86400,43200,,,,,,,,,,,,,,,,,,,,,,,,,,,,,,,,,ApprovalsCFValue{approvals=[]},,,,,,,,,,,,,,,,,,,,,,,,,,,,,,,,,,,,,,,Medium,,,,,,,,,,,,{},,,,,,,,,,,,,,,,,,,,,,,,,,,,,,,,,,,,,,,,,,,,,,,,,,,,,,,,,,,,,,,,,,,,,,,,,,,,,,,,,,,,,,,,,,,,,,,,,0|i17u7q:,,,,,,,,,,,,,,,,,,,,,,"new deployment fixed this issue, locators can be found & no issue anymore",Infrastructure Related,,,,,,,,,,,,,,,,,,,,,,,,,,,,,,,,,,,,,,,,,,,,,,,,,,,,,,,,,1_*:*_1_*:*_525688167_*|*_11560_*:*_1_*:*_0,,,,,,,,,,,,,,,,,,,,,,,,,,,,,,,,,,,225845,QA-3,"Update regression test plan for Unite, Universal",Done,6/22/2026 9:28
[UNITE-MSC][Mobile2] Contributions POST/PUT — discovery and integration vertical slice - E-E test & Validations,QA-1065,336180,Story,Done,QA,QA Automation,software,Timothy Kaufman,6418909f67102fc717c0b0d8,"{quote}Automation & Performance Testing Center of Excellence 


Tracks test strategy, execution, CI results, risk mitigation, and engineering dashboards.  


Project lead: Swapnil Patil (Functional) | Timothy Kaufman (JIRA Admin){quote}",https://confluence.ascensus.com/pages/viewpage.action?pageId=315559619,Medium,Done,VENKATESH MALLELA,712020:1a2ec93a-8616-4589-a831-b49300d8cab7,Swapnil Patil,6357f972fc0cc7a600ae8914,Swapnil Patil,6357f972fc0cc7a600ae8914,6/10/2026 11:25,7/6/2026 9:50,,7/6/2026 9:50,,AMSQUAD Sprint 26.10,7/6/2026 0:00,0,QA-Board-View,Regression,unite-msc,,,," [UNITE-MSC][Mobile2] Activities — discovery spike and legacy coverage matrix

*Acceptance criteria:*

* Legacy repo + Postman evidence inventoried
* Coverage matrix: migrate / exclude / park with Dev sign-off
* Postman vs framework comparison notes for ≥1 happy path",,Automation for Jira,Swapnil Patil,,557058:f58131cb-b67d-43c7-b30d-6b58d40bd077,6357f972fc0cc7a600ae8914,,,,,,,,,,,,,,,,,,,,,,,,,,,,,,,QA Automation,,,,,,,,,ApprovalsCFValue{approvals=[]},,,,,,,,,,,,,,,,,,,,,,,,,,,,,,,,,,,,,,,,,,,,,,,,,,,{},,,,,,,,,,,,,,,,,,,,,,,,,,,,,,,,,,,,,,,,,,,,,,,,,,,,,,,,,,,,,,,,,,,,,,,,,,,,,,,,,,,,,,,,,,,,,,,,,0|i180gc:r,,,,,,,,,,,,,,,,,,,,,,,,,,,,,,,,,,,,,,,,,,,AMSQUAD Sprint 26.10 6/24-7/07,,,7/6/2026 0:00,,3,,,,,,,,,4821708b-58a1-45f9-93f1-fe52c0da32a7,QA Automation,,,,,,,,,,,,,,,,,,,,,10:14.1,10415_*:*_1_*:*_433931688_*|*_3_*:*_2_*:*_55589_*|*_10409_*:*_1_*:*_83082_*|*_10000_*:*_2_*:*_1805841500_*|*_10420_*:*_1_*:*_0,"25/Jun/26 8:10 AM;557058:f58131cb-b67d-43c7-b30d-6b58d40bd077;Sub-task QA-1226 was updated:
  • Status: To Do
  ","25/Jun/26 8:11 AM;557058:f58131cb-b67d-43c7-b30d-6b58d40bd077;Sub-task QA-1227 was updated:
  • Status: To Do
  ","25/Jun/26 8:11 AM;557058:f58131cb-b67d-43c7-b30d-6b58d40bd077;Sub-task QA-1225 was updated:
  • Status: In Progress
  ","29/Jun/26 8:50 AM;557058:f58131cb-b67d-43c7-b30d-6b58d40bd077;Sub-task QA-1226 was updated:
  • Status: In Progress
  ","29/Jun/26 8:51 AM;557058:f58131cb-b67d-43c7-b30d-6b58d40bd077;Sub-task QA-1227 was updated:
  • Status: In Progress
  ","01/Jul/26 8:35 AM;557058:f58131cb-b67d-43c7-b30d-6b58d40bd077;Sub-task QA-1225 was updated:
  • Status: Review
  ","01/Jul/26 8:35 AM;557058:f58131cb-b67d-43c7-b30d-6b58d40bd077;Sub-task QA-1226 was updated:
  • Status: Review
  ","02/Jul/26 5:23 AM;557058:f58131cb-b67d-43c7-b30d-6b58d40bd077;Sub-task QA-1227 was updated:
  • Status: Review
  ","02/Jul/26 5:28 AM;557058:f58131cb-b67d-43c7-b30d-6b58d40bd077;Sub-task QA-1227 was updated:
  • Status: Done
  ","02/Jul/26 5:29 AM;557058:f58131cb-b67d-43c7-b30d-6b58d40bd077;Sub-task QA-1226 was updated:
  • Status: Done
  ","06/Jul/26 9:50 AM;557058:f58131cb-b67d-43c7-b30d-6b58d40bd077;Sub-task QA-1225 was updated:
  • Status: Done
  ",,,,,,,,,,,,,,,,,,,,,,,,320810,QA-796,Unite MSC Test Automation,Done,7/6/2026 9:50
[UNITE-MSC][Mobile2] Balance Trends — discovery and integration vertical slice,QA-1064,336179,Story,Done,QA,QA Automation,software,Timothy Kaufman,6418909f67102fc717c0b0d8,"{quote}Automation & Performance Testing Center of Excellence 


Tracks test strategy, execution, CI results, risk mitigation, and engineering dashboards.  


Project lead: Swapnil Patil (Functional) | Timothy Kaufman (JIRA Admin){quote}",https://confluence.ascensus.com/pages/viewpage.action?pageId=315559619,Medium,Done,VENKATESH MALLELA,712020:1a2ec93a-8616-4589-a831-b49300d8cab7,Swapnil Patil,6357f972fc0cc7a600ae8914,Swapnil Patil,6357f972fc0cc7a600ae8914,6/10/2026 11:25,7/6/2026 12:17,,7/6/2026 12:17,,AMSQUAD Sprint 26.10,7/6/2026 0:00,0,QA-Board-View,Regression,unite-msc,,,," [UNITE-MSC][Mobile2] Activities — discovery spike and legacy coverage matrix

*Acceptance criteria:*

* Legacy repo + Postman evidence inventoried
* Coverage matrix: migrate / exclude / park with Dev sign-off
* Postman vs framework comparison notes for ≥1 happy path",,Automation for Jira,Swapnil Patil,,557058:f58131cb-b67d-43c7-b30d-6b58d40bd077,6357f972fc0cc7a600ae8914,,,,,,,,,,,,,,,,,,,,,,,,,,,,,,,QA Automation,,,,,,,,,ApprovalsCFValue{approvals=[]},,,,,,,,,,,,,,,,,,,,,,,,,,,,,,,,,,,,,,,,,,,,,,,,,,,{},,,,,,,,,,,,,,,,,,,,,,,,,,,,,,,,,,,,,,,,,,,,,,,,,,,,,,,,,,,,,,,,,,,,,,,,,,,,,,,,,,,,,,,,,,,,,,,,,0|i180gc:i,,,,,,,,,,,,,,,,,,,,,,,,,,,,,,,,,,,,,,,,,,,AMSQUAD Sprint 26.10 6/24-7/07,,,7/2/2026 0:00,,3,,,,,,,,,4821708b-58a1-45f9-93f1-fe52c0da32a7,QA Automation,,,,,,,,,,,,,,,,,,,,,08:07.4,3_*:*_2_*:*_442887068_*|*_10409_*:*_2_*:*_103536_*|*_10000_*:*_1_*:*_1804107642_*|*_10420_*:*_1_*:*_0,"02/Jul/26 7:08 AM;557058:f58131cb-b67d-43c7-b30d-6b58d40bd077;Sub-task QA-1231 was updated:
  • Status: In Progress
  ","02/Jul/26 7:08 AM;557058:f58131cb-b67d-43c7-b30d-6b58d40bd077;Sub-task QA-1232 was updated:
  • Status: In Progress
  ","06/Jul/26 11:36 AM;557058:f58131cb-b67d-43c7-b30d-6b58d40bd077;Sub-task QA-1231 was updated:
  • Status: Review
  ","06/Jul/26 11:36 AM;557058:f58131cb-b67d-43c7-b30d-6b58d40bd077;Sub-task QA-1232 was updated:
  • Status: Review
  ","06/Jul/26 11:37 AM;557058:f58131cb-b67d-43c7-b30d-6b58d40bd077;Sub-task QA-1233 was updated:
  • Status: In Progress
  ","06/Jul/26 11:38 AM;557058:f58131cb-b67d-43c7-b30d-6b58d40bd077;Sub-task QA-1233 was updated:
  • Status: Done
  ","06/Jul/26 12:17 PM;557058:f58131cb-b67d-43c7-b30d-6b58d40bd077;Sub-task QA-1231 was updated:
  • Status: Done
  ","06/Jul/26 12:17 PM;557058:f58131cb-b67d-43c7-b30d-6b58d40bd077;Sub-task QA-1232 was updated:
  • Status: Done
  ",,,,,,,,,,,,,,,,,,,,,,,,,,,320810,QA-796,Unite MSC Test Automation,Done,7/6/2026 12:17
[UNITE-MSC][Mobile2] Activities — integration vertical slice and QC4 gate test,QA-1058,336166,Story,Done,QA,QA Automation,software,Timothy Kaufman,6418909f67102fc717c0b0d8,"{quote}Automation & Performance Testing Center of Excellence 


Tracks test strategy, execution, CI results, risk mitigation, and engineering dashboards.  


Project lead: Swapnil Patil (Functional) | Timothy Kaufman (JIRA Admin){quote}",https://confluence.ascensus.com/pages/viewpage.action?pageId=315559619,Medium,Done,VENKATESH MALLELA,712020:1a2ec93a-8616-4589-a831-b49300d8cab7,Swapnil Patil,6357f972fc0cc7a600ae8914,Swapnil Patil,6357f972fc0cc7a600ae8914,6/10/2026 11:17,6/22/2026 8:50,,6/22/2026 5:58,,AMSQUAD Sprint 26.09,6/22/2026 0:00,0,QA-Board-View,Regression,unite-msc,,,,"[UNITE-MSC][Mobile2] Activities — integration vertical slice (QC4 deployment gate)

*Acceptance criteria:*

* ≥1 integration-tagged scenario passes QC4 ({{-Pmobile-ms-integration}})
* Extent report generated under {{target/mobile-ms-report/}}
* No hardcoded secrets; uses shared auth profile
* MR merged with Swapnil review",,Automation for Jira,Swapnil Patil,,557058:f58131cb-b67d-43c7-b30d-6b58d40bd077,6357f972fc0cc7a600ae8914,,,,,,,,,,,,,,,,,,,,,,,,,,,,,,,QA Automation,,,,,,,,,ApprovalsCFValue{approvals=[]},,,,,,,,,,,,,,,,,,,,,,,,,,,,,,,,,,,,,,,,,,,,,,,,,,,{},,,,,,,,,,,,,,,,,,,,,,,,,,,,,,,,,,,,,,,,,,,,,,,,,,,,,,,,,,,,,,,,,,,,,,,,,,,,,,,,,,,,,,,,,,,,,,,,,0|i16z95:d6,,,,,,,,,,,,,,,,,,,,,,,,,,,,,,,,,,,,,,,,,,,AMSQUAD Sprint 26.09 6/10-6/23,,,6/18/2026 0:00,,5,,,,,,,,,4821708b-58a1-45f9-93f1-fe52c0da32a7,QA Automation,,,,,,,,,,,,,,,,,,,,,58:31.7,3_*:*_1_*:*_0_*|*_10409_*:*_1_*:*_652_*|*_10000_*:*_1_*:*_694140193,"17/Jun/26 6:58 AM;557058:f58131cb-b67d-43c7-b30d-6b58d40bd077;Sub-task QA-1123 was updated:
  • Status: To Do
  ","17/Jun/26 6:58 AM;557058:f58131cb-b67d-43c7-b30d-6b58d40bd077;Sub-task QA-1122 was updated:
  • Status: To Do
  ","17/Jun/26 6:59 AM;557058:f58131cb-b67d-43c7-b30d-6b58d40bd077;Sub-task QA-1121 was updated:
  • Status: To Do
  ","17/Jun/26 9:31 AM;557058:f58131cb-b67d-43c7-b30d-6b58d40bd077;Sub-task QA-1121 was updated:
  • Status: In Progress
  ","18/Jun/26 12:04 PM;557058:f58131cb-b67d-43c7-b30d-6b58d40bd077;Sub-task QA-1122 was updated:
  • Status: In Progress
  ","18/Jun/26 12:05 PM;557058:f58131cb-b67d-43c7-b30d-6b58d40bd077;Sub-task QA-1121 was updated:
  • Status: Done
  ","18/Jun/26 12:05 PM;557058:f58131cb-b67d-43c7-b30d-6b58d40bd077;Sub-task QA-1122 was updated:
  • Status: Done
  ","18/Jun/26 12:07 PM;557058:f58131cb-b67d-43c7-b30d-6b58d40bd077;Sub-task QA-1123 was updated:
  • Status: In Progress
  ","22/Jun/26 5:59 AM;557058:f58131cb-b67d-43c7-b30d-6b58d40bd077;Sub-task QA-1123 was updated:
  • Status: Done
  ",,,,,,,,,,,,,,,,,,,,,,,,,,320810,QA-796,Unite MSC Test Automation,Done,6/22/2026 5:58
[UNITE-MSC][Mobile2] Activities — discovery spike and legacy coverage matrix,QA-1057,336164,Story,Done,QA,QA Automation,software,Timothy Kaufman,6418909f67102fc717c0b0d8,"{quote}Automation & Performance Testing Center of Excellence 


Tracks test strategy, execution, CI results, risk mitigation, and engineering dashboards.  


Project lead: Swapnil Patil (Functional) | Timothy Kaufman (JIRA Admin){quote}",https://confluence.ascensus.com/pages/viewpage.action?pageId=315559619,Medium,Done,VENKATESH MALLELA,712020:1a2ec93a-8616-4589-a831-b49300d8cab7,Swapnil Patil,6357f972fc0cc7a600ae8914,Swapnil Patil,6357f972fc0cc7a600ae8914,6/10/2026 11:15,6/24/2026 9:05,,6/18/2026 12:05,,AMSQUAD Sprint 26.09,6/18/2026 0:00,0,QA-Board-View,Regression,unite-msc,,,," [UNITE-MSC][Mobile2] Activities — discovery spike and legacy coverage matrix

*Acceptance criteria:*

* Legacy repo + Postman evidence inventoried
* Coverage matrix: migrate / exclude / park with Dev sign-off
* Postman vs framework comparison notes for ≥1 happy path",,Automation for Jira,Swapnil Patil,,557058:f58131cb-b67d-43c7-b30d-6b58d40bd077,6357f972fc0cc7a600ae8914,,,,,,,,,,,,,,,,,,,,,,,,,,,,,,,QA Automation,,,,,,,,,ApprovalsCFValue{approvals=[]},,,,,,,,,,,,,,,,,,,,,,,,,,,,,,,,,,,,,,,,,,,,,,,,,,,{},,,,,,,,,,,,,,,,,,,,,,,,,,,,,,,,,,,,,,,,,,,,,,,,,,,,,,,,,,,,,,,,,,,,,,,,,,,,,,,,,,,,,,,,,,,,,,,,,0|i16z95:d4,,,,,,,,,,,,,,,,,,,,,,,,,,,,,,,,,,,,,,,,,,,AMSQUAD Sprint 26.09 6/10-6/23,,,6/17/2026 0:00,,3,,,,,,,,,4821708b-58a1-45f9-93f1-fe52c0da32a7,QA Automation,,,,,,,,,,,,,,,,,,,,,06:12.8,10415_*:*_1_*:*_516828253_*|*_3_*:*_1_*:*_0_*|*_10409_*:*_1_*:*_503_*|*_10000_*:*_1_*:*_80892338,"18/Jun/26 12:06 PM;557058:f58131cb-b67d-43c7-b30d-6b58d40bd077;Sub-task QA-1111 was updated:
  • Status: Done
  ","24/Jun/26 9:05 AM;557058:f58131cb-b67d-43c7-b30d-6b58d40bd077;Sub-task QA-1112 was updated:
  • Status: Done
  ",,,,,,,,,,,,,,,,,,,,,,,,,,,,,,,,,320810,QA-796,Unite MSC Test Automation,Done,6/18/2026 12:05
[V2][Stage1] Multi-module regression failures (06/05/2026) — enrollments + contributions + CSR + transfers + uGift + web reg — almost all plans,QA-1017,334216,Bug,Closed,QA,QA Automation,software,Timothy Kaufman,6418909f67102fc717c0b0d8,"{quote}Automation & Performance Testing Center of Excellence 


Tracks test strategy, execution, CI results, risk mitigation, and engineering dashboards.  


Project lead: Swapnil Patil (Functional) | Timothy Kaufman (JIRA Admin){quote}",https://confluence.ascensus.com/pages/viewpage.action?pageId=315559619,Critical,Done,VENKATESH MALLELA,712020:1a2ec93a-8616-4589-a831-b49300d8cab7,Swapnil Patil,6357f972fc0cc7a600ae8914,Swapnil Patil,6357f972fc0cc7a600ae8914,6/5/2026 8:46,6/16/2026 7:26,,6/5/2026 13:30,,AMSQUAD Sprint 26.08,6/9/2026 0:00,0,QA-Board-View,Regression,,,,,"Prime *V2* Stage1 automation on *06/05/2026* shows failures across *seven regression modules*, impacting *almost all plans*. Hub reports dated *20260605* (links in description). Enrollment failures show *500 System error* on validation and generic *functionality not available* errors (*ts3*, 06/05/2026 0:40:18).

*Modules affected (hub index):*

* stage1-contributions  
* stage1-csr-acct-maintenance  
* stage1-enrollments  
* stage1-investment-options  
* stage1-transfers  
* stage1-ugift  
* stage1-web-registration

*Enrollment technical detail (sample — Idaho):*

* UI: ""There are some connectivity issues.""
* API: 500 {{""System error.""}} requestId {{015b5f85-4dd2-4673-8878-49428c59fd14}}
* Related V3 ticket: [*QA-1016*|https://ascensuscollegesavings.atlassian.net/browse/QA-1016]

*Generic enrollment error page:*

* {{ErrorCode[This functionality is not available at this time...], [ts3], [06/05/2026 0:40:18]}}

h3. Steps to Reproduce

# Open hub reports (URLs above) for run date *20260605*.
# Replay failing enrollment review submit on Stage1.
# Review failure counts per module in TestNG summaries.

h3. Expected Result

Stage1 V2 regression modules pass for executed plans.

h3. Actual Result

Widespread failures; enrollment blocked by backend/platform errors.

h3. Environment

* *Environment:* Stage1  
* *Date:* 06/05/2026  
* *Framework:* Prime V2 (Ant/Jenkins/Selenium hub)  
* *Hub date folder:* {{20260605}}

h3. Priority / Severity

* *Priority:* High — Broad Stage1 regression signal unreliable.  
* *Severity:* Major — Multiple product areas affected.

h3. Attachments / Links

* Folder: {{10_IMPORTS_RAW/regression_reports/06052026/}}
* {{V2 failure details.txt}} — module report URLs  
* {{V2 UE Failure.png}} — Idaho enrollment validation 500  
* {{V2 enroll failure.png}} — functionality not available (ts3)  
* Related: [QA-1016|https://ascensuscollegesavings.atlassian.net/browse/QA-1016] (V3 enrollment)

h3. Labels/Tags (suggested)

{{regression}}, {{stage1}}, {{prime-v2}}, {{universal-enrollment}}, {{multi-module}}, {{system-error}}

h3. Components

* Prime V2 Regression  
* Universal Enrollment  
* Stage1 Platform / Shared Services",Stage 1,Swapnil Patil,,,6357f972fc0cc7a600ae8914,,,43200,0,,0%,43200,0,,,,,,,,,,,,,,,,,,,,,,,,,,,,,,,,,ApprovalsCFValue{approvals=[]},,,,,,,,,,,,,,,,,,,,,,,,,,,,,,,,,,,,,,,Blocker,,,,,,,,,,,,{},,,,,,,,,,,,,,,,,,,,,,,,,,,,,,,,,,,,,,,,,,,,,,,,,,,,,,,,,,,,,,,,,,,,,,,,,,,,,,,,,,,,,,,,,,,,,,,,,0|i176k5:zy,,,,,,,,,,,,,,,,,,,,,,"Symptom: Universal Enrollment and partial enrollment failed on Stage1 (V2 multi-module regression + V3 UE suite). UI showed connectivity issues / functionality not available; API returned HTTP 500 System error; automation reported Database results are empty.

Root cause: Inserts into UII0.TU_PERSON and UII0.TU_BENE failed because CTL_INS_DTTM was NULL. These columns are populated by database triggers (TRG_TU_PERSON_BIUR, TRG_TU_BENE_BIUR). Both triggers were disabled in the UII0 schema, so insert-time audit timestamps were not set → ORA-01400: cannot insert NULL into (""UII0"".""TU_PERSON"".""CTL_INS_DTTM"") / (""UII0"".""TU_BENE"".""CTL_INS_DTTM"") (ORA-06512).

Fix: Triggers re-enabled on affected tables in UII0 (Swapnil Patil). Enrollment/account-open path expected to succeed once triggers are active.",Infrastructure Related,,,,,,,,,,,,,,,,,,,,AMSQUAD Sprint 26.08 5/27-6/10,,,,,,,,,,,,,,,,,,,,,,,,,,,,,,,,,,,,,1_*:*_1_*:*_133790_*|*_11560_*:*_1_*:*_0_*|*_11550_*:*_1_*:*_16866337,,,,,,,,,,,,,,,,,,,,,,,,,,,,,,,,,,,225845,QA-3,"Update regression test plan for Unite, Universal",Done,6/5/2026 13:30
[UNITE-MSC Postman] Collaborate with Dev & QA: Postman validation for Enrollment slice candidates,QA-994,333414,Story,Done,QA,QA Automation,software,Timothy Kaufman,6418909f67102fc717c0b0d8,"{quote}Automation & Performance Testing Center of Excellence 


Tracks test strategy, execution, CI results, risk mitigation, and engineering dashboards.  


Project lead: Swapnil Patil (Functional) | Timothy Kaufman (JIRA Admin){quote}",https://confluence.ascensus.com/pages/viewpage.action?pageId=315559619,Low,Done,VENKATESH MALLELA,712020:1a2ec93a-8616-4589-a831-b49300d8cab7,Swapnil Patil,6357f972fc0cc7a600ae8914,Swapnil Patil,6357f972fc0cc7a600ae8914,6/2/2026 13:55,6/9/2026 9:31,,6/9/2026 9:31,,AMSQUAD Sprint 26.08,6/9/2026 0:00,0,QA-Board-View,Regression,unite-msc,,,,"Using the Postman workspace from [https://ascensuscollegesavings.atlassian.net/browse/QA-988|https://ascensuscollegesavings.atlassian.net/browse/QA-988|smart-link] (or building on it with Dev):

# Identify *3–5 vertical-slice candidate* enrollment flows with Dev
# Execute each flow in Postman on QC4; capture request/response examples
# Export sanitized examples to {{test-data/}} reference (no secrets — redact tokens)
# Document assertion points for Cucumber migration (status, key JSON fields, optional DB check)

h3. Acceptance Criteria

* *≥3 vertical-slice candidates* agreed with Dev and listed in enrollment tracker
* Each candidate has a working Postman request on QC4 (Dev sign-off)
* Sanitized request/response samples stored under {{test-data/}} or linked doc (no credentials)
* Blockers (IDP, data, encryption) logged in RAID with owner
* Mapping table: Postman request name → planned Cucumber scenario name

h3. Dependencies

* QA-988 in progress or complete (shared Postman workspace)
* Dev pairing time scheduled

h3. Definition of Done

Venkatesh can start with this story (vertical slice migration) next sprint without re-discovery.",,Automation for Jira,Swapnil Patil,,557058:f58131cb-b67d-43c7-b30d-6b58d40bd077,6357f972fc0cc7a600ae8914,,,,,,,,,,,,,,,,,,,,,,,,,,,,,,,,,,,,,,,,ApprovalsCFValue{approvals=[]},,,,,,,,,,,,,,,,,,,,,,,,,,,,,,,,,,,,,,,,,,,,,,,,,,,{},,,,,,,,,,,,,,,,,,,,,,,,,,,,,,,,,,,,,,,,,,,,,,,,,,,,,,,,,,,,,,,,,,,,,,,,,,,,,,,,,,,,,,,,,,,,,,,,,0|i15w2a:3v,,,,,,,,,,,,,,,,,,,,,,,,,,,,,,,,,,,,,,,,,,,AMSQUAD Sprint 26.08 5/27-6/10,,,6/4/2026 0:00,,2,,,,,,,,,,,,,,,,,,,,,,,,,,,,,,,06:31.3,3_*:*_1_*:*_0_*|*_10409_*:*_1_*:*_8616_*|*_10000_*:*_1_*:*_154991103,"09/Jun/26 7:06 AM;557058:f58131cb-b67d-43c7-b30d-6b58d40bd077;Sub-task QA-994 ([UNITE-MSC Postman] Collaborate with Dev & QA: Postman validation for Enrollment slice candidates) was updated:
     • Status: In Progress
     • Latest comment:  ",,,,,,,,,,,,,,,,,,,,,,,,,,,,,,,,,,320810,QA-796,Unite MSC Test Automation,Done,6/9/2026 9:31
[V2][CSR][Member][Ugift] Implement and enable Ugift functionality across multiple 529 and ABLE plans,QA-966,332155,Story,Done,QA,QA Automation,software,Timothy Kaufman,6418909f67102fc717c0b0d8,"{quote}Automation & Performance Testing Center of Excellence 


Tracks test strategy, execution, CI results, risk mitigation, and engineering dashboards.  


Project lead: Swapnil Patil (Functional) | Timothy Kaufman (JIRA Admin){quote}",https://confluence.ascensus.com/pages/viewpage.action?pageId=315559619,Medium,Done,VENKATESH MALLELA,712020:1a2ec93a-8616-4589-a831-b49300d8cab7,VENKATESH MALLELA,712020:1a2ec93a-8616-4589-a831-b49300d8cab7,VENKATESH MALLELA,712020:1a2ec93a-8616-4589-a831-b49300d8cab7,5/28/2026 8:26,6/10/2026 9:07,,6/5/2026 13:32,,AMSQUAD Sprint 26.08,6/5/2026 0:00,0,Regression,,,,,,"*As a* account owner, gifter, or CSR
*I want* Ugift to work consistently across supported plans (Direct 529 and ABLE where applicable)
*So that* beneficiaries can receive gifts, members can activate Ugift at enrollment, and CSRs can process Ugift contributions with correct plan branding and backend posting.

Acceptance Criteria:

# *AC1* – Each in-scope plan (e.g. NYD, MID, MDD, COA, CAD, GAD, NVU, NYB for ABLE) has correct Ugift configuration (branding, URLs, traunch-specific Ugift ID).
# *AC2* – Ugift529 home/portal loads for each supported plan without application error; plan-specific Ugift code is accepted on the gift flow.
# *AC3* – Plans not in scope do not expose Ugift entry points (or show appropriate “not available” messaging per product rules).",,Automation for Jira,VENKATESH MALLELA,,557058:f58131cb-b67d-43c7-b30d-6b58d40bd077,712020:1a2ec93a-8616-4589-a831-b49300d8cab7,,,,,,,,,,,,,,,,,,,,,,,,,,,,,,,,,,,,,,,,ApprovalsCFValue{approvals=[]},,,,,,,,,,,,,,,,,,,,,,,,,,,,,,,,,,,,,,,,,,,,,,,,,,,{},,,,,,,,,,,,,,,,,,,,,,,,,,,,,,,,,,,,,,,,,,,,,,,,,,,,,,,,,,,,,,,,,,,,,,,,,,,,,,,,,,,,,,,,,,,,,,,,,0|i176k5:v,,,,,,,,,,,,,,,,,,,,,,,,,,,,,,,,,,,,,,,,,,,AMSQUAD Sprint 26.08 5/27-6/10,,,6/1/2026 0:00,,2,,,,,,,,,,,,,,,,,,,,,,,,,,,,,,,57:47.8,3_*:*_1_*:*_254601345_*|*_10409_*:*_2_*:*_351796524_*|*_10000_*:*_2_*:*_307676_*|*_10420_*:*_1_*:*_0,"04/Jun/26 8:57 AM;557058:f58131cb-b67d-43c7-b30d-6b58d40bd077;Sub-task QA-966 ([V2][CSR][Member][Ugift] Implement and enable Ugift functionality across multiple 529 and ABLE plans) was updated:
     • Status: In Progress
     • Latest comment:  ",,,,,,,,,,,,,,,,,,,,,,,,,,,,,,,,,,225845,QA-3,"Update regression test plan for Unite, Universal",Done,6/5/2026 13:32
" Stage1 daily regression – Multiple member/CSR flows fail with “This functionality is not available at this time” (enrollment, web registration, transfer, account overview Home)",QA-959,331656,Bug,Closed,QA,QA Automation,software,Timothy Kaufman,6418909f67102fc717c0b0d8,"{quote}Automation & Performance Testing Center of Excellence 


Tracks test strategy, execution, CI results, risk mitigation, and engineering dashboards.  


Project lead: Swapnil Patil (Functional) | Timothy Kaufman (JIRA Admin){quote}",https://confluence.ascensus.com/pages/viewpage.action?pageId=315559619,Medium,Done,VENKATESH MALLELA,712020:1a2ec93a-8616-4589-a831-b49300d8cab7,VENKATESH MALLELA,712020:1a2ec93a-8616-4589-a831-b49300d8cab7,VENKATESH MALLELA,712020:1a2ec93a-8616-4589-a831-b49300d8cab7,5/27/2026 9:20,5/29/2026 9:31,,5/29/2026 9:31,,AMSQUAD Sprint 26.08,5/29/2026 0:00,0,QA-Board-View,Regression,,,,,"We are seeing a *large number of exceptions and failures* in the *Stage1 daily automation report*. Multiple unrelated scenarios fail with the *same application error page* instead of the expected screen. The same tests *pass locally*, which strongly suggests a *Stage1 environment or server configuration* problem (feature disabled, wrong URL, or deployment issue on server {{ts3}}), not isolated automation defects.

----

h2. Common error (all scenarios below)

When the failure occurs, the browser shows:

*Heading:*
{{Error! please try again later.}}

*Message:*
{{Your request cannot be completed at this time. Please contact Plan administrator.}}

*Technical detail (example):*
{{ErrorCode[This functionality is not available at this time. Please try again later.], [ts3], [05/27/2026 0:28:57]}}

_(Timestamp and server tag may vary per run.)_

*Interpretation:* The application server rejected the request. The feature/URL is not available on that Stage1 instance at that time. This is an *application/infrastructure* failure, not a missing Selenium locator.

----

h2. Affected scenarios (examples from daily report)

h3. Issue 1 – Cannot launch OKD enrollment page

*What happens:*
Automation cannot open the OKD member enrollment URL; the error page appears on launch.

*Steps to reproduce:*

# Run OKD enrollment automation (e.g. {{T100_NextGenEnrollmentPositive.feature}}).
# Execute background step: {{And starting ""enrollment"" URL for ""member""}} (traunch = OKD).

*URL (Stage1 –* {{stage1.properties}}*):*
{{https://okd.stage1.acs529.com/okdtpl/uii529enroll/gettingStarted.do}}

*Expected:* Enrollment page loads (NextGen or legacy enrollment UI).
*Actual:* Common error page above.

*Automation reference:*
{{testsuite/frontoffice/okd/member/enrollment/feature/T100_NextGenEnrollmentPositive.feature}}
{{LoginStepDefs.java}} – {{starting ""enrollment"" URL for ""member""}}

*Note:* OKD tests use NextGen step definitions; Stage1 config uses legacy {{gettingStarted.do}} (testbed configs use {{createEnrollProspect/viewCollect.cs}}). Confirm correct OKD enrollment URL and deployment on Stage1.

----

h3. Issue 2 – Web registration fails after entering basic information

*What happens:*
Web registration progresses through identification/contact/security steps, then fails *after entering registration details* (on submit or next navigation).

*Affected plans (examples):* CAD, OKD, COB (CO Able), COD, and other plans using common web registration features.

*Steps to reproduce:*

# Run web registration (e.g. {{Web_Registration_First_Time_Account.feature}} or {{Web_Reregistration_Existing_Account.feature}}).
# {{Given starting ""webreg"" URL for ""member""}}.
# Complete: Identification → Contact → Security → Security image → Registration complete.
# Failure occurs after basic info is entered.

*Example URLs (Stage1):*

||Plan||URL||
|OKD|{{https://okd.stage1.acs529.com/okdtpl/auth/wrB.cs}}|
|CAD|{{https://cad.stage1.acs529.com/cadtpl/auth/wrB.cs}}|
|COD|{{https://cod.stage1.acs529.com/cotpl/auth/wrB.cs}}|
|COB|{{https://coable.stage1.acs529.com/coabletpl/auth/wrB.cs}}|

*Expected:* Registration completes successfully.
*Actual:* Common error page above.

*Automation reference:*
{{testsuite/frontoffice/common/webregistration/feature/Web_Registration_First_Time_Account.feature}}
{{Web_Reregistration_Existing_Account.feature}}

----

h3. Issue 3 – CSR: Transfer to another beneficiary

*What happens:*
During CSR transfer automation, clicking *“Transfer to another beneficiary”* (or the next step) results in the error page.

*Steps to reproduce:*

# Run CSR transfer suite (e.g. {{Transfer.feature}}).
# CSR login → jump to member account.
# Click *“Transfer to another beneficiary”*.
# Continue transfer wizard (e.g. Next, allocations).

*Expected:* Transfer to Another Beneficiary workflow loads.
*Actual:* Common error page above.

*Automation reference:*
{{testsuite/frontoffice/csr/member/transactions/transfer/feature/Transfer.feature}}
{{TransferStepDefs.java}} – {{clickElement(""Member Transfer Link"")}}
Locator: {{linktext = ""Transfer to another beneficiary""}}

*Example test cases:* Transfer 3 Funds By Fund to 1 Bene, Transfer 2 Funds Prorated to 2 Bene, Transfer 1 Fund to 3 Bene, etc.

----

h3. Issue 4 – Home icon on account overview page

*What happens:*
On the member account overview flow, clicking the *Home* icon/link returns the error page instead of the account overview home.

*Steps to reproduce:*

# Member (or CSR) on Account Overview or a linked sub-page.
# Click *Home* icon ({{Home link}} – {{//a[@class='unite-link-back']}}).

*Expected:* User returns to Account Overview without error.
*Actual:* Common error page above.

*Automation reference:*
{{member_element_locators.txt}} – {{Home link}}
{{SharedStepDefs.java}} – {{jump to home screen}} / smoke flows using {{clickElement(""Home link"")}}
{{BalancePageStepDefs.java}} – {{HOME_LINK = ""Home link""}}

And also Observed that   Getting below error for LegacyEnrollmentSpecificDirectPositive  feature below page is getting after click on sign in button

Please refer the screenshot

!Legacyenrollment-20260527-141410.jpg|width=514,alt=""Legacyenrollment-20260527-141410.jpg""!



h2. Expected result

All listed flows complete without the generic “functionality not available” error; users reach enrollment, web registration confirmation, transfer workflow, and account overview home as designed.

----

h2. Actual result

Application displays:

{noformat}Error! please try again later.
Your request cannot be completed at this time. Please contact Plan administrator.
ErrorCode[This functionality is not av{noformat}

h3. Report artifact content (add to single defect)

h3. Report location (Stage1 daily)

||Item||Value||
|*Report server*|{{seleniumhubnt2:8081}}|
|*Base path*|{{/reports/unite/{run-date}/{suite-name}/}}|
|*Example suite*|{{stage1-enrollments}}|
|*Example report URL*|{{http://seleniumhubnt2:8081/reports/unite/20260527/stage1-enrollments/cad.20260526232857371.T100_NextGenEnrollmentPositive.feature.1/}}|
|*HTML report link*|Open suite index under same path; each failed test has its own folder|",Stage 1,VENKATESH MALLELA,,,712020:1a2ec93a-8616-4589-a831-b49300d8cab7,,,43200,0,,0%,43200,0,,,,,,,,,,,,,,,,,,,27/May/26 10:17 AM;1a5453f4-c95a-4f0b-99e4-45c571bc293d;Legacyenrollment-20260527-141410.jpg;https://ascensuscollegesavings.atlassian.net/rest/api/3/attachment/content/95972,,,,,,,,,,,,,,ApprovalsCFValue{approvals=[]},,,,,,,,,,,,,,,,,,,,,,,,,,,,,,,,,,,,,,,High,,,,,,,,,,,,{},,,,,,,,,,,,,,,,,,,,,,,,,,,,,,,,,,,,,,,,,,,,,,,,,,,,,,,,,,,,,,,,,,,,,,,,,,,,,,,,,,,,,,,,,,,,,,,,,0|i176hy:,,,,,,,,,,,,,,,,,,,,,,Configuration issue ,Configuration Issue,,,,,,,,,,,,,,,,,,,,,,,,,,,,,,,,,,4821708b-58a1-45f9-93f1-fe52c0da32a7,QA Automation,,,,,,,,,,,,,,,,,,,,,,1_*:*_1_*:*_169689259_*|*_11560_*:*_1_*:*_0,,,,,,,,,,,,,,,,,,,,,,,,,,,,,,,,,,,225845,QA-3,"Update regression test plan for Unite, Universal",Done,5/29/2026 9:31
[V2][Ugift][Pipeline] Nightly suite — wire CSR+Member Ugift jobs + T+1 validation,QA-836,323315,Story,Done,QA,QA Automation,software,Timothy Kaufman,6418909f67102fc717c0b0d8,"{quote}Automation & Performance Testing Center of Excellence 


Tracks test strategy, execution, CI results, risk mitigation, and engineering dashboards.  


Project lead: Swapnil Patil (Functional) | Timothy Kaufman (JIRA Admin){quote}",https://confluence.ascensus.com/pages/viewpage.action?pageId=315559619,Low,Done,VENKATESH MALLELA,712020:1a2ec93a-8616-4589-a831-b49300d8cab7,Swapnil Patil,6357f972fc0cc7a600ae8914,Swapnil Patil,6357f972fc0cc7a600ae8914,5/13/2026 8:35,5/25/2026 7:54,,5/25/2026 7:54,,AMSQUAD Sprint 26.07,5/25/2026 0:00,0,QA-Board-View,Regression,Ugift,,,,"* *As a* regression / pipeline owner  
* *I want* merged *Ugift* work from [*QA-626*|https://ascensuscollegesavings.atlassian.net/browse/QA-626] (CSR) and [*QA-627*|https://ascensuscollegesavings.atlassian.net/browse/QA-627] (Member) included in a *defined suite* and the *nightly* job  
* *So that* we get a *trusted overnight signal* and *next-day* triage closes the release loop (not only “tests merged”)

*Scope*

* *Suite creation / tagging:* Single suite or tag group that runs Ugift CSR + Member scenarios delivered in QA-626/627; document path in {{prime-test-automation}} (*Needs Validation*).  
* *Pipeline:* Add suite to nightly Jenkins/GitLab configuration (exact job: *Needs Validation*); link parent/child jobs if split.  
* *T+1 validation:* Morning after each nightly — review report, triage failures, file defects, note flakes; repeat for *at least two* consecutive good-faith nights post-merge.  
* *Optional relation:* [*QA-728*|https://ascensuscollegesavings.atlassian.net/browse/QA-728] if the program tracks broad flaky hardening separately; this Story does *not* replace that scope unless explicitly combined.

*Acceptance Criteria (GWT)*

{noformat}Scenario: Suite exists for nightly
  Given QA-626 and QA-627 merges contain Ugift tests
  When the suite or tag list for nightly is defined
  Then a single documented entry point runs CSR and Member Ugift coverage agreed with the team

Scenario: Nightly includes Ugift
  Given the nightly job configuration is updated
  When the scheduled nightly runs
  Then Ugift tests execute and appear in the published report

Scenario: Next-day validation
  Given a nightly run completed overnight
  When the assignee reviews results the next business day
  Then each failure is categorized with evidence and follow-up logged

Scenario: Two-night burn-in
  Given Ugift is newly on nightly
  When two consecutive nightly cycles complete
  Then both cycles have a triage comment on this Story with job URLs{noformat}",,Swapnil Patil,,,6357f972fc0cc7a600ae8914,,,,,,,,,,,,,,,,,,,,,,,,,,,,,,,,,,,,,,,,,ApprovalsCFValue{approvals=[]},,,,,,,,,,,,,,,,,,,,,,,,,,,,,,,,,,,,,,,,,,,,,,,,,,,{},,,,,,,,,,,,,,,,,,,,,,,,,,,,,,,,,,,,,,,,,,,,,,,,,,,,,,,,,,,,,,,,,,,,,,,,,,,,,,,,,,,,,,,,,,,,,,,,,0|i15w2w:,,,,,,,,,,,,,,,,,,,,,,,,,,,,,,,,,,,,,,,,,,,AMSQUAD Sprint 26.07 5/13-5/27,,,5/25/2026 0:00,,2,,,,,,,,,4821708b-58a1-45f9-93f1-fe52c0da32a7,QA Automation,,,,,,,,,,,,,,,,,,,,,,3_*:*_1_*:*_0_*|*_10409_*:*_1_*:*_626_*|*_10000_*:*_1_*:*_1034329753,,,,,,,,,,,,,,,,,,,,,,,,,,,,,,,,,,,225845,QA-3,"Update regression test plan for Unite, Universal",Done,5/25/2026 7:54
[V2][CSR][UgiftAble] UgiftAble automation coverage per GSSD test cases,QA-829,323121,Story,Done,QA,QA Automation,software,Timothy Kaufman,6418909f67102fc717c0b0d8,"{quote}Automation & Performance Testing Center of Excellence 


Tracks test strategy, execution, CI results, risk mitigation, and engineering dashboards.  


Project lead: Swapnil Patil (Functional) | Timothy Kaufman (JIRA Admin){quote}",https://confluence.ascensus.com/pages/viewpage.action?pageId=315559619,Low,Done,VENKATESH MALLELA,712020:1a2ec93a-8616-4589-a831-b49300d8cab7,Swapnil Patil,6357f972fc0cc7a600ae8914,Swapnil Patil,6357f972fc0cc7a600ae8914,5/12/2026 17:45,5/19/2026 9:17,,5/19/2026 9:16,,AMSQUAD Sprint 26.07,5/19/2026 0:00,0,QA-Board-View,Regression,,,,,"h2. Reference

[https://confluence.ascensus.com/display/GSSD/UgiftAble+Test+Cases|https://confluence.ascensus.com/display/GSSD/UgiftAble+Test+Cases]

h2. Scope

Automate (or stub + manual bridge where not automatable) UgiftAble CSR flows per Confluence; align with MAY 2026 regression PDF GSSD link family.

h2. Acceptance criteria

* [ ] Confluence rows mapped to tests or N/A.
* [ ] Data matrix for Able-specific accounts documented.
* [ ] Evidence: job URL + pass rate for first regression inclusion.",,Swapnil Patil,,,6357f972fc0cc7a600ae8914,,,,,,,,,,,,,,,,,,,,,,,,,,,,,,,,,,,,,,,,,ApprovalsCFValue{approvals=[]},,,,,,,,,,,,,,,,,,,,,,,,,,,,,,,,,,,,,,,,,,,,,,,,,,,{},,,,,,,,,,,,,,,,,,,,,,,,,,,,,,,,,,,,,,,,,,,,,,,,,,,,,,,,,,,,,,,,,,,,,,,,,,,,,,,,,,,,,,,,,,,,,,,,,0|i15w2w:i,,,,,,,,,,,,,,,,,,,,,,,,,,,,,,,,,,,,,,,,,,,AMSQUAD Sprint 26.07 5/13-5/27,,,5/19/2026 0:00,,3,,,,,,,,,4821708b-58a1-45f9-93f1-fe52c0da32a7,QA Automation,,,,,,,,,,,,,,,,,,,,,,10409_*:*_1_*:*_567_*|*_10000_*:*_1_*:*_0,,,,,,,,,,,,,,,,,,,,,,,,,,,,,,,,,,,225845,QA-3,"Update regression test plan for Unite, Universal",Done,5/19/2026 9:16
[V2][Enrollment][PAG] GSP enrollment scenarios missing from regression,QA-827,323113,Story,Done,QA,QA Automation,software,Timothy Kaufman,6418909f67102fc717c0b0d8,"{quote}Automation & Performance Testing Center of Excellence 


Tracks test strategy, execution, CI results, risk mitigation, and engineering dashboards.  


Project lead: Swapnil Patil (Functional) | Timothy Kaufman (JIRA Admin){quote}",https://confluence.ascensus.com/pages/viewpage.action?pageId=315559619,Low,Done,VENKATESH MALLELA,712020:1a2ec93a-8616-4589-a831-b49300d8cab7,Swapnil Patil,6357f972fc0cc7a600ae8914,Swapnil Patil,6357f972fc0cc7a600ae8914,5/12/2026 17:40,5/20/2026 9:29,,5/20/2026 9:29,,AMSQUAD Sprint 26.07,5/20/2026 0:00,0,QA-Board-View,Regression,,,,,"h2. Problem

GSP (partner) enrollment scenarios for plan traunch *PAG* are not represented in the current V2 regression suite, creating release risk for the May 2026 quarterly cycle.

h2. Scope

* Inventory *prime-test-automation* (or owning repo) for existing PAG enrollment and GSP/partner load patterns (export mentions GSP/Partner load tests in broader narratives).
* Add TestNG scenarios + suite XML entries for agreed GSP enrollment flows for *PAG*; document data prerequisites.

h2. Evidence / refs

* KB: docs/jira-governance/data/MAY 2026 - QA Regression.pdf (May 15 2026 prod context).
* Platform-support-jira-export.csv: PAG-related work (e.g. Universal Enrollment PAG sub beneficiary QA-513) — align naming with subordinate tasks.

h2. Acceptance criteria

* [ ] SME-signed list of GSP+PAG flows to automate (or explicitly deferred with reason).
* [ ] Merged automation + suite XML; at least one green Stage 1 run linked in comment.
* [ ] qTest / cycle mapping if required by program.",,Swapnil Patil,,,6357f972fc0cc7a600ae8914,,,,,,,,,,,,,,,,,,,,,,,,,,,,,,,,QA Automation,,,,,,,,,ApprovalsCFValue{approvals=[]},,,,,,,,,,,,,,,,,,,,,,,,,,,,,,,,,,,,,,,,,,,,,,,,,,,{},,,,,,,,,,,,,,,,,,,,,,,,,,,,,,,,,,,,,,,,,,,,,,,,,,,,,,,,,,,,,,,,,,,,,,,,,,,,,,,,,,,,,,,,,,,,,,,,,0|i15w2x:i,,,,,,,,,,,,,,,,,,,,,,,,,,,,,,,,,,,,,,,,,,,AMSQUAD Sprint 26.07 5/13-5/27,,,5/19/2026 0:00,,2,,,,,,,,,4821708b-58a1-45f9-93f1-fe52c0da32a7,QA Automation,,,,,,,,,,,,,,,,,,,,,,3_*:*_1_*:*_0_*|*_10409_*:*_1_*:*_597_*|*_10000_*:*_1_*:*_577087156,,,,,,,,,,,,,,,,,,,,,,,,,,,,,,,,,,,225845,QA-3,"Update regression test plan for Unite, Universal",Done,5/20/2026 9:29
[V2][Daily-Regression][Flaky] Harden nightly suite — reduce intermittent failures(post-spike),QA-728,318622,Story,Done,QA,QA Automation,software,Timothy Kaufman,6418909f67102fc717c0b0d8,"{quote}Automation & Performance Testing Center of Excellence 


Tracks test strategy, execution, CI results, risk mitigation, and engineering dashboards.  


Project lead: Swapnil Patil (Functional) | Timothy Kaufman (JIRA Admin){quote}",https://confluence.ascensus.com/pages/viewpage.action?pageId=315559619,Low,Done,VENKATESH MALLELA,712020:1a2ec93a-8616-4589-a831-b49300d8cab7,VENKATESH MALLELA,712020:1a2ec93a-8616-4589-a831-b49300d8cab7,VENKATESH MALLELA,712020:1a2ec93a-8616-4589-a831-b49300d8cab7,4/29/2026 3:13,5/12/2026 10:03,,5/12/2026 10:03,,AMSQUAD Sprint 26.06,5/12/2026 0:00,0,QA-Board-View,Regression,,,,,"We need a focused effort to *stabilize the Unite/Prime nightly regression suite* so results are *consistent, trustworthy, and reproducible* in CI (remote nightly), not only on local machines.

Recent failures cluster into three themes:

# *Plan / auth model drift (IDP vs Non-IDP)*
Several plans (e.g. *MID*, *KSD*, and others) were moved or configured differently between *Non-IDP* and *IDP* behavior. Automation still assumes the old model (URLs, tags, suite XML grouping, or properties), which causes *wrong entry points or login flows* and *false failures* in regression.
# *Local pass vs nightly (remote) fail*
Some scenarios *pass locally* but *fail on the remote nightly job*. This indicates *environment, data, timing, parallelism, or configuration drift* rather than pure product defects. We have done *R&D* to narrow causes; we need *tracked fixes* so the same scenarios *pass in remote nightly* with clear evidence (logs, reports).
# *Flaky failures (timing / synchronization)*
A subset of failures is *intermittent*, often tied to *missing or insufficient waits*, dynamic UI, or async backend updates. We need *deterministic synchronization* (appropriate waits, stable locators, post-condition checks) without masking real defects.",,VENKATESH MALLELA,,,712020:1a2ec93a-8616-4589-a831-b49300d8cab7,,,,,,,,,,,,,,,,,,,,,,,,,,,,,,,,,,,,"# *IDP / Non-IDP alignment*
#* Inventory of affected plans (MID, KSD, …) and their *expected* auth model is documented in the story or linked Confluence note.
#* Automation updated (properties / suite XML / tags / URLs) so nightly runs use the *correct* model.
#* At least *one green nightly* run demonstrates the fix for the updated plans (attach Jenkins + TestNG link).
# *Remote parity*
#* For each addressed “local pass / nightly fail” scenario, *root cause category* is recorded (config, data, timing, infra).
#* Fix applied and verified with *remote nightly success* (not only local).
#* Evidence: Jenkins build URL + failure step no longer reproducing.
# *Flaky reduction*
#* Identified flaky scenarios have *targeted synchronization* (e.g. explicit wait for element/state, stable post-condition).
#* *No new* broad {{sleep}} anti-patterns unless justified and documented.
#* Where still flaky after fix, item is *split* to a follow-up with metrics (pass rate over N runs).
# *Documentation*
#* Short “how to run like nightly locally” note (properties + command + tags) linked from story or README snippet.",,,,,ApprovalsCFValue{approvals=[]},,,,,,,,,,,,,,,,,,,,,,,,,,,,,,,,,,,,,,,,,,,,,,,,,,,{},,,,,,,,,,,,,,,,,,,,,,,,,,,,,,,,,,,,,,,,,,,,,,,,,,,,,,,,,,,,,,,,,,,,,,,,,,,,,,,,,,,,,,,,,,,,,,,,,0|i127i3:0dni,,,,,,,,,,,,,,,,,,,,,,,,,,,,,,,,,,,,,,,,,,,AMSQUAD Sprint 26.06 4/29-5/12,,,4/30/2026 0:00,,3,,,,,,,,,,,,,,,,,,,,,,,,,,,,,,,,3_*:*_1_*:*_0_*|*_10409_*:*_2_*:*_2058141_*|*_10000_*:*_2_*:*_84318044,,,,,,,,,,,,,,,,,,,,,,,,,,,,,,,,,,,225845,QA-3,"Update regression test plan for Unite, Universal",Done,5/12/2026 10:03
[V2][Member][Ugift] Automate key Ugift member flows (post-spike),QA-627,313683,Story,Done,QA,QA Automation,software,Timothy Kaufman,6418909f67102fc717c0b0d8,"{quote}Automation & Performance Testing Center of Excellence 


Tracks test strategy, execution, CI results, risk mitigation, and engineering dashboards.  


Project lead: Swapnil Patil (Functional) | Timothy Kaufman (JIRA Admin){quote}",https://confluence.ascensus.com/pages/viewpage.action?pageId=315559619,Low,Done,VENKATESH MALLELA,712020:1a2ec93a-8616-4589-a831-b49300d8cab7,Swapnil Patil,6357f972fc0cc7a600ae8914,Swapnil Patil,6357f972fc0cc7a600ae8914,4/14/2026 18:52,5/13/2026 9:01,,5/13/2026 9:01,,AMSQUAD Sprint 26.06,5/13/2026 0:00,0,QA-Board-View,Regression,,,,,"Here’s a cleaned-up story description you can paste into the Jira description field, mirroring the CSR story pattern but for member context and matching what you wrote.

----

*User Story*

_As a QA automation engineer_  
_I want_ automated *Ugift member* flows from *S2605-03*  
_So that_ member Ugift paths are regression-protected in V2

----

*Scope*

* Portal: *Member only* (CSR Ugift flows are out-of-scope for this story; see CSR story).
* Stack: *V2*.
* In: Member Ugift flows identified as in-scope in *S2605‑03* (member context only).
* Out:
** CSR Ugift flows (covered by CSR Ugift automation story).
** New pipeline wiring beyond what’s defined in *S2605‑03* (reuse its tagging/suite patterns).

----

*Acceptance Criteria (Given / When / Then)*  
Mirror *S2605‑04* intents, but applied to member portal Ugift flows identified in *S2605‑03*:

# *Implement in-scope member Ugift flows in automation*
_Given_ S2605‑03 has identified the list of in-scope *member Ugift flows* for V2  
_When_ I implement UI automation for those member Ugift flows  
_Then_ each in-scope member flow is covered by at least one automated test scenario  
_And_ scenarios are tagged per the conventions defined in S2605‑03 (e.g., {{@smoke}}, {{@regression}}, plan tags as applicable)  
_And_ scenarios are organized under the agreed Ugift feature file(s) / folder structure in the owning repo.
# *Use data and env setup defined by S2605‑03*
_Given_ S2605‑03 documents required *data setup, secrets, and env flags* for Ugift automation  
_When_ I wire member Ugift scenarios to run in the agreed environment (for example, Stage 1 or alternate if specified)  
_Then_ the automation uses the documented accounts / Ugift codes / flags from S2605‑03  
_And_ no hard‑coded environment-specific values are introduced outside of the agreed pattern.
# *Wire into regression as defined in S2605‑03*
_Given_ S2605‑03 defines how Ugift tests should be *included in smoke vs regression* suites  
_When_ I tag and register the new member Ugift tests  
_Then_ in-scope member Ugift flows are executed as part of the nightly / regular *regression* suite  
_And_ any designated *smoke* subset is included in the smoke suite per S2605‑03.
# *Evidence and reporting*
_Given_ member Ugift flows are automated  
_When_ I run the Ugift member suite against the target environment  
_Then_ the run completes with all in-scope member Ugift tests green  
_And_ a test report (e.g., Unite, Cucumber HTML, or team standard) is attached/linked to this story  
_And_ the story description or comment includes links to:
#* the implemented feature files / step defs / job config
#* the latest successful regression run containing these tests.
# *Coverage confirmation vs spike findings*
_Given_ S2605‑03 enumerates which Ugift member flows are P1/P2 for automation  
_When_ automation work for this story is complete  
_Then_ there is an explicit note or checklist mapping each *in-scope P1/P2 member Ugift flow* to:
#* “Automated in this story” _or_
#* “Deferred” with a follow-up Jira key.

----

*Definition of Done*

* All in-scope *member Ugift flows* from S2605‑03 are either:
** covered by automation in this story, *or*
** explicitly documented as out-of-scope / deferred with follow-up Jira(s).
* Automation code:
** Peer-reviewed and merged to the primary branch.
** Follows the folder structure / naming / tagging conventions defined in S2605‑03 and existing V2 suites.
* Member Ugift tests:
** Execute successfully in the agreed environment (for example, Stage 1 or as specified in S2605‑03).
** Are included in the appropriate smoke / regression suites.
* Evidence:
** At least one *successful regression run* attached/linked (logs, reports, or Unite link as per team standard).
** Story updated with links to:
*** Ugift member feature files and step definitions
*** Any job / suite XML / pipeline config used to run them.
* Any known gaps, flaky tests, or environment constraints are:
** Documented in this story’s comments, and
** Either resolved or tracked in separate Jira issues linked here.",,,,,,,,,,,,,,,,,,,,,,,,,,,,,,,,,,,,,,,,,,,,,,ApprovalsCFValue{approvals=[]},,,,,,,,,,,,,,,,,,,,,,,,,,,,,,,,,,,,,,,,,,,,,,,,,,,{},,,,,,,,,,,,,,,,,,,,,,,,,,,,,,,,,,,,,,,,,,,,,,,,,,,,,,,,,,,,,,,,,,,,,,,,,,,,,,,,,,,,,,,,,,,,,,,,,0|i127i3:0chv,,,,,,,,,,,,,,,,,,,,,,,,,,,,,,,,,,,,,,,,,,,AMSQUAD Sprint 26.06 4/29-5/12,,,5/13/2026 0:00,,5,,,,,,,,,,,,,,,,,,,,,,,,,,,,,,,,3_*:*_1_*:*_0_*|*_10409_*:*_1_*:*_104837_*|*_10000_*:*_1_*:*_2469539673,,,,,,,,,,,,,,,,,,,,,,,,,,,,,,,,,,,225845,QA-3,"Update regression test plan for Unite, Universal",Done,5/13/2026 9:01
[V2][CSR][Ugift] Automate key Ugift CSR flows (post-spike),QA-626,313682,Story,Done,QA,QA Automation,software,Timothy Kaufman,6418909f67102fc717c0b0d8,"{quote}Automation & Performance Testing Center of Excellence 


Tracks test strategy, execution, CI results, risk mitigation, and engineering dashboards.  


Project lead: Swapnil Patil (Functional) | Timothy Kaufman (JIRA Admin){quote}",https://confluence.ascensus.com/pages/viewpage.action?pageId=315559619,Low,Done,VENKATESH MALLELA,712020:1a2ec93a-8616-4589-a831-b49300d8cab7,Swapnil Patil,6357f972fc0cc7a600ae8914,Swapnil Patil,6357f972fc0cc7a600ae8914,4/14/2026 18:36,5/13/2026 9:01,,5/13/2026 9:01,,AMSQUAD Sprint 26.06,5/13/2026 0:00,0,QA-Board-View,Regression,,,,,"{quote}* *I want* automated *Ugift CSR* flows identified and implemented based on *S2605‑03* findings
* *So that* CSR Ugift paths are covered and protected in nightly regression  
*Scope:* V2, CSR only. Identify and automate in‑scope CSR Ugift flows for V2; wire into nightly regression suite/tagging as defined in S2605‑03. *Out:* Member Ugift flows (covered in *S2605‑05*).{quote}",,Swapnil Patil,,,6357f972fc0cc7a600ae8914,,,,,,,,,,,,,,,,,,,,,,,,,,,,,,,,,,,,"{noformat}Scenario: Spike-linked flow passes
  Given spike S2605-03 lists flow F as P1 CSR Ugift
  When automation for F runs on Stage 1
  Then F completes with agreed assertions

Scenario: Tagging
  Given merged tests for F
  Then scenarios carry agreed smoke/regression tags per spike table{noformat}",,,,,ApprovalsCFValue{approvals=[]},,,,,,,,,,,,,,,,,,,,,,,,,,,,,,,,,,,,,,,,,,,,,,,,,,,{},,,,,,,,,,,,,,,,,,,,,,,,,,,,,,,,,,,,,,,,,,,,,,,,,,,,,,,,,,,,,,,,,,,,,,,,,,,,,,,,,,,,,,,,,,,,,,,,,0|i127i3:0chr,,,,,,,,,,,,,,,,,,,,,,,,,,,,,,,,,,,,,,,,,,,AMSQUAD Sprint 26.06 4/29-5/12,,,5/7/2026 0:00,,3,,,,,,,,,,,,,,,,,,,,,,,,,,,,,,,,3_*:*_1_*:*_0_*|*_10409_*:*_1_*:*_27931_*|*_10000_*:*_1_*:*_1953890042,,,,,,,,,,,,,,,,,,,,,,,,,,,,,,,,,,,225845,QA-3,"Update regression test plan for Unite, Universal",Done,5/13/2026 9:01
"[V2][Spike] Ugift — CSR + member coverage, data, gaps, story breakdown",QA-625,313681,Spike,Done,QA,QA Automation,software,Timothy Kaufman,6418909f67102fc717c0b0d8,"{quote}Automation & Performance Testing Center of Excellence 


Tracks test strategy, execution, CI results, risk mitigation, and engineering dashboards.  


Project lead: Swapnil Patil (Functional) | Timothy Kaufman (JIRA Admin){quote}",https://confluence.ascensus.com/pages/viewpage.action?pageId=315559619,Low,Done,VENKATESH MALLELA,712020:1a2ec93a-8616-4589-a831-b49300d8cab7,Swapnil Patil,6357f972fc0cc7a600ae8914,Swapnil Patil,6357f972fc0cc7a600ae8914,4/14/2026 18:33,4/28/2026 12:28,,4/28/2026 7:25,,AMSQUAD Sprint 26.05,4/28/2026 0:00,0,QA-Board-View,Regression,,,,,"* *I want* a short research pass on *Ugift* flows and automation
* *So that* follow-on Stories *S2605-04* / *S2605-05* are scoped to real gaps

*Scope*

* *Portal:* CSR and member. *Stack:* V2.
* *Ugift repo paths / feature names:* *Needs Validation* — no {{ugift}} string in {{docs/jira-governance}} search; inventory must be done in *prime-test-automation* (or owning repo) and pasted into findings.

*Research questions*

# Where are Ugift scenarios (if any) in V2 automation?
# What data setup / secrets / env flags are required?
# What is already covered vs missing for smoke vs regression?
# Which flows are P1 for CSR vs member?

*Deliverables*

* Findings doc (Confluence or Story comment) with links to paths/commits.
* Recommended story breakdown + list of test cases to automate with proposed tags ({{@smoke}} / {{@regression}} — *Needs Validation* against team convention).

*Definition of Done*

* Deliverables linked from Spike.
* Explicit “no automation found” OR list of files/suites.

*Dependencies / Risks*

* *Risk:* No Ugift code in expected repo — escalate product owner.",,,,,,,,,,,,,,,,,,,,,,,,,,,,,,,,,,,,,,,,,,,,,,ApprovalsCFValue{approvals=[]},,,,,,,,,,,,,,,,,,,,,,,,,,,,,,,,,,,,,,,,,,,,,,,,,,,{},,,,,,,,,,,,,,,,,,,,,,,,,,,,,,,,,,,,,,,,,,,,,,,,,,,,,,,,,,,,,,,,,,,,,,,,,,,,,,,,,,,,,,,,,,,,,,,,,0|i127i3:0001y,,,,,,,,,,,,,,,,,,,,,,,,,,,,,,,,,,,,,,,,,,,AMSQUAD Sprint 26.05 4/15-4/28,,,,,2,,,,,,,,,,,,,,,,,,,,,,,,,,,,,,,,3_*:*_1_*:*_0_*|*_10409_*:*_1_*:*_555_*|*_10000_*:*_1_*:*_1069104291,,,,,,,,,,,,,,,,,,,,,,,,,,,,,,,,,,,225845,QA-3,"Update regression test plan for Unite, Universal",Done,4/28/2026 7:25
[V2][CSR][Exchange] Filter accounts for Exchange — custom + annual criteria,QA-624,313678,Story,Done,QA,QA Automation,software,Timothy Kaufman,6418909f67102fc717c0b0d8,"{quote}Automation & Performance Testing Center of Excellence 


Tracks test strategy, execution, CI results, risk mitigation, and engineering dashboards.  


Project lead: Swapnil Patil (Functional) | Timothy Kaufman (JIRA Admin){quote}",https://confluence.ascensus.com/pages/viewpage.action?pageId=315559619,Low,Done,VENKATESH MALLELA,712020:1a2ec93a-8616-4589-a831-b49300d8cab7,Swapnil Patil,6357f972fc0cc7a600ae8914,Swapnil Patil,6357f972fc0cc7a600ae8914,4/14/2026 18:23,4/22/2026 13:34,,4/22/2026 13:33,,AMSQUAD Sprint 26.05,4/22/2026 0:00,0,QA-Board-View,Regression,,,,,"* *As a* QA automation engineer
* *I want* automation that selects *only eligible accounts* for CSR *Exchange* (custom and annual paths) per business rules
* *So that* exchange scenarios do not pull ineligible accounts and nightly regression stays reliable

*Scope*

* *Portal:* CSR only.
* *Stack:* V2 (legacy / Ant / Jenkins per program).
* *In:* Account-selection / filtering logic aligned to *Custom Exchange* and *Annual Exchange* CSR flows; reuse or extend patterns described in KB {{jira-export.csv}} (e.g. CSR custom exchange locators in {{csr_element_locators.txt}} / {{common_element_locators.txt}}, {{unite-automation.jar}}, tags {{@regression}} / {{@dailyrun}}). Reference exchange-related Jira narratives: *QA-531*, *QA-533* (custom/annual CSR/member context).
* *Out:* Member portal (see *S2605-02*).



*Definition of Done*

* Merged to integration branch; V2 job green for in-scope tags.
* SME/QA Lead comment with rule summary or link to testcase CSV row names used.
* Evidence: report link or Jenkins job URL.",,,,,,,,,,,,,,,,,,,,,,,,,,,,,,,,,,,,,,,,,"{noformat}Scenario: Custom exchange account filter
  Given CSR exchange automation runs with test data marked for custom exchange eligibility
  When accounts are resolved for a custom exchange scenario
  Then only accounts meeting agreed custom-exchange rules are selected (ineligible excluded or asserted as blocked)

Scenario: Annual exchange account filter
  Given CSR exchange automation runs with test data for annual exchange
  When accounts are resolved for an annual exchange scenario
  Then only accounts meeting agreed annual-exchange rules are selected

Scenario: Regression safety
  Given existing CSR exchange scenarios in regression
  When this Story is merged
  Then previously passing tagged scenarios still pass unless a linked defect changes expected behavior{noformat}",,,,,ApprovalsCFValue{approvals=[]},,,,,,,,,,,,,,,,,,,,,,,,,,,,,,,,,,,,,,,,,,,,,,,,,,,{},,,,,,,,,,,,,,,,,,,,,,,,,,,,,,,,,,,,,,,,,,,,,,,,,,,,,,,,,,,,,,,,,,,,,,,,,,,,,,,,,,,,,,,,,,,,,,,,,0|i127i3:0001x,,,,,,,,,,,,,,,,,,,,,,,,,,,,,,,,,,,,,,,,,,,AMSQUAD Sprint 26.05 4/15-4/28,,,4/20/2026 0:00,,2,,,,,,,,,,,,,,,,,,,,,,,,,,,,,,,,3_*:*_1_*:*_0_*|*_10409_*:*_1_*:*_589_*|*_10000_*:*_1_*:*_469741419,,,,,,,,,,,,,,,,,,,,,,,,,,,,,,,,,,,225845,QA-3,"Update regression test plan for Unite, Universal",Done,4/22/2026 13:33
[V2] Spike: Analyze daily regression for concurrent failures & flaky tests — stabilization plan,QA-582,310658,Spike,Done,QA,QA Automation,software,Timothy Kaufman,6418909f67102fc717c0b0d8,"{quote}Automation & Performance Testing Center of Excellence 


Tracks test strategy, execution, CI results, risk mitigation, and engineering dashboards.  


Project lead: Swapnil Patil (Functional) | Timothy Kaufman (JIRA Admin){quote}",https://confluence.ascensus.com/pages/viewpage.action?pageId=315559619,Medium,Done,VENKATESH MALLELA,712020:1a2ec93a-8616-4589-a831-b49300d8cab7,Swapnil Patil,6357f972fc0cc7a600ae8914,Swapnil Patil,6357f972fc0cc7a600ae8914,4/7/2026 10:04,5/11/2026 8:13,,4/28/2026 3:29,,AMSQUAD Sprint 26.05,4/28/2026 0:00,0,QA-Board-View,Regression,,,,,"h2. Context

Prime V2 / Unite daily regression results are published under the internal report server (folder per run day). Failures may be *product defects*, *data*, *environment*, or *flaky automation*. Triage burns time when we do not systematically compare *across days* and detect *same-run clusters* and *pass/fail flip* patterns.

This spike is *research only*: use *Unite daily report folders* + *qTest* to identify *concurrent failure clusters* and *flaky candidates*, then produce *evidence-backed* fix options and follow-up Stories/Bugs.

h2. Evidence locations

* *Daily runs:* [http://seleniumhubnt2:8081/reports/unite/?C=M;O=D|http://seleniumhubnt2:8081/reports/unite/?C=M;O=D] — open the folder for each execution date; use the generated report(s) (e.g. PDF/HTML) for that day.
* *qTest:* correlate Test Cycle ID (CL-*) and Test Run ID (TR-*) from the report detail table with qTest execution records.

h2. Scope

* *In:* PRIME / Unite regression reports for *N* consecutive run days, failure correlation, classification (flaky vs env vs data vs defect), recommended mitigations and backlog items.
* *Out:* Production app code changes within the spike; full suite rewrite; permanent quarantine without PO/Tech Lead approval.

h2. Time box

* [*e.g. 3–5 engineering days*|https://confluence.ascensus.com/#]

h2. Spike output (definition of done for the Spike)

# Confluence page (or team doc): *Unite V2 Regression Stabilization — Findings & Backlog*
# Table: *Concurrent failure clusters* (same date + module): tests, TR ids, frequency, suspected category.
# Table: *Flaky candidates* (same TR-* with Failed and Passed rows on same day, or pass/fail flip across days without code merge): test name, module, CL-*, evidence (link to report folder for that day on seleniumhubnt2).
# Ranked *hypotheses* and *validation steps* per cluster (low-cost first).
# *Follow-up* items: Story/Bug/Sub-task candidates with owner *role* and priority (P0/P1/P2).",,Swapnil Patil,,,6357f972fc0cc7a600ae8914,,,,,,,,,,,,,,,,,,,,,,,,,,,,,,,,,,,,"* *N ≥ [NEED_INPUT, e.g. 10]* distinct *day folders* under {{reports/unite/}} analyzed; dates listed.
* *Concurrent cluster* table: ≥ *3* meaningful clusters _or_ documented “none significant” with method.
* *Flaky candidate* table: each row includes *test case name*, *module*, *CL-*_,_ *_TR-_* pattern, *day(s)*, *link* to {{http://seleniumhubnt2:8081/reports/unite/<date-folder>/...}} (specific path as applicable).
* Top clusters have *ranked causes* + *validation steps*.
* *≥ 3* follow-up items (Story/Bug) with *priority* and *owner role*.
* Stakeholders for daily regression (e.g. parent QA story) *notified* per team norm.
* No *secrets, credentials, or PII* in widely shared doc body.",,,,,ApprovalsCFValue{approvals=[]},,,,,,,,,,,,,,,,,,,,,,,,,,,,,,,,,,,,,,,,,,,,,,,,,,,{},,,,,,,,,,,,,,,,,,,,,,,,,,,,,,,,,,,,,,,,,,,,,,,,,,,,,,,,,,,,,,,,,,,,,,,,,,,,,,,,,,,,,,,,,,,,,,,,,0|i127i3:0001v,,,,,,,,,,,,,,,,,,,,,,,,,,,,,,,,,,,,,,,,,,,AMSQUAD Sprint 26.05 4/15-4/28,,,,,2,,,,,,,,,,,,,,,,,,,,,,,,,,,,,,,,3_*:*_1_*:*_0_*|*_10409_*:*_1_*:*_120321_*|*_10000_*:*_1_*:*_1374807958,,,,,,,,,,,,,,,,,,,,,,,,,,,,,,,,,,,225845,QA-3,"Update regression test plan for Unite, Universal",Done,4/28/2026 3:29
Regression Fix-KSD and MID moved to IDP update to Non- IDP Plans,QA-579,310564,Story,Done,QA,QA Automation,software,Timothy Kaufman,6418909f67102fc717c0b0d8,"{quote}Automation & Performance Testing Center of Excellence 


Tracks test strategy, execution, CI results, risk mitigation, and engineering dashboards.  


Project lead: Swapnil Patil (Functional) | Timothy Kaufman (JIRA Admin){quote}",https://confluence.ascensus.com/pages/viewpage.action?pageId=315559619,Low,Done,VENKATESH MALLELA,712020:1a2ec93a-8616-4589-a831-b49300d8cab7,VENKATESH MALLELA,712020:1a2ec93a-8616-4589-a831-b49300d8cab7,VENKATESH MALLELA,712020:1a2ec93a-8616-4589-a831-b49300d8cab7,4/7/2026 5:23,4/9/2026 16:59,,4/9/2026 16:59,,AMSQUAD Sprint 26.04,4/9/2026 0:00,0,Contrib,QA-Board-View,Regression,,,,"* Regression Fix-KSD and MID moved to IDP update to Non- IDP Plans

*Plans:* NYD, NYB, NYA, COD

*Automation Work:*

* Feature: WebRegistration{{.feature}},WebLogin.feature,Contribution.feature
* Tags: {{@regression}}, {{@dailyrun}}",,VENKATESH MALLELA,,,712020:1a2ec93a-8616-4589-a831-b49300d8cab7,,,,,,,,,,,,,,,,,,,,,,,,,,,,,,,,QA Automation,,,,"* *AC1* — In the relevant regression suite(s), *KSD* and *MID* personal-information (or agreed “profile update”) jobs are *classified and named as IDP* (not left under “Non-IDP” if product/suite standard says they are IDP).
* *AC2* — There is *no duplicate* active test definition for the same traunch + feature + tag combo (e.g. same KSD {{PersonalInformation}} block repeated with conflicting IDP/Non-IDP labels) unless intentionally one smoke and one daily with clear ownership.
* *AC3* — Comments/README/suite headers that describe *IDP vs Non-IDP* for account maintenance *match* the new KSD/MID placement.

h3. Execution and auth behavior

* *AC4* — *KSD* and *MID* profile-update scenarios *run green* with {{@regression and @dailyrun}} (or the tags your fix uses) using the *IDP-appropriate* configuration (URLs, login/MFA, step definitions, or data) — i.e. not still assuming legacy-only paths if the app now treats them as IDP.
* *AC5* — *Non-IDP* representatives for the same capability (e.g. other direct/able plans still tagged Non-IDP in the suite) *still execute and pass*; the change does not remove required Only-Non-IDP coverage.",,,,,ApprovalsCFValue{approvals=[]},,,,,,,,,,,,,,,,,,,,,,,,,,,,,,,,,,,,,,,,,,,,,,,,,,,{},,,,,,,,,,,,,,,,,,,,,,,,,,,,,,,,,,,,,,,,,,,,,,,,,,,,,,,,,,,,,,,,,,,,,,,,,,,,,,,,,,,,,,,,,,,,,,,,,0|i153hc:,,,,,,,,,,,,,,,,,,,,,,,,,,,,,,,,,,,,,,,,,,,AMSQUAD Sprint 26.04 4/1-4/14,,,4/7/2026 0:00,,3,,,,,,,,,,,,,,,,,,,,,,,,,,,,,,,,3_*:*_1_*:*_94986013_*|*_10409_*:*_1_*:*_372047_*|*_10420_*:*_1_*:*_0,,,,,,,,,,,,,,,,,,,,,,,,,,,,,,,,,,,225845,QA-3,"Update regression test plan for Unite, Universal",Done,4/9/2026 16:59
[V2][INVOPT]Automatic Dollar Cost Averaging (DCA) for CSR Advisor plan,QA-550,309026,Story,Done,QA,QA Automation,software,Timothy Kaufman,6418909f67102fc717c0b0d8,"{quote}Automation & Performance Testing Center of Excellence 


Tracks test strategy, execution, CI results, risk mitigation, and engineering dashboards.  


Project lead: Swapnil Patil (Functional) | Timothy Kaufman (JIRA Admin){quote}",https://confluence.ascensus.com/pages/viewpage.action?pageId=315559619,Low,Done,VENKATESH MALLELA,712020:1a2ec93a-8616-4589-a831-b49300d8cab7,VENKATESH MALLELA,712020:1a2ec93a-8616-4589-a831-b49300d8cab7,VENKATESH MALLELA,712020:1a2ec93a-8616-4589-a831-b49300d8cab7,4/1/2026 5:55,5/11/2026 8:13,,4/15/2026 9:20,,AMSQUAD Sprint 26.05,,0,Contrib,QA-Board-View,Regression,,,,"* Automate *csr -Based* Investment options for Automatic Dollar Cost Averaging for CSR for Advisor Plan

*Plans:* AKD, AKB, AKA

*Automation Work:*

* Feature: InvestmentOptions{{.feature}}
* Tags: {{@regression}}, {{@dailyrun}}",,VENKATESH MALLELA,,,712020:1a2ec93a-8616-4589-a831-b49300d8cab7,,,,,,,,,,,,,,,,,,,,,,,,,,,,,,,,QA Automation,,,,"h3. Scope (this feature file)

CSR completes *Automatic Dollar Cost Averaging* for a member account (with outbound/inbound fund allocation per test data), then automation *persists and validates* the financial instructions in the same way as the existing annual-exchange validation path.

----

h3. Preconditions

* CSR can open the configured *CSR login* URL and run with *browser + Unite DB* as in the Background.
* *Test cases* load from the associated CSV (e.g. {{AutomaticDollarCost.csv}}) with valid {{USERNAME}}, {{PASSWORD}}, account mapping from *pull account information*, and fields such as {{OUTGOING_FUNDS}}, {{INCOMING_FUNDS}}, {{FORCE_EXISTING}}, {{FUTUREALLOC}}, {{INCOMING_FUND_*}}, {{REASON_CODE}}, {{TRANS_CHANNEL}} as required by the harness.

----

h3. CSR journey (Background + first steps)

# CSR *logs in* using the test case credentials.
# CSR *pulls account information* so the scenario account is available.
# CSR *jumps to the member account* by account number from test data.

----

h3. Automatic Dollar Cost flow (*When* – high level)

# From member servicing, CSR opens *Change investment options* and starts *Automatic Dollar Cost Averaging* (DCA entry point), not the one-time “Exchange now” annual-exchange entry (unless product maps them intentionally).
# When shown, CSR can complete *source portfolio* selection (automation may pick a random option when multiple {{srcPortfolioId}} radios exist).
# After fund allocation steps, when shown, automation may set *run frequency* (e.g. M/Q/H/Y), *run day* (1–31), and *stop date* consistent with product rules (automation: *20 months after* parsed start on {{form_startDate}}, or *today* if start is missing—per your step implementation).
# *Outgoing* fund instructions are created per test data ({{createAllMoneyOutInstructions}}).
# If {{REASON_CODE}} is required (not {{N}}), a *Reason Code* is supplied.
# *Incoming* allocations are applied per test data (including {{FORCE_EXISTING}} and fund-type rules), using *percent*-style allocation consistent with the annual-exchange validation ({{INCOMING_TXN_TYPE}} / {{OUTGOING_TXN_TYPE}} = PERCENT in validation).
# CSR proceeds through *Next*, handles *large-amount* popup when balance > 50k, *skip class* (advisor) and *transaction channel* (ABLE CSR prompt) when applicable, *submits*, confirms *invoice* prompt if shown, and finishes with *Done*.",,,,,ApprovalsCFValue{approvals=[]},,,,,,,,,,,,,,,,,,,,,,,,,,,,,,,,,,,,,,,,,,,,,,,,,,,{},,,,,,,,,,,,,,,,,,,,,,,,,,,,,,,,,,,,,,,,,,,,,,,,,,,,,,,,,,,,,,,,,,,,,,,,,,,,,,,,,,,,,,,,,,,,,,,,,0|i127i3:0001,,,,,,,,,,,,,,,,,,,,,,,,,,,,,,,,,,,,,,,,,,,AMSQUAD Sprint 26.05 4/15-4/28,,,4/1/2026 0:00,,2,,,,,,,,,,,,,,,,,,,,,,,,,,,,,,,,3_*:*_1_*:*_0_*|*_10409_*:*_1_*:*_68393,,,,,,,,,,,,,,,,,,,,,,,,,,,,,,,,,,,225845,QA-3,"Update regression test plan for Unite, Universal",Done,4/15/2026 9:20
 Automatic Dollar Cost Averaging for CSR Direct plan,QA-537,308291,Story,Done,QA,QA Automation,software,Timothy Kaufman,6418909f67102fc717c0b0d8,"{quote}Automation & Performance Testing Center of Excellence 


Tracks test strategy, execution, CI results, risk mitigation, and engineering dashboards.  


Project lead: Swapnil Patil (Functional) | Timothy Kaufman (JIRA Admin){quote}",https://confluence.ascensus.com/pages/viewpage.action?pageId=315559619,Low,Done,VENKATESH MALLELA,712020:1a2ec93a-8616-4589-a831-b49300d8cab7,VENKATESH MALLELA,712020:1a2ec93a-8616-4589-a831-b49300d8cab7,VENKATESH MALLELA,712020:1a2ec93a-8616-4589-a831-b49300d8cab7,3/30/2026 2:50,5/11/2026 8:17,,4/9/2026 16:59,,AMSQUAD Sprint 26.04,4/9/2026 0:00,0,Contrib,QA-Board-View,Regression,,,,"* Automate *csr -Based* Investment options for Automatic Dollar Cost Averaging for CSR

*Plans:* AKD, AKB, AKA

*Automation Work:*

* Feature: InvestmentOptions{{.feature}}
* Tags: {{@regression}}, {{@dailyrun}}",,VENKATESH MALLELA,,,712020:1a2ec93a-8616-4589-a831-b49300d8cab7,,,,,,,,,,,,,,,,,,,,,,,,,,,30/Mar/26 2:50 AM;1a5453f4-c95a-4f0b-99e4-45c571bc293d;image-20260330-065032.png;https://ascensuscollegesavings.atlassian.net/rest/api/3/attachment/content/82349,30/Mar/26 2:50 AM;1a5453f4-c95a-4f0b-99e4-45c571bc293d;image-20260330-065036.png;https://ascensuscollegesavings.atlassian.net/rest/api/3/attachment/content/82350,30/Mar/26 2:50 AM;1a5453f4-c95a-4f0b-99e4-45c571bc293d;image-20260330-065041.png;https://ascensuscollegesavings.atlassian.net/rest/api/3/attachment/content/82351,30/Mar/26 2:52 AM;1a5453f4-c95a-4f0b-99e4-45c571bc293d;image-20260330-065201.png;https://ascensuscollegesavings.atlassian.net/rest/api/3/attachment/content/82352,30/Mar/26 2:52 AM;1a5453f4-c95a-4f0b-99e4-45c571bc293d;image-20260330-065226.png;https://ascensuscollegesavings.atlassian.net/rest/api/3/attachment/content/82353,QA Automation,,,,"h3. Scope (this feature file)

CSR completes *Automatic Dollar Cost Averaging* for a member account (with outbound/inbound fund allocation per test data), then automation *persists and validates* the financial instructions in the same way as the existing annual-exchange validation path.

----

h3. Preconditions

* CSR can open the configured *CSR login* URL and run with *browser + Unite DB* as in the Background.
* *Test cases* load from the associated CSV (e.g. {{AutomaticDollarCost.csv}}) with valid {{USERNAME}}, {{PASSWORD}}, account mapping from *pull account information*, and fields such as {{OUTGOING_FUNDS}}, {{INCOMING_FUNDS}}, {{FORCE_EXISTING}}, {{FUTUREALLOC}}, {{INCOMING_FUND_*}}, {{REASON_CODE}}, {{TRANS_CHANNEL}} as required by the harness.

----

h3. CSR journey (Background + first steps)

# CSR *logs in* using the test case credentials.
# CSR *pulls account information* so the scenario account is available.
# CSR *jumps to the member account* by account number from test data.

----

h3. Automatic Dollar Cost flow (*When* – high level)

# From member servicing, CSR opens *Change investment options* and starts *Automatic Dollar Cost Averaging* (DCA entry point), not the one-time “Exchange now” annual-exchange entry (unless product maps them intentionally).
# When shown, CSR can complete *source portfolio* selection (automation may pick a random option when multiple {{srcPortfolioId}} radios exist).
# After fund allocation steps, when shown, automation may set *run frequency* (e.g. M/Q/H/Y), *run day* (1–31), and *stop date* consistent with product rules (automation: *20 months after* parsed start on {{form_startDate}}, or *today* if start is missing—per your step implementation).
# *Outgoing* fund instructions are created per test data ({{createAllMoneyOutInstructions}}).
# If {{REASON_CODE}} is required (not {{N}}), a *Reason Code* is supplied.
# *Incoming* allocations are applied per test data (including {{FORCE_EXISTING}} and fund-type rules), using *percent*-style allocation consistent with the annual-exchange validation ({{INCOMING_TXN_TYPE}} / {{OUTGOING_TXN_TYPE}} = PERCENT in validation).
# CSR proceeds through *Next*, handles *large-amount* popup when balance > 50k, *skip class* (advisor) and *transaction channel* (ABLE CSR prompt) when applicable, *submits*, confirms *invoice* prompt if shown, and finishes with *Done*.",,,,,ApprovalsCFValue{approvals=[]},,,,,,,,,,,,,,,,,,,,,,,,,,,,,,,,,,,,,,,,,,,,,,,,,,,{},,,,,,,,,,,,,,,,,,,,,,,,,,,,,,,,,,,,,,,,,,,,,,,,,,,,,,,,,,,,,,,,,,,,,,,,,,,,,,,,,,,,,,,,,,,,,,,,,0|i11a9t:zzw,,,,,,,,,,,,,,,,,,,,,,,,,,,,,,,,,,,,,,,,,,,AMSQUAD Sprint 26.04 4/1-4/14,,,4/2/2026 0:00,,3,,,,,,,,,,,,,,,,,,,,,,,,,,,,,,,,3_*:*_2_*:*_239589488_*|*_10409_*:*_2_*:*_8468878_*|*_10000_*:*_2_*:*_119616460_*|*_10420_*:*_1_*:*_0,,,,,,,,,,,,,,,,,,,,,,,,,,,,,,,,,,,225845,QA-3,"Update regression test plan for Unite, Universal",Done,4/9/2026 16:59
Investment Options for Future Investment Exchange for Member Portal,QA-535,308000,Story,Done,QA,QA Automation,software,Timothy Kaufman,6418909f67102fc717c0b0d8,"{quote}Automation & Performance Testing Center of Excellence 


Tracks test strategy, execution, CI results, risk mitigation, and engineering dashboards.  


Project lead: Swapnil Patil (Functional) | Timothy Kaufman (JIRA Admin){quote}",https://confluence.ascensus.com/pages/viewpage.action?pageId=315559619,Low,Done,VENKATESH MALLELA,712020:1a2ec93a-8616-4589-a831-b49300d8cab7,VENKATESH MALLELA,712020:1a2ec93a-8616-4589-a831-b49300d8cab7,VENKATESH MALLELA,712020:1a2ec93a-8616-4589-a831-b49300d8cab7,3/27/2026 7:48,4/9/2026 16:59,,4/9/2026 16:59,,AMSQUAD Sprint 26.04,4/9/2026 0:00,0,Contrib,QA-Board-View,Regression,,,,"* Automate *Member -Based* Investment options for Future Exchange for Member Portal

*Plans:* NYD, NYB, NYA, COD

*Automation Work:*

* Feature: InvestmentOptions{{.feature}}
* Tags: {{@regression}}, {{@dailyrun}}",,VENKATESH MALLELA,,,712020:1a2ec93a-8616-4589-a831-b49300d8cab7,,,,,,,,,,,,,,,,,,,,,,,,,,,,,,,,QA Automation,,,,"# Member can open the *member portal* and authenticate for an *Investment options / MFA* test account (including *2FA* when the account requires it).
# Member can *select the correct account* and *load account details* needed for the investment transaction.

*Navigation (investment options)*

# Member can open *change investments* (*Member change investments*).
# Member starts the transaction from *allocations for future contributions* (not *annual exchange now*).

*Exchange (out / in)*

# Member can complete *money out* for all current holdings on the account used in the scenario (automation builds instructions for every fund on the pulled account; data usually targets accounts with the expected fund count, e.g. *two funds out*).
# Member can complete *money in* to the target number of funds (e.g. *three funds*) using *percent* allocations that *total 100%* for eligible incoming funds on the page.
# Where the plan shows *ABLE / “capture caller”*-style prompts, the flow can still be completed per test data (channel *primary account owner* when applicable).

*Submit & finish*

# Member can move through *Next*, *Submit*, and *Done* and land on a *completed* state for the transaction.
# *Equity wash sale* (or similar hard blocks) does not stop the *happy path* for a valid test account.

*Regression / tagging*

# Agreed scenarios (e.g. *@dailyrun* examples such as *Exchange 2 funds to 3 funds*, plus *@functionalrun* cases if enabled) complete successfully with no change to intended business rules—only fixes for defects explicitly in scope.

*Validation / reporting (optional, per suite)*

# If the team *enables* {{Then log and validate annual exchange for <test case name>}}, post-submit checks ({{TU_FIN_*}} / allocation checks when {{FUTUREALLOC=Y}}) match the testcase; until then, passing the *UI flow* is what the current member feature encodes when that step stays commented out.",,,,,ApprovalsCFValue{approvals=[]},,,,,,,,,,,,,,,,,,,,,,,,,,,,,,,,,,,,,,,,,,,,,,,,,,,{},,,,,,,,,,,,,,,,,,,,,,,,,,,,,,,,,,,,,,,,,,,,,,,,,,,,,,,,,,,,,,,,,,,,,,,,,,,,,,,,,,,,,,,,,,,,,,,,,0|i11a9t:zz,,,,,,,,,,,,,,,,,,,,,,,,,,,,,,,,,,,,,,,,,,,AMSQUAD Sprint 26.04 4/1-4/14,,,4/2/2026 0:00,,3,,,,,,,,,,,,,,,,,,,,,,,,,,,,,,,,3_*:*_2_*:*_355418394_*|*_10409_*:*_2_*:*_963776_*|*_10000_*:*_2_*:*_147565528_*|*_10420_*:*_2_*:*_365526462,,,,,,,,,,,,,,,,,,,,,,,,,,,,,,,,,,,225845,QA-3,"Update regression test plan for Unite, Universal",Done,4/9/2026 16:59
Fix for Annual Exchange for Direct plan for member Portal and Custom exchange for Csr,QA-531,307746,Story,Done,QA,QA Automation,software,Timothy Kaufman,6418909f67102fc717c0b0d8,"{quote}Automation & Performance Testing Center of Excellence 


Tracks test strategy, execution, CI results, risk mitigation, and engineering dashboards.  


Project lead: Swapnil Patil (Functional) | Timothy Kaufman (JIRA Admin){quote}",https://confluence.ascensus.com/pages/viewpage.action?pageId=315559619,Low,Done,VENKATESH MALLELA,712020:1a2ec93a-8616-4589-a831-b49300d8cab7,VENKATESH MALLELA,712020:1a2ec93a-8616-4589-a831-b49300d8cab7,VENKATESH MALLELA,712020:1a2ec93a-8616-4589-a831-b49300d8cab7,3/26/2026 10:19,5/11/2026 8:17,,4/6/2026 10:12,,AMSQUAD Sprint 26.04,,0,Contrib,QA-Board-View,Regression,,,,"* Fix for Annual Exchange for Direct plan for member Portal and Custom exchange for Csr

*Plans:* NYD, NYB, NYA, COD

*Automation Work:*

* Feature: InvestmentOptions{{.feature}}
* Tags: {{@regression}}, {{@dailyrun}}",,VENKATESH MALLELA,,,712020:1a2ec93a-8616-4589-a831-b49300d8cab7,,,,,,,,,,,,,,,,,,,,,,,,,,,,,,,,QA Automation,,,,"# *No change to business rules* — Fixes are *UI/locator/build* only; fund counts, limits, and validation rules for annual vs custom exchange are unchanged unless separately specified.
# *Evidence* — At least one successful run log or report attached for *member Annual Exchange (Direct)* and one for *CSR Custom Exchange* after the fix.",,,,,ApprovalsCFValue{approvals=[]},,,,,,,,,,,,,,,,,,,,,,,,,,,,,,,,,,,,,,,,,,,,,,,,,,,{},,,,,,,,,,,,,,,,,,,,,,,,,,,,,,,,,,,,,,,,,,,,,,,,,,,,,,,,,,,,,,,,,,,,,,,,,,,,,,,,,,,,,,,,,,,,,,,,,0|i11a9t:zi,,,,,,,,,,,,,,,,,,,,,,,,,,,,,,,,,,,,,,,,,,,AMSQUAD Sprint 26.04 4/1-4/14,,,4/6/2026 0:00,,3,,,,,,,,,,,,,,,,,,,,,,,,,,,,,,,,3_*:*_1_*:*_76455749_*|*_10409_*:*_2_*:*_1430117_*|*_10000_*:*_2_*:*_28971_*|*_10420_*:*_1_*:*_377645557,,,,,,,,,,,,,,,,,,,,,,,,,,,,,,,,,,,225845,QA-3,"Update regression test plan for Unite, Universal",Done,4/6/2026 10:12
Investment Options for Custom Exchange for Member Portal,QA-530,307677,Story,Done,QA,QA Automation,software,Timothy Kaufman,6418909f67102fc717c0b0d8,"{quote}Automation & Performance Testing Center of Excellence 


Tracks test strategy, execution, CI results, risk mitigation, and engineering dashboards.  


Project lead: Swapnil Patil (Functional) | Timothy Kaufman (JIRA Admin){quote}",https://confluence.ascensus.com/pages/viewpage.action?pageId=315559619,Low,Done,VENKATESH MALLELA,712020:1a2ec93a-8616-4589-a831-b49300d8cab7,VENKATESH MALLELA,712020:1a2ec93a-8616-4589-a831-b49300d8cab7,VENKATESH MALLELA,712020:1a2ec93a-8616-4589-a831-b49300d8cab7,3/26/2026 8:45,4/8/2026 8:18,,4/8/2026 1:59,,AMSQUAD Sprint 26.04,,0,Contrib,QA-Board-View,Regression,,,,"* Automate *Member -Based* Investment options for Custom Exchange for Member Portal

*Plans:* NYD, NYB, NYA, COD

*Automation Work:*

* Feature: InvestmentOptions{{.feature}}
* Tags: {{@regression}}, {{@dailyrun}}",,VENKATESH MALLELA,,,712020:1a2ec93a-8616-4589-a831-b49300d8cab7,,,,,,,,,,,,,,,,,,,,,,,,,,,,,,,,QA Automation,,,,"# Authenticated *member* can open *Investment options* (or equivalent) for an eligible account.
# Member can open *Change investments* / change investment options.
# Member can choose *Custom exchange* (not only annual exchange).
# Account is *eligible* for custom exchange (limits, fund count, plan rules); ineligible accounts show a clear message or the action is hidden/disabled.

*Outgoing (sell / exchange out)*

# Member can choose the *outgoing transaction type* (e.g. dollar / percent / units — per plan).
# Member can allocate *one or more source funds* with valid amounts per test data rules.
# Member can *Continue* from the outgoing step when totals/validations pass.
# If *age-based* funds apply, the UI exposes the expected control (e.g. show age-based options) when required.

*Incoming (buy / exchange in)*

# Member can choose the *incoming transaction type* (e.g. dollar-to-dollar, percent, etc.).
# Member can direct proceeds into the *target fund(s)* (including *existing fund* behavior when {{FORCE_EXISTING}} applies in your data model).
# Member can *Continue* to review/submit when validations pass.

*Submit & completion*

# Member can *Submit* the custom exchange and reach a *confirmation* / *Done* (or equivalent) success path.
# Large-amount or other *interstitial prompts* (if applicable) can be completed without losing the transaction context.",,,,,ApprovalsCFValue{approvals=[]},,,,,,,,,,,,,,,,,,,,,,,,,,,,,,,,,,,,,,,,,,,,,,,,,,,{},,,,,,,,,,,,,,,,,,,,,,,,,,,,,,,,,,,,,,,,,,,,,,,,,,,,,,,,,,,,,,,,,,,,,,,,,,,,,,,,,,,,,,,,,,,,,,,,,0|i11a9t:zx,,,,,,,,,,,,,,,,,,,,,,,,,,,,,,,,,,,,,,,,,,,AMSQUAD Sprint 26.04 4/1-4/14,,,4/7/2026 0:00,,3,,,,,,,,,,,,,,,,,,,,,,,,,,,,,,,,3_*:*_2_*:*_94650073_*|*_10409_*:*_2_*:*_824378_*|*_10000_*:*_2_*:*_553275968_*|*_10420_*:*_1_*:*_365565616,08/Apr/26 1:59 AM;712020:1a2ec93a-8616-4589-a831-b49300d8cab7;we don’t have Custom Exchange option for member portal so closing this Story the code we prepared will be used in Future…,,,,,,,,,,,,,,,,,,,,,,,,,,,,,,,,,,225845,QA-3,"Update regression test plan for Unite, Universal",Done,4/8/2026 1:59
Investment Allocation Future Exchange Update and Reset,QA-525,307407,Story,Done,QA,QA Automation,software,Timothy Kaufman,6418909f67102fc717c0b0d8,"{quote}Automation & Performance Testing Center of Excellence 


Tracks test strategy, execution, CI results, risk mitigation, and engineering dashboards.  


Project lead: Swapnil Patil (Functional) | Timothy Kaufman (JIRA Admin){quote}",https://confluence.ascensus.com/pages/viewpage.action?pageId=315559619,Low,Done,VENKATESH MALLELA,712020:1a2ec93a-8616-4589-a831-b49300d8cab7,VENKATESH MALLELA,712020:1a2ec93a-8616-4589-a831-b49300d8cab7,VENKATESH MALLELA,712020:1a2ec93a-8616-4589-a831-b49300d8cab7,3/25/2026 6:12,5/11/2026 8:17,,4/13/2026 9:29,,AMSQUAD Sprint 26.04,4/13/2026 0:00,0,Contrib,QA-Board-View,Regression,,,,"* Automate *Member -Based* Investment options for Feature Contribution

*Plans:* NYD, NYB, NYA, COD

*Automation Work:*

* Feature: InvestmentOptions{{.feature}}
* Tags: {{@regression}}, {{@dailyrun}}",,VENKATESH MALLELA,,,712020:1a2ec93a-8616-4589-a831-b49300d8cab7,,,,,,,,,,,,,,,,,,,,,,,,,,,,,,,,QA Automation,,,,"Account navigation — CSR can jump to the member account using account number 97398894401 from the testcase (ACCOUNTID in CSV; same pattern as other CSR “jump to account” steps).
Change investments — CSR can open Change Investment Options by using Member Change Investments Link and the page loads successfully (wait after navigation)
Future contribution allocations screen — CSR can open Allocations for Future Contributions via the dedicated control and the page loads
Set allocations — For each paired fund ID and percent from the testcase, CSR can enter the percentage in the future allocation inputs (semicolon-delimited lists, four funds):
1069026 — 25%
1069000 — 25%
1069010 — 25%
1069014 — 25%
(Total 100%)
Submit workflow — CSR can complete Next → Submit → Done with successful page transitions (waits between steps)
Confirmation text — After completion, visible content still includes the phrase “Allocations for Future Contributions”
Persistence — For ACCOUNTID 97398894401, rows in tu_acct_alloc (via query member.transactions.investments.get.investment.alloc) match the testcase: each FUND_ID with PERCENT_ALLOC 25, sorted by FUND_ID, exactly equal to the expected four-fund split ",,,,,ApprovalsCFValue{approvals=[]},,,,,,,,,,,,,,,,,,,,,,,,,,,,,,,,,,,,,,,,,,,,,,,,,,,{},,,,,,,,,,,,,,,,,,,,,,,,,,,,,,,,,,,,,,,,,,,,,,,,,,,,,,,,,,,,,,,,,,,,,,,,,,,,,,,,,,,,,,,,,,,,,,,,,0|i11a9t:w,,,,,,,,,,,,,,,,,,,,,,,,,,,,,,,,,,,,,,,,,,,AMSQUAD Sprint 26.04 4/1-4/14,,,4/8/2026 0:00,,3,,,,,,,,,,,,,,,,,,,,,,,,,,,,,,,,10415_*:*_1_*:*_441344266_*|*_3_*:*_3_*:*_499090367_*|*_10409_*:*_2_*:*_1107650_*|*_10000_*:*_3_*:*_217796337_*|*_10420_*:*_2_*:*_487765197,,,,,,,,,,,,,,,,,,,,,,,,,,,,,,,,,,,225845,QA-3,"Update regression test plan for Unite, Universal",Done,4/13/2026 9:29
Investment Options for Future Contribution for CSR,QA-522,306321,Story,Done,QA,QA Automation,software,Timothy Kaufman,6418909f67102fc717c0b0d8,"{quote}Automation & Performance Testing Center of Excellence 


Tracks test strategy, execution, CI results, risk mitigation, and engineering dashboards.  


Project lead: Swapnil Patil (Functional) | Timothy Kaufman (JIRA Admin){quote}",https://confluence.ascensus.com/pages/viewpage.action?pageId=315559619,Low,Done,VENKATESH MALLELA,712020:1a2ec93a-8616-4589-a831-b49300d8cab7,VENKATESH MALLELA,712020:1a2ec93a-8616-4589-a831-b49300d8cab7,VENKATESH MALLELA,712020:1a2ec93a-8616-4589-a831-b49300d8cab7,3/20/2026 5:48,4/8/2026 8:18,,4/6/2026 2:06,,AMSQUAD Sprint 26.04,,0,Contrib,QA-Board-View,Regression,,,,"* Automate *Member -Based* Investment options for Feature Contribution

*Plans:* NYD, NYB, NYA, COD

*Automation Work:*

* Feature: InvestmentOptions{{.feature}}
* Tags: {{@regression}}, {{@dailyrun}}",,VENKATESH MALLELA,,,712020:1a2ec93a-8616-4589-a831-b49300d8cab7,,,,,,,,,,,,,,,,,,,,,,,,,,,,,,,,QA Automation,,,,"# *Investment Options MFA account* — Get web-registered account via Investment Options MFA query.
# *Member login* — Log in to Member portal.
# *Two-factor PIN* — Pull and enter two-factor PIN from database when required.
# *Account selection* — Select account when multiple exist.
# *Pull account details* — Load account with funds for exchange.
# *Change investment options* → *Annual Exchange Now*.
# *Outgoing* — 100% out from selected fund(s) (by percent).
# *Incoming* — 100% into target fund(s) (by percent).
# *Future allocation* — Set Yes/No per test data.
# *Next* — Handle large amount, skip class, caller info as applicable.
# *Submit* — Complete exchange; accept confirmation/invoice popup; click Done.
# *Validate* — When enabled: log and validate annual exchange in DB.",,,,,ApprovalsCFValue{approvals=[]},,,,,,,,,,,,,,,,,,,,,,,,,,,,,,,,,,,,,,,,,,,,,,,,,,,{},,,,,,,,,,,,,,,,,,,,,,,,,,,,,,,,,,,,,,,,,,,,,,,,,,,,,,,,,,,,,,,,,,,,,,,,,,,,,,,,,,,,,,,,,,,,,,,,,0|i11a9t:x,,,,,,,,,,,,,,,,,,,,,,,,,,,,,,,,,,,,,,,,,,,AMSQUAD Sprint 26.04 4/1-4/14,,,4/6/2026 0:00,,5,,,,,,,,,,,,,,,,,,,,,,,,,,,,,,,,3_*:*_1_*:*_455768347_*|*_10409_*:*_2_*:*_731666_*|*_10000_*:*_2_*:*_174186_*|*_11552_*:*_1_*:*_533551883,,,,,,,,,,,,,,,,,,,,,,,,,,,,,,,,,,,225845,QA-3,"Update regression test plan for Unite, Universal",Done,4/6/2026 2:06
[V2][Member][Exchange] Filter accounts for Exchange — Future + annual criteria,QA-517,305982,Story,Done,QA,QA Automation,software,Timothy Kaufman,6418909f67102fc717c0b0d8,"{quote}Automation & Performance Testing Center of Excellence 


Tracks test strategy, execution, CI results, risk mitigation, and engineering dashboards.  


Project lead: Swapnil Patil (Functional) | Timothy Kaufman (JIRA Admin){quote}",https://confluence.ascensus.com/pages/viewpage.action?pageId=315559619,Low,Done,VENKATESH MALLELA,712020:1a2ec93a-8616-4589-a831-b49300d8cab7,VENKATESH MALLELA,712020:1a2ec93a-8616-4589-a831-b49300d8cab7,VENKATESH MALLELA,712020:1a2ec93a-8616-4589-a831-b49300d8cab7,3/19/2026 5:03,4/20/2026 9:03,,4/20/2026 9:03,,AMSQUAD Sprint 26.05,4/20/2026 0:00,0,QA-Board-View,Regression,,,,,"* Automate *Member -Based* Investment options for Custom Exchange

*Plans:* NYD, NYB, NYA, COD

*Automation Work:*

* Feature: InvestmentOptions{{.feature}}
* Tags: {{@regression}}, {{@dailyrun}}

----

* *As a* QA automation engineer
* *I want* the same *account filtering* concept as *S2605-01* applied to *member portal* exchange flows
* *So that* member custom and annual exchange automation uses eligible accounts only

*Scope*

* *Portal:* Member only (not CSR).
* *Stack:* V2.
* *In:* Filtering for *Custom* and *Annual* member exchange; KB references member exchange stories/subtasks (*QA-530*, *QA-534*, *QA-535*, *QA-536*, {{AnnualExchange.feature}} mentioned in {{jira-export.csv}}).
* *Out:* CSR exchange (S2605-01).



*Definition of Done*

* Merged; member exchange subset green on Stage 1.
* Tags documented ({{@regression}} / {{@dailyrun}} per program).
* Report evidence attached.",,VENKATESH MALLELA,,,712020:1a2ec93a-8616-4589-a831-b49300d8cab7,,,,,,,,,,,,,,,,,,,,,,,,,,,,,,,,,,,,"{noformat}Scenario: Member custom exchange eligible account
  Given member portal exchange automation with custom exchange test data
  When account resolution runs
  Then only eligible accounts proceed per SME rules

Scenario: Member annual exchange eligible account
  Given member portal annual exchange test data
  When account resolution runs
  Then only eligible accounts proceed per SME rules{noformat}",,,,,ApprovalsCFValue{approvals=[]},,,,,,,,,,,,,,,,,,,,,,,,,,,,,,,,,,,,,,,,,,,,,,,,,,,{},,,,,,,,,,,,,,,,,,,,,,,,,,,,,,,,,,,,,,,,,,,,,,,,,,,,,,,,,,,,,,,,,,,,,,,,,,,,,,,,,,,,,,,,,,,,,,,,,0|i127i3:0001xi,,,,,,,,,,,,,,,,,,,,,,,,,,,,,,,,,,,,,,,,,,,AMSQUAD Sprint 26.05 4/15-4/28,,,4/15/2026 0:00,,2,,,,,,,,,,,,,,,,,,,,,,,,,,,,,,,,10415_*:*_1_*:*_109575957_*|*_3_*:*_1_*:*_416244026_*|*_10409_*:*_2_*:*_969887221_*|*_10000_*:*_2_*:*_1268330346_*|*_10420_*:*_1_*:*_0,,,,,,,,,,,,,,,,,,,,,,,,,,,,,,,,,,,225845,QA-3,"Update regression test plan for Unite, Universal",Done,4/20/2026 9:03
